source_name,source_link,event_id,event_date,event_time,event_title,event_description,location_description,location_accuracy,landslide_category,landslide_trigger,landslide_size,landslide_setting,fatality_count,injury_count,storm_name,photo_link,notes,event_import_source,event_import_id,country_name,country_code,admin_division_name,admin_division_population,gazeteer_closest_point,gazeteer_distance,submitted_date,created_date,last_edited_date,longitude,latitude
timesofindia.indiatimes.com,http://timesofindia.indiatimes.com/city/kozhikode/Landslide-holds-up-traffic-at-Nadukani-for-hours-none-injured/articleshow/20771153.cms,4982,06/25/2013 08:00:00 AM,,"Thenpara, Kerala-Tamil Nadu Inter-State Highway, Nadukani Ghat Road Connecting Nilambur With Gudallur In Tamilnadu","The landslides occurred at First Hairpin Bend, Thenpara and Jaram regions of Ghat Road, after the heavy rain received at Nadukani last night. Efforts to clear the block began early morning on Tuesday by forest officials who arrived from Nellikkuthu.","Thenpara, Kerala-Tamil Nadu Inter-State Highway, Nadukani Ghat Road Connecting Nilambur With Gudallur In Tamilnadu",unknown,landslide,downpour,medium,unknown,0.0,,,,,glc,4982.0,India,IN,Tamil Nādu,31364.0,Kangayam,6.03885,04/01/2014 12:00:00 AM,11/20/2017 03:17:00 PM,02/15/2018 03:51:00 PM,77.5947,10.9628
timesofindia.indiatimes.com,http://timesofindia.indiatimes.com/city/kozhikode/Landslide-holds-up-traffic-at-Nadukani-for-hours-none-injured/articleshow/20771153.cms,4983,06/25/2013 08:00:00 AM,,"Jaram, Kerala-Tamil Nadu Inter-State Highway, Nadukani Ghat Road Connecting Nilambur With Gudallur In Tamilnadu","The landslides occurred at First Hairpin Bend, Thenpara and Jaram regions of Ghat Road, after the heavy rain received at Nadukani last night. Efforts to clear the block began early morning on Tuesday by forest officials who arrived from Nellikkuthu.","Jaram, Kerala-Tamil Nadu Inter-State Highway, Nadukani Ghat Road Connecting Nilambur With Gudallur In Tamilnadu",unknown,landslide,downpour,medium,unknown,0.0,,,,,glc,4983.0,India,IN,Tamil Nādu,31364.0,Kangayam,6.03885,04/01/2014 12:00:00 AM,11/20/2017 03:17:00 PM,02/15/2018 03:51:00 PM,77.5947,10.9628
ZeeNews India,http://zeenews.india.com/tamil-nadu/landslip-results-in-traffic-disruption-for-two-hours-2011036.html,9761,06/01/2017 01:34:00 PM,,Landslide near Coonooer,"Trees and boulders fell onto highway, cutting off traffic for two hours",Coonoor-Mettupalyam road near Kallar,5km,landslide,rain,small,above_road,0.0,0.0,,,,,,,,,,,,06/16/2017 01:34:00 PM,11/20/2017 03:17:00 PM,02/15/2018 03:51:00 PM,76.8694278,11.34165808
The Hindu,http://www.thehindu.com/news/cities/Mangalore/landslip-delays-train-movement/article18968245.ece,9730,06/12/2017 01:27:00 PM,,Landslide on tracks near Mangaluru,Landslide blocks train tracks on Southern Railway,"Near Mangaluru, on Southern Railway between Padil and Jokatte Stations",5km,landslide,rain,small,above_road,,,,,,,,,,,,,,06/15/2017 01:27:00 PM,11/20/2017 03:17:00 PM,02/15/2018 03:51:00 PM,74.85970453,12.89674168
Kerala Everyday,http://kerala.indiaeveryday.com/fullnews-four-killed-in-landslip-at-pangappara-in-thiruvananthapuram-1186-3594643.htm,9738,06/05/2017 01:34:00 PM,,Landslide in Construction site in Pangappara,Construction wall seemingly failed and caused a landslide in a construction zone,"Pangappara, near Thiruvananthapuram",5km,landslide,construction,medium,urban,4.0,1.0,,http://english.mathrubhumi.com/polopoly_fs/1.1991988!/image/image.jpg_gen/derivatives/landscape_607/image.jpg,,,,,,,,,,06/16/2017 01:34:00 PM,11/20/2017 03:17:00 PM,02/15/2018 03:51:00 PM,76.89785918,8.558668245
Times of India,http://timesofindia.indiatimes.com/city/mysuru/-Traffic-disrupted-for-4-hours-due-to-landslide/articleshow/9004179.cms?from=mdr,3659,06/27/2011 12:00:00 AM,,Madikeri-Mangalore highway,"Traffic was disrupted for four hours on Madikeri-Mangalore highway following a huge landslide, which dumped a lot of wet mud on to the road. It took the PWD over five hours to clear the road with the help of excavators. Deputy commissioner Chandregowda visited the spot with PWD engineers.   Since many landslides have been occurring at many spots along the Mangalore road, the deputy commissioner has instructed officials to deploy an excavator on the Mangalore road to remove road blocks whenever and wherever required. There are also many instances of roads being blocked by fallen trees and landslides of smaller intensities, in the interior parts of the district.  ",Madikeri-Mangalore highway,unknown,landslide,rain,medium,unknown,0.0,,,,,glc,3659.0,India,IN,Karnataka,53331.0,Puttūr,10.91024,04/01/2014 12:00:00 AM,11/20/2017 03:17:00 PM,02/15/2018 03:51:00 PM,75.2565,12.6771
www.deccanchronicle.com,http://www.deccanchronicle.com/131114/news-current-affairs/article/heavy-rains-landslide-hit-train-services-kumari-thiruvana%C2%ADntha,5635,11/13/2013 11:00:00 PM,,"Karakkamandapam, Kerala","Train services between Kanyakumari and Thiru_va__nanthapuram were cancelled following a landslide on the track at Nemom on Wednesday. The landslide, caused by heavy rain last night, was said to have partially covered the railway track. According to southern railway sources, Mumbai-bound Island express from Kanyakumari, Kan_yaku_mari-Thiruvana_ntha_puram passenger train, the Nagercoil-Man_galore Parasuram express and Nagercoil-Kochuvelly passenger train were cancelled on Wednesday. The Chennai-Guruvayoor express was stopped at Nagercoil due to the landslide. Ferry ervices to Vivek_ananda rock and Thiruvalluvar rock in Kanyakumari were also suspended on Wednesday due to rough seas. Due to continuous rain in the catchment areas, Pechi_parai dam registered an inflow of 382 cusecs, while Perunchani dam in the district received an inflow of 174 cusecs, according to PWD sources.","Karakkamandapam, Kerala",5km,landslide,downpour,medium,unknown,0.0,,,,,glc,5635.0,India,IN,Kerala,784153.0,Thiruvananthapuram,7.3597,04/01/2014 12:00:00 AM,11/20/2017 03:17:00 PM,02/15/2018 03:51:00 PM,77.009,8.4557
ibnlive.in,http://ibnlive.in.com/news/landslides-in-parts-of-idukki/156453-60-116.html,3562,06/01/2011 11:00:00 PM,,"Kottayam-Kattapana road, at Ellapara(Elappara) village, Idukki, Kerala","Jun 04, 2011   Heavy rain lashing the state has caused landslides at various parts of the district. A landslide was reported at Ellapara on Wednesday night disrupting the vehicular movement on the Kottayam-Kattapana road for a few hours. A house was partially damaged in the incident. No casualties have been reported so far. The traffic was restored after clearing off the mud from the road.","Kottayam-Kattapana road, at Ellapara(Elappara) village, Idukki, Kerala",5km,landslide,downpour,medium,unknown,0.0,,,,,glc,3562.0,India,IN,Kerala,33408.0,Erāttupetta,22.75221,04/01/2014 12:00:00 AM,11/20/2017 03:17:00 PM,02/15/2018 03:51:00 PM,76.9792,9.6326
United Nations Development Programme - Relief Web,http://www.reliefweb.int/rw/RWB.NSF/db900SID/MCON-74J2QF?OpenDocument,100,06/25/2007 12:00:00 AM,,Kozhikode,United Nations Development Programme - Relief Web,Kozhikode,50km,landslide,rain,medium,unknown,,,,,,glc,100.0,India,IN,Kerala,439922.0,Kozhikode,5.8806,04/01/2014 12:00:00 AM,11/20/2017 03:17:00 PM,02/15/2018 03:51:00 PM,75.8275,11.2738
articles.timesofindia.indiatimes.com,http://articles.timesofindia.indiatimes.com/2013-11-13/thiruvananthapuram/44028783_1_train-traffic-mangalore-central-parasuram-express-heavy-rain,5638,11/13/2013 12:00:00 AM,,"Nagercoil, Tamil Nadu",The train traffic at Thiruvananthapuram has been disrupted due to heavy incessant rain which has caused waterlogging on railway tracks and landslides at several places including the yard at Thiruvananthapuram Central station and Nagarcoil on Wednesday.,"Nagercoil, Tamil Nadu",10km,landslide,downpour,medium,unknown,0.0,,,,,glc,5638.0,India,IN,Tamil Nadu,213858.0,Nāgercoil,1.09983,04/01/2014 12:00:00 AM,11/20/2017 03:17:00 PM,02/15/2018 03:51:00 PM,77.444,8.1747
Times of India,http://timesofindia.indiatimes.com/City/Madurai/Landslide-hits-traffic-on-Kodai-road/articleshow/44957640.cms,6322,10/27/2014 09:00:00 AM,,Dum Dum Parai,"Incessant rain for the past few days in Kodaikanal hills have washed away a 50 feet road at Dum Dum Parai area, around seven km from the starting point of Ghat road section, on early hours of Monday.",Dum Dum Parai,25km,rock_fall,downpour,medium,above_road,0.0,0.0,,,,glc,6322.0,India,IN,Tamil Nadu,14190.0,Devadānappatti,10.15794,10/29/2014 03:55:00 PM,11/20/2017 03:17:00 PM,02/15/2018 03:51:00 PM,77.6377,10.2379
newindpress,http://www.newindpress.com/NewsItems.asp?ID=IET20080210024010&Page=T&Title=Southern+News+-+Tamil+Nadu&Topic=0,448,02/08/2008 12:00:00 AM,,Kodaikanal,85.4mm of rain recorded in a few hours,Kodaikanal,25km,landslide,rain,medium,unknown,,,,,,glc,448.0,India,IN,Karnātaka,5104047.0,Bangalore,1.7211,04/01/2014 12:00:00 AM,11/20/2017 03:17:00 PM,02/15/2018 03:51:00 PM,77.6092,12.9752
personal communication,,554,05/28/2008 12:00:00 AM,,"Periyanmala, Kottayam district, Kerala, India",,"Periyanmala, Kottayam district, Kerala, India",5km,landslide,downpour,medium,unknown,,,,,,glc,554.0,India,IN,Kerala,33408.0,Erāttupetta,7.22205,04/01/2014 12:00:00 AM,11/20/2017 03:17:00 PM,02/15/2018 03:51:00 PM,76.8403,9.7327
english.manoramaonline.com,http://english.manoramaonline.com/cgi-bin/MMOnline.dll/portal/ep/contentView.do?contentId=15449436&tabId=1&programId=11565535,5633,11/13/2013 04:00:00 AM,,"Valiyasalai, Thiruvananthapuram, Kerala",The railway has cancelled five train services due to a landslide that occurred at Valiyasala and Kochuveli around 4 am on Wednesday.,"Valiyasalai, Thiruvananthapuram, Kerala",5km,landslide,downpour,medium,unknown,0.0,,,,,glc,5633.0,India,IN,Kerala,784153.0,Thiruvananthapuram,3.28558,04/01/2014 12:00:00 AM,11/20/2017 03:17:00 PM,02/15/2018 03:51:00 PM,76.921,8.4951
daijiworld,http://www.daijiworld.com/news/news_disp.asp?n_id=49719&n_tit=Puttur:+Landslide+on+Track+Halts+Mangalore-Bangalore+Trains,704,08/10/2008 12:00:00 AM,,Edakumeri near Subrahmanya,all railway events are likely related and could be redundant entries,Edakumeri near Subrahmanya,50km,landslide,downpour,medium,unknown,,,,,,glc,704.0,India,IN,Karnataka,18950.0,Sulya,24.89116,04/01/2014 12:00:00 AM,11/20/2017 03:17:00 PM,02/15/2018 03:51:00 PM,75.605,12.6445
ibnlive.in,http://ibnlive.in.com/news/crops-worth-rs-185-lakh-destroyed-in-idukki/156739-60-116.html,3568,06/02/2011 12:00:00 AM,,"Thodpuzha(Thodupuzha) municipality, Idukki, Kerala","Jun 05, 2011 at 12:04pm IST  KATTAPPANA: The heavy rain which has been lashing the district for the last several days has caused heavy damage to crops and property. According to the Agriculture Department sources, crops worth Rs 18.5 lakh in 150 hectares of land have been destroyed. The farmers in Thodupuzha, Peermade and Idukki taluk suffered a major loss as the crops got damaged in the rain. Three houses were fully damaged and over 17 houses were partially damaged in several parts of the district. Landslides were reported in Thodupuzha, Kulamavvu, Munnar and Elappara in the last two days. Power supply was disrupted in many parts of Idukki owing to the snapping of transmission lines. Traffic on many roads in and around the district was also disrupted owing to landslides. Landslide occurred over Past 2 days.","Thodpuzha(Thodupuzha) municipality, Idukki, Kerala",25km,landslide,downpour,medium,unknown,0.0,,,,,glc,3568.0,India,IN,Kerala,1200.0,Palackattumala,16.43713,04/01/2014 12:00:00 AM,11/20/2017 03:17:00 PM,02/15/2018 03:51:00 PM,76.7046,9.8721
Times of India,http://timesofindia.indiatimes.com/City/Coimbatore/Landslide-brings-traffic-to-halt/articleshow/40842022.cms,6544,08/22/2014 10:30:00 PM,,second hairpin bend near Varattupallam,"Erode Distrct witnessed a major landslide on the Burgur-Thalavadi ghat road near Andhiyur on Friday night. According to villagers, with huge rocks blocking roads, traffic was completely disrupted on Erode-Mysore state highways. However, no injuries were reported in the disaster, district administration confirmed.",second hairpin bend near Varattupallam,1km,other,downpour,medium,above_road,0.0,0.0,,,,glc,6544.0,India,IN,Tamil Nadu,20436.0,Anthiyur,12.13084,12/17/2014 04:50:00 PM,11/20/2017 03:17:00 PM,02/15/2018 03:51:00 PM,77.571,11.683
The Hindu,http://www.thehindu.com/news/national/tamil-nadu/landslip-snaps-traffic-on-ghat-road/article7405854.ece,7156,07/09/2015 12:00:00 AM,,Kodaikanal-Palani Ghat Road,Heaps of soil slid from the edge of Kodaikanal-Palani Ghat Road near the 11{+t}{+h}bend snapping road connectivity to Kodaikanal hill and paralysing traffic on this stretch till Thursday evening.,Kodaikanal-Palani Ghat Road,25km,landslide,unknown,medium,below_road,0.0,0.0,,,,glc,7156.0,India,IN,Tamil Nadu,24120.0,Ayakudi,11.73941,07/10/2015 09:04:00 PM,11/20/2017 03:17:00 PM,02/15/2018 03:51:00 PM,77.5666,10.3448
News Karnataka,http://www.newskarnataka.com/mangalore/landslide-in-ullal-exposes-15-ft-tunnel-houses-face-threat,8654,07/04/2016 08:00:00 AM,,"Kallarakodi, Ullal, India","A landslide that occurred on Monday early morning at a village named Kallarakodi in Ullal GP has brought to fore a 15-ft tunnel. A couple of houses built close to the tunnel are now facing threat.  Landslide in Ullal exposes 15-ft tunnel, houses face threat-1A hillock behind the residence of Sadashiva Devadiga here slid exposing a 15-ft tunnel.  It is said that Devadiga’s wife Padmavathy used to do her daily chores of cleaning vessels and washing clothes behind the house. Fortunately, on Monday morning, for various reasons she could not go to the backyard to do her work, due to which she survived. The family was unaware of the landslide and was later intimated by their neighbour.  Sadashiva Devadiga had gone to the hospital to get his son discharged. Their son had met with an accident a week ago and was recuperating in a local hospital.  However, Konaje Panchayat has filled the 15-ft tunnel and has promised to do all possible efforts to save the houses built in close proximity to the t","Kallarakodi, Ullal, India",5km,landslide,unknown,small,urban,0.0,0.0,,http://www.newskarnataka.com//fileman/Uploads/Documents/ullal_hole_2016_7.jpg,,glc,8654.0,India,IN,Karnataka,59116.0,Ullal,0.80588,07/07/2016 05:49:00 PM,11/20/2017 03:17:00 PM,02/15/2018 03:51:00 PM,74.8678,12.8041
gsi.gov,"http://www.portal.gsi.gov.in/portal/page?_pageid=127,875814&_dad=portal&_schema=PORTAL",2165,07/29/2010 12:00:00 AM,,"Shakthinagar, Mangalore","As per media report torrential rains on 29th July 2010 triggered a landslide at Shakthinagar, Mangalore. The landslide damaged a house and injured one person. ","Shakthinagar, Mangalore",10km,landslide,downpour,medium,unknown,0.0,,,,,glc,2165.0,India,IN,Karnataka,417387.0,Mangalore,3.01848,04/01/2014 12:00:00 AM,11/20/2017 03:17:00 PM,02/15/2018 03:51:00 PM,74.8735,12.896
daijiworld,http://www.daijiworld.com/news/news_disp.asp?n_id=86992&n_tit=Mangalore%3A+Train+Services+to+Bangalore+Resume,2537,10/03/2010 12:00:00 AM,,"Channarāyapatna : The train services between the city and Bangalore, which were disrupted due to the landslide between Yedakumeri and Siribagilu stat*","The train services between the city and Bangalore, which were disrupted due to the landslide between Yedakumeri and Siribagilu stations on Sunday, resumed on Monday October 4. The train to Bangalore from here did not begin its journey because of the said problem. The railways, in a swift operation, cleared the tracks within a day and paved way for the movement of goods and passenger trains on this line, the railway officials stated. The above stretch had suffered several landslides in the past because of heavy rains, and as the earth on this hilly terrain is wet. As the landslide on Sunday was of less intensity, repairs could be completed by removing boulders and mud that had got deposited on the tracks without much loss of time, it is learnt.",,unknown,landslide,rain,medium,unknown,0.0,,,,,glc,2537.0,India,IN,Karnataka,37681.0,Channarāyapatna,14.42796,04/01/2014 12:00:00 AM,11/20/2017 03:17:00 PM,02/15/2018 03:51:00 PM,76.2728,12.9711
IBN,http://ibnlive.in.com/news/heavy-rain-landslide-wreak-havoc-on-central-travancore/283183-60-116.html,4486,08/17/2012 12:00:00 AM,,"Chonamala, Periyamata, Vellampatta","Around seven persons were injured in a landslide that occurred at Pullupara, near Peruvanthanam in Idukki. Another landside wreaked havoc at Chonamala, Periyamala, Vellampatta and Palomala in Thalanad, and Karikad in Theekkoy panchayat.","Chonamala, Periyamata, Vellampatta",unknown,landslide,downpour,medium,unknown,,,,,,glc,4486.0,India,IN,Kerala,12659.0,Periya,2.55859,01/09/2016 12:18:00 AM,11/20/2017 03:17:00 PM,02/15/2018 03:51:00 PM,76.803,9.7285
kndu,http://www.kndu.com/global/story.asp?s=11474651,1291,11/09/2009 12:00:00 AM,,"Ooty and Coonoor, Tamil Nadu","NEW DELHI (AP) - A landslide triggered by torrential seasonal rains swept through a hilly region in southern India, killing at least 42 people, an official said Tuesday.  The landslide demolished nearly 300 tin-roofed mud huts Monday in the Ooty and Coonoor region of Tamil Nadu state, a state flood control official said on condition of anonymity because he was not authorized to talk to reporters. The region is nearly 1,120 miles (1,800 kilometers) south of the capital, New Delhi.  Rescuers found 14 bodies in the debris Monday and another 28 on Tuesday, the official said, adding that eight injured people were hospitalized.  NEW DELHI (AP) - A landslide triggered by torrential seasonal rains swept through a hilly region in southern India, killing at least 42 people, an official said Tuesday.  The landslide demolished nearly 300 tin-roofed mud huts Monday in the Ooty and Coonoor region of Tamil Nadu state, a state flood control official said on condition of anonymity because he was not au","Ooty and Coonoor, Tamil Nadu",25km,landslide,downpour,medium,unknown,42.0,,,,,glc,1291.0,India,IN,Tamil Nadu,98238.0,Ooty,0.42311,04/01/2014 12:00:00 AM,11/20/2017 03:17:00 PM,02/15/2018 03:51:00 PM,76.6939,11.4098
www.newindianexpress.com,http://www.newindianexpress.com/states/tamil_nadu/Landslides-after-rain-in-Nilgiris/2013/07/26/article1702573.ece,5200,07/25/2013 12:00:00 AM,,"Avalanche, Nilgiris, Tamil Nadu","Rain and gusty winds continued to lash areas in Gudalur and Pandalur taluks and tribal settlements in the regions were the worst affected. Heavy rain caused havoc in some parts of the hill district with water entering seven houses of Thenvayal, a tribal colony near Puthurvayal in Gudalur and landslides occurred at Avalanche affecting traffic movement in the region on Thursday. Residents were evacuated to a nearby school and provided with relief. Similarly, 25 houses in Hirivayal of Gudalur block were affected due to rains.  Traffic was affected on some road as trees fell. Collector Archana Patnaik visited the affected areas and reviewed the situation.","Avalanche, Nilgiris, Tamil Nadu",5km,landslide,downpour,medium,unknown,,,,,,glc,5200.0,India,IN,Tamil Nadu,98238.0,Ooty,15.03611,04/01/2014 12:00:00 AM,11/20/2017 03:17:00 PM,02/15/2018 03:51:00 PM,76.5959,11.3192
articles.timesofindia.indiatimes.com,http://articles.timesofindia.indiatimes.com/2013-11-13/thiruvananthapuram/44028783_1_train-traffic-mangalore-central-parasuram-express-heavy-rain,5637,11/13/2013 12:00:00 AM,,"Thampanoor, Thiruvananthapuram, Kerala",The train traffic at Thiruvananthapuram has been disrupted due to heavy incessant rain which has caused waterlogging on railway tracks and landslides at several places including the yard at Thiruvananthapuram Central station and Nagarcoil on Wednesday.,"Thampanoor, Thiruvananthapuram, Kerala",1km,landslide,downpour,medium,unknown,0.0,,,,,glc,5637.0,India,IN,Kerala,784153.0,Thiruvananthapuram,0.28523,04/01/2014 12:00:00 AM,11/20/2017 03:17:00 PM,02/15/2018 03:51:00 PM,76.9517,8.4863
Daiji Worldwide,http://www.daijiworld.com/news/news_disp.asp?n_id=401085,8086,06/24/2016 11:00:00 PM,,"Maya Bar, Thokkottu, India","As a result of sudden landslide that took place at Thokkottu, three vehicles ended up in a crater created by the landslide.  The incident took place at 11 pm near Maya Bar on Friday night of June 24. People gathered were surprised to see three vehicles in the crater. It is said that while widening the road, the height of the road was increased by using soil. People said, a well was closed in that process without using sufficient soil but with the help of a thin concrete layer. This ‘patch work’ has ended in the landslide now. Luckily there was no harm to human beings who are always seen talking in the area.","Maya Bar, Thokkottu, India",exact,landslide,downpour,medium,unknown,0.0,0.0,,http://www.tvdaijiworld.com/images6/rjp_250616_mayabar4.JPG,,glc,8086.0,India,IN,Karnataka,59116.0,Ullal,1.12911,06/30/2016 07:24:00 PM,11/20/2017 03:17:00 PM,02/15/2018 03:51:00 PM,74.8586,12.8157
The Hindu,http://www.thehindu.com/news/cities/Coimbatore/mudslide-leaves-one-dead-at-valparai/article8577832.ece,9386,05/09/2016 12:10:00 PM,,".5 km away from Valparai Police Station at a construction site, Valparai, Tamil Nadu, India","A construction worker was killed and three others were injured when earth caved in at Kamarajar Nagar in Valparai on Monday afternoon. The incident took place at a construction site located about half a kilometre from Valparai police station. The deceased was identified as C. Balasubramaniyan (40) of Kamarajar Nagar. The injured are P. Ayyappan (37), P. Vignesh (19) and S. Buvan (20) of Pudhu Thottam. They were working at a site near Valparai to Pollachi Road.  On Monday, the workers were building a wall to prevent mud from caving in. Around 12.10 p.m., a pile of mud fell on them. Fire and Rescue Services personnel rescued Ayyappan and Buvan first..",".5 km away from Valparai Police Station at a construction site, Valparai, Tamil Nadu, India",1km,landslide,construction,small,mine,1.0,3.0,,,,glc,9386.0,India,IN,Tamil Nadu,90353.0,Valparai,1.02005,08/03/2016 06:01:00 PM,11/20/2017 03:17:00 PM,02/15/2018 03:51:00 PM,76.9592,10.3316
www.thehindu.com,http://www.thehindu.com/news/cities/Kochi/all-quiet-at-cheeyappara-falls-but-landslip-threat-looms-large/article5110181.ece,5278,08/05/2013 09:30:00 AM,,"Cheeyappara Waterfalls, Ernakulam, Kerala","The otherwise lively site of Cheeyappara waterfalls on the Kochi-Dhanushkodi national highway is eerily quiet. On August 6, tragedy struck the tourist spot when a landslide shook the region and claimed three lives. A month later, the memories remain, and continue to hurt. More than a score of small shops that operated near the waterfall have been closed on a directive from the district administration and the National Highways Authority of India (NHAI). The Revenue Department had issued orders for the closure of the shops after geologists warned of further landslips at the site. Tourists stopping at the site of the landslide to take in the waterfall were advised not to park their vehicles there, said Adimali grama pancayat president P.V. Scariah. He said the site still posed serious danger and landslips were real possibilities as rains continued to drench the area. Forty-year-old Shanta, who ran a small shop selling snacks at Cheeyappara, said the landslide was still fresh in memory. Sh","Cheeyappara Waterfalls, Ernakulam, Kerala",1km,mudslide,monsoon,medium,unknown,5.0,,,,,glc,5278.0,India,IN,Kerala,25436.0,Kuttampuzha,14.99263,04/01/2014 12:00:00 AM,11/20/2017 03:17:00 PM,02/15/2018 03:51:00 PM,76.8298,10.0539
articles.timesofindia,http://articles.timesofindia.indiatimes.com/2011-06-16/racing/29664705_1_endurance-category-ultimate-mysore,3614,06/16/2011 12:00:00 AM,,Munjur near Mettupalayam,"Meanwhile, stages for both cars and bikes in the 'Ultimate' category were cancelled following landslide after rainfall at Munjur near Mettupalayam.",Munjur near Mettupalayam,25km,landslide,rain,medium,unknown,0.0,,,,,glc,3614.0,India,IN,Tamil Nadu,66944.0,Mettupalayam,0.07515,04/01/2014 12:00:00 AM,11/20/2017 03:17:00 PM,02/15/2018 03:51:00 PM,76.9354,11.2993
www.deccanchronicle.com,http://www.deccanchronicle.com/130806/news-current-affairs/article/special-landslides-rain-havoc-kerala,5284,08/05/2013 12:00:00 AM,,"Nairpara, Kerala","In another landslip at nearby Nairpara, Annamma, 60, wife of Poulose, of Perumamthadathil, died when mud and rock fell on her house.","Nairpara, Kerala",unknown,landslide,monsoon,medium,unknown,1.0,,,,,glc,5284.0,India,IN,Kerala,49330.0,Kizhake Chālakudi,10.61205,04/01/2014 12:00:00 AM,11/20/2017 03:17:00 PM,02/15/2018 03:51:00 PM,76.4319,10.3228
www.thehindu.com,http://www.thehindu.com/news/cities/Kochi/landslip-buries-28-houses-in-thodupuzha/article5000303.ece,5291,08/07/2013 08:00:00 AM,,Kozhipilly In Velliyamattom Village Under Thodupuzha Taluk,"After Idukki, itÕs Thodupuzha. Twenty-eight houses were damaged and 20 acres of land came under flood waters and debris following a major landslip at Kozhipilly in Velliyamattom village under Thodupuzha taluk on Wednesday. Though the threatening rumblings of earth have been muted at Cheeyappara in Idukki, flooding and landslides continued to be a threat in several parts of the district, which has sustained an estimated loss of Rs. 27.5 crore during this monsoon season. No one has been injured in WednesdayÕs landslide that occurred in the early hours of Wednesday and several families escaped in the nick of time. People who were robbed of their homes were shifted the Government LP School, Nelliyani. Search operations at the site of the landslide that killed three people on Monday at Cheeyampara on National Highway 49 between Kochi and Dhanushkodi were wrapped up on Wednesday. The search, led by personnel from the National Disaster Response Force, the Army and the Navy has officially been",Kozhipilly In Velliyamattom Village Under Thodupuzha Taluk,1km,landslide,monsoon,medium,unknown,0.0,,,,,glc,5291.0,India,IN,Kerala,37543.0,Kotamangalam,0.70203,04/01/2014 12:00:00 AM,11/20/2017 03:17:00 PM,02/15/2018 03:51:00 PM,76.6331,10.0606
ibnlive.in,http://ibnlive.in.com/news/landslides-in-parts-of-idukki/156453-60-116.html,3557,05/31/2011 12:00:00 AM,,"Kulamavu region, Kerala","Jun 04, 2011   Heavy rain lashing the state has caused landslides at various parts of the district. … Another landslide was reported in the Kulamavu region on Thursday. No damage or casualty were reported as the landslide occurred in a remote area.","Kulamavu region, Kerala",10km,landslide,downpour,medium,unknown,0.0,,,,,glc,3557.0,India,IN,Kerala,11248.0,Idukki,9.03648,04/01/2014 12:00:00 AM,11/20/2017 03:17:00 PM,02/15/2018 03:51:00 PM,76.9006,9.8012
www.deccanchronicle.com,http://www.deccanchronicle.com/130806/news-current-affairs/article/special-landslides-rain-havoc-kerala,5282,08/05/2013 12:00:00 AM,,"Maniyarankudy, Kerala","as also Thankachan M. (56), in another incident at Maniyarankudy.","Maniyarankudy, Kerala",5km,landslide,monsoon,medium,unknown,1.0,,,,,glc,5282.0,India,IN,Kerala,11248.0,Idukki,6.15797,04/01/2014 12:00:00 AM,11/20/2017 03:17:00 PM,02/15/2018 03:51:00 PM,76.9346,9.8957
thaindian,http://www.thaindian.com/newsportal/enviornment/landslides-in-kozhikode-after-heavy-rain_100255752.html,1213,10/03/2009 12:00:00 AM,,"Puddipadi, Kozhikode, Kerala ","Heavy rain lashing Kerala’s Kozhikode district for the past two days led to landslides at half a dozen places here Saturday. Revenue officials said that though there has been no loss of life, damage to crops and houses have been reported at places like Puthupady, Balussery and hilly areas where there is a large concentration of farmers.","Puddipadi, Kozhikode, Kerala ",10km,landslide,downpour,medium,unknown,,,,,,glc,1213.0,India,IN,Kerala,29602.0,Kalpetta,17.10449,04/01/2014 12:00:00 AM,11/20/2017 03:17:00 PM,02/15/2018 03:51:00 PM,75.9957,11.4816
Infralive,http://infralive.com/web/national-highway-suffers-landslip-near-addahole/,10016,06/27/2017 01:10:00 PM,,Landslide on National Highway 75,"Landslide on National Highway 75 between Gundiya and Addahole, traffic movement affected","Addahole, Karnataka State, India",10km,landslide,rain,small,above_road,0.0,0.0,,,,,,,,,,,,06/29/2017 01:10:00 PM,11/20/2017 03:17:00 PM,02/15/2018 03:51:00 PM,75.21163889,12.82402778
print.dailymirror,http://print.dailymirror.lk/news/provincial-news/28115.html,2745,11/23/2010 08:00:00 AM,,"Kodaikanal-Thandigudi(Thandikudi)-Batlagundu hill road, Tamil Nadu province","CHENNAI: All roads to Kodaikanal were completely blocked following landslides at 13 places on the Kodaikanal-Batlagundu ghat road and Kodaikanal-Thandigudi-Batlagundu hill road on Tuesday.  Torrential showers battered the hill station in the last 24 hours, snapping road connectivity to hundreds of villages on the hill roads. Huge boulders fell on the Kodaikanal- Batlagundu Road in the early hours of Tuesday, and vehicles could not proceed beyond Dum Dum Rock.","Kodaikanal-Thandigudi(Thandikudi)-Batlagundu hill road, Tamil Nadu province",10km,landslide,downpour,medium,unknown,0.0,,,,,glc,2745.0,India,IN,Tamil Nadu,35021.0,Kodaikānāl,10.18294,04/01/2014 12:00:00 AM,11/20/2017 03:17:00 PM,02/15/2018 03:51:00 PM,77.582,10.2462
The hindu.com,http://www.hindu.com/thehindu/holnus/004200710311922.htm,336,10/30/2007 12:00:00 AM,,"bridge between Coonoor and Barliar, Tamil Nadu","unsure of date or location, blocked roads and created ""crater"" - ?","bridge between Coonoor and Barliar, Tamil Nadu",unknown,landslide,rain,medium,unknown,2.0,,,,,glc,336.0,India,IN,Tamil Nadu,19962.0,Annur,5.01776,04/01/2014 12:00:00 AM,11/20/2017 03:17:00 PM,02/15/2018 03:51:00 PM,77.1236,11.2777
ibnlive.in,http://ibnlive.in.com/news/rain-wreaks-havoc-in-kottayam/173995-60-116.html,3896,08/07/2011 12:00:00 AM,,Kottayam,"KOTTAYAM: Heavy rain continued to wreak havoc in the district on Sunday. One person died and four houses were completely damaged in the downpour and landslides.  Over 40 houses were partially damaged. The deceased is Tijo Jose, 24, a guest lecturer of KE College, Mannanam. He lost his life while taking bath in the Pannakam River.  The roads in the Kanjirappally and Mundakkayam areas were blocked and the traffic along the Kanjirappally-Erattupettah Road was disrupted after the Chittar river breached the banks. The Manimala river also breached the banks causing damage.  Following the landslide that occurred on Saturday night, life in Peruvanthanam, Koruthode and Kokkayar areas were affected. In Erumely, three bridges across the Pampa river got submerged in floodwaters. Kanamala was the most affected area in the region.  All the roads leading to Sabarimala have been submerged. Traffic and power supply were disrupted in the area.  Traffic movement was disrupted for more than one hour o",Kottayam,5km,landslide,downpour,medium,unknown,1.0,,,,,glc,3896.0,India,IN,Kerala,59437.0,Kottayam,1.55505,04/01/2014 12:00:00 AM,11/20/2017 03:17:00 PM,02/15/2018 03:51:00 PM,76.5289,9.5988
Outlook India,http://www.outlookindia.com/newsscroll/heavy-rain-kerala-land-slips-in-idukki-and-waynad-/1085772,10002,06/27/2017 01:10:00 PM,,Landslide near Kattappana,"Heavy rain, up to 20 cm, throughout Kerala state on 6/27. Landslide damages crops and property. Water level at Idduki dam rises .8 m, shutters of Malankara Reservoir opened. Schools and colleges closed due to heavy rain in hills and coast forecast to continue for 3 days.","Kattappana, Idukki District, Kerala State, India",10km,landslide,continuous_rain,medium,natural_slope,0.0,0.0,,,,,,,,,,,,06/29/2017 01:10:00 PM,11/20/2017 03:17:00 PM,02/15/2018 03:51:00 PM,77.08971658,9.751185639
thaindian,http://www.thaindian.com/newsportal/enviornment/landslides-in-kozhikode-after-heavy-rain_100255752.html,1212,10/03/2009 12:00:00 AM,,"Balussery, Kozhikode, Kerala","Heavy rain lashing Kerala’s Kozhikode district for the past two days led to landslides at half a dozen places here Saturday. Revenue officials said that though there has been no loss of life, damage to crops and houses have been reported at places like Puthupady, Balussery and hilly areas where there is a large concentration of farmers.","Balussery, Kozhikode, Kerala",10km,landslide,downpour,medium,unknown,,,,,,glc,1212.0,India,IN,Kerala,24648.0,Naduvannūr,7.35169,04/01/2014 12:00:00 AM,11/20/2017 03:17:00 PM,02/15/2018 03:51:00 PM,75.8289,11.4477
kerals,http://www.kerals.com/kerala/landslides-2-killed-and-six-missing/,2654,10/27/2010 06:00:00 PM,,"Poochapra(?), near Thodupuzha, Kattappana, Kerala","KATTAPPAN: The bodies of two women who died in major landslides in the evening on Wednesday at Poochapra near Thodupuzha were recovered by night.  At least six persons are missing and a house was completely washed away.  The bodies of Parackal Ealikutty, 65 and Mary, 45 were recoverd while a vast area was still under water, reports from here said.  Lack of lighting arrangements hindered rescue operations as the area was cut off from the main road.  The earth removers were trapped on the road and could not reach the spot.  Four families severely affected by the incident were safely shifted to a nearby government school.  At least seven landslides occurred in the close vicinity of the area.  At least four houses were severely affected or washed away in the landslips, it is feared.  Two auto rickshaws also fell beneath the mud, though all occupants escaped without hurt.  ","Poochapra(?), near Thodupuzha, Kattappana, Kerala",25km,landslide,downpour,medium,unknown,2.0,,,,,glc,2654.0,India,IN,Kerala,8571.0,Lālam,18.41892,04/01/2014 12:00:00 AM,11/20/2017 03:17:00 PM,02/15/2018 03:51:00 PM,76.7705,9.8678
timesofindia.indiatimes.com,http://timesofindia.indiatimes.com/city/kozhikode/Landslide-holds-up-traffic-at-Nadukani-for-hours-none-injured/articleshow/20771153.cms,4981,06/25/2013 08:00:00 AM,,"First Hairpin Bend, Kerala-Tamil Nadu Inter-State Highway, Nadukani Ghat Road Connecting Nilambur With Gudallur In Tamilnadu","The landslides occurred at First Hairpin Bend, Thenpara and Jaram regions of Ghat Road, after the heavy rain received at Nadukani last night. Efforts to clear the block began early morning on Tuesday by forest officials who arrived from Nellikkuthu.","First Hairpin Bend, Kerala-Tamil Nadu Inter-State Highway, Nadukani Ghat Road Connecting Nilambur With Gudallur In Tamilnadu",unknown,landslide,downpour,medium,unknown,0.0,,,,,glc,4981.0,India,IN,Tamil Nadu,31364.0,Kangayam,6.03885,04/01/2014 12:00:00 AM,11/20/2017 03:17:00 PM,02/15/2018 03:51:00 PM,77.5947,10.9628
thehindu,http://www.thehindu.com/news/states/kerala/article2333186.ece,3886,08/06/2011 12:00:00 AM,,"Pallippady in Koruthode panchayat, Cholathadam in Poonjar Thekkekkara Pallippady in Koruthode panchayat and Cholathadam in Poonjar Thekkekkara panchay","Massive loss to crop and property have been reported from the high ranges areas of the district bordering neighbouring Idukki district in the heavy rains that lashed the area during the past 24 hours.  Major landslides have been reported from Pallippady in Koruthode panchayat, Cholathadam in Poonjar Thekkekkara panchayat and Kanamala in Erumeli Panchayat, during early hours of Sunday, authorities said. Parathode panchayat in near Kanjirappally witnessed widespread landslips. Losses to houses have also been reported from Koruthode panchayat.  Most of the affected area falls under Poonjar and Pala assembly segments. Speaking to The Hindu, P.C. George MLA, who represents Poonjar said, governmental machinery has already been pressed in for relief operations. The Erattupetta-Pala Road and Pala-Ponkunnam Road remained inundated in many areas disrupting vehicular traffic. ","Pallippady in Koruthode panchayat, Cholathadam in Poonjar Thekkekkara Pallippady in Koruthode panchayat and Cholathadam in Poonjar Thekkekkara panchayat",unknown,landslide,downpour,medium,unknown,0.0,,,,,glc,3886.0,India,IN,Kerala,38285.0,Pathanāmthitta,24.22781,04/01/2014 12:00:00 AM,11/20/2017 03:17:00 PM,02/15/2018 03:51:00 PM,76.9371,9.4237
the Hindu,http://www.thehindu.com/news/national/tamil-nadu/landslip-train-engine-derails-near-eraniel/article8627961.ece,9328,05/20/2016 01:10:00 AM,,"Eraniel station,  Kanyakumari district, India","The engine of Kanyakumari-Dibrugarh Express (Train No. 15905) derailed immediately after it crossed Eraniel station at 1.10 a.m. on Friday due to landslip, according to a release issued by Thiruvananthapuram Division of Southern Railway. A pair of engine wheels slipped off the tracks due to landslip. However, no one was injured in the accident. Traffic in the single line section between Nagercoil and Thiruvananthapuram Central was affected for over six hours following the incident. The rail route was restored at 7.30 a.m. on Friday, and Dibrugarh Express was brought back to Nagercoil. It finally left the station around 11 a.m., railway sources said. Due to the incident, some trains were delayed and cancelled. Meanwhile, due to limited number of platforms at Nagercoil, Chennai Egmore– Thiruvananthapuram Ananthapuri Express was detained at Aralvoimozhi station for over three hours in the morning, sources said.","Eraniel station,  Kanyakumari district, India",1km,landslide,unknown,small,above_road,0.0,0.0,,,,glc,9328.0,India,IN,Tamil Nadu,9844.0,Eraniel,1.08309,08/02/2016 08:27:00 PM,11/20/2017 03:17:00 PM,02/15/2018 03:51:00 PM,77.312,8.2117
www.deccanchronicle.com,http://www.deccanchronicle.com/130806/news-current-affairs/article/special-landslides-rain-havoc-kerala,5263,08/04/2013 11:00:00 PM,,"Kunjuthanni, Idukki, Kerala","Late on Sunday night, a couple, Varikkayil Pappachan (78) of Kunjuthanni and his wife Thankamma (73) died when their house was flattened by a landslip.","Kunjuthanni, Idukki, Kerala",5km,landslide,monsoon,medium,unknown,2.0,,,,,glc,5263.0,India,IN,Kerala,68000.0,Munnar,10.46646,04/01/2014 12:00:00 AM,11/20/2017 03:17:00 PM,02/15/2018 03:51:00 PM,77.0309,9.9995
dailypioneer.com,http://dailypioneer.com/nation/87976-rain-fury-returns-to-kerala.html,4482,08/17/2012 03:30:00 PM,,"Ernakulam, Kerala (Monsoon)","Monsoon fury returned to Kerala on Friday after sowing devastation in the State’s northern region 10 days ago. Four persons died and two were reported missing in a landslide near Kothamangalam in Ernakulam district on Friday as rain-related tragedies kept flowing in from various locations in the central and eastern regions. Thanikkuzhi Narayanan died of cardiac arrest from the shock of seeing a massive landslide at Block 4, Kadavoor in Paingottoor Panchayat near Kothamangalam. The body of Vattakkunnel Ouseph was found among the debris brought by the landslide which occurred at about 3.30 pm Friday.At least seven houses were smashed and washed away in the landslide. “I heard a big sound which I can compare to nothing. Then the trees, rocks and soil just tumbled down off the hilltop swallowing everything on the way,” said Varkey, a local resident of Kadavoor. “Torrential rains have been lashing this area since Thursday morning,” he added.One person rescued the mud accumulated from the la","Ernakulam, Kerala (Monsoon)",5km,landslide,downpour,large,unknown,4.0,,,,,glc,4482.0,India,IN,Kerala,37543.0,Kotamangalam,0.91095,04/01/2014 12:00:00 AM,11/20/2017 03:17:00 PM,02/15/2018 03:51:00 PM,76.635,10.0604
Times Of India,http://timesofindia.indiatimes.com/city/bengaluru/No-arrests-for-mudslide-at-construction-site-two-BBMP-engineers-suspended/articleshow/53151340.cms,8886,07/09/2016 11:00:00 PM,,"Koramangala, Bengaluru, Karnataka, India","A probe has been initiated into the mudslide at a construction site in Koramangala on Saturday evening that claimed the lives of three workers and left one injured.  No arrests have been made so far, police said they are trying to identify the culprits. The tragedy struck when workers were constructing a compound wall inside a 25-feet pit, which had been dug up for laying the foundation.   Soil gave away: The loose soil towards the rea r of the site gave away, burying the construction workers.      Case of negligence: Calling it a clear case of negligence of the builder, BBMP commissioner N Manjunath Prasad also pulled up civic officials for not following norms.","Koramangala, Bengaluru, Karnataka, India",5km,mudslide,construction,medium,urban,3.0,1.0,,,,,,,,,,,,07/26/2016 08:42:00 PM,11/20/2017 03:17:00 PM,02/15/2018 03:51:00 PM,77.6177,12.9368
Daijiworld ,http://www.daijiworld.com/news/news_disp.asp?n_id=80009,2017,06/25/2010 12:00:00 AM,,"tracks near Kulshekar, between Padil and Thokur, Mangalore to Mumbai","Heavy rains in the region have affected the movement of trains. Following a landslide in the railway track near Kulshekar, trains running on this sector have been temporarily cancelled on Saturday June 26.  The tracks have been inundated with water and mud has been covered due to landslide restricting the movement of trains. ","tracks near Kulshekar, between Padil and Thokur, Mangalore to Mumbai",5km,landslide,downpour,medium,above_road,,,,http://www.daijiworld.com/img_news1/daya_260610_trainp1.jpg,,glc,2017.0,India,IN,Karnataka,417387.0,Mangalore,3.98374,04/01/2014 12:00:00 AM,11/20/2017 03:17:00 PM,02/15/2018 03:51:00 PM,74.88548779,12.89163444
netindian.in,http://netindian.in/news/2010/12/10/0009102/landslide-affects-rail-traffic-between-thiruvananthapuram-nagercoil,2798,12/09/2010 11:00:00 PM,,Kuzhithura-Erannial(Erani)(?) section of Nagercoil-Thiruvananthapuram railway,"December 10, 2010  Rail traffic on the Nagercoil-Thiruvananthapuram section of Southern Railway has been affected since last night due to a fresh landslide caused by heavy rains, official sources said here today. A Southern Railway press release said that a retaining wall in the Kuzhithura-Erannial station collapsed causing total disruption of rail service in the section. ",Kuzhithura-Erannial(Erani)(?) section of Nagercoil-Thiruvananthapuram railway,10km,landslide,downpour,medium,unknown,0.0,,,,,glc,2798.0,India,IN,Tamil Nadu,20611.0,Kuzhithurai,1.36884,04/01/2014 12:00:00 AM,11/20/2017 03:17:00 PM,02/15/2018 03:51:00 PM,77.1963,8.3295
daijiworld,http://www.daijiworld.com/news/news_disp.asp?n_id=106627,3660,06/27/2011 12:00:00 AM,,"Karnataka coast, Mangalore","Mangalore, Jun 28: Heavy rains continued to batter Karnataka coast on Monday June 27. A number of low-lying areas were inundated, while landslides brought misery to a number of people. Collapsed houses, drowned minor bridges, fallen trees, and threat of floods have been the common features of the rain fury.  Dakshina Kannada, Udupi and Kodagu districts in particular, got heavy rains. A number of houses collapsed because of dampened walls, while some others were crushed under fallen trees. In the rural belts, movement of people and vehicles were affected because of standing water on the roads and submerging of minor bridges. Several schools in Udupi district declared holiday in the afternoon on Monday because of copious rains. Some schools in and around Moodbidri also were closed because of rains.  Loss of about three lac rupees was inflicted on a house in Arantodu near Sullia, after a hillock suffered landslide, and mud as well as debris came crashing down on the house. Two persons wer","Karnataka coast, Mangalore",5km,landslide,downpour,large,unknown,0.0,,,,,glc,3660.0,India,IN,Karnataka,417387.0,Mangalore,0.34667,04/01/2014 12:00:00 AM,11/20/2017 03:17:00 PM,02/15/2018 03:51:00 PM,74.856,12.9141
asianetindia,http://www.asianetindia.com/news/tribal-man-dies-landslide-idukki_98514.html,1289,11/08/2009 12:00:00 AM,,"Marayoor in Idukki district, Kerala","Idukki, Sunday, November 08, 2009: A tribal man has died following a landslide near Marayoor in Idukki today. The deceased has been identified as Ganeshan (45), native of Olikkudy. Idukki, Sunday, November 08, 2009: Heavy rains lashing Idukki district for the past few days led to landslides and houses were damaged in the havoc. Most of the houses in low areas were damaged in the flood.","Marayoor in Idukki district, Kerala",5km,landslide,downpour,medium,unknown,1.0,,,,,glc,1289.0,India,IN,Tamil Nadu,6494.0,Dhali,23.04808,04/01/2014 12:00:00 AM,11/20/2017 03:17:00 PM,02/15/2018 03:51:00 PM,77.1711,10.3018
Red Cross - Field reports,https://www-secure.ifrc.org/dmis/prepare/view_report.asp?ReportID=2971,131,07/20/2007 12:00:00 AM,,4 locations in the Kannur district,affected road connectivity for villages,4 locations in the Kannur district,10km,landslide,downpour,medium,unknown,,,,,,glc,131.0,India,IN,Kerala,62836.0,Cannanore,1.43277,04/01/2014 12:00:00 AM,11/20/2017 03:17:00 PM,02/15/2018 03:51:00 PM,75.361,11.855
The Hindu,http://www.thehindu.com/todays-paper/tp-national/tp-tamilnadu/two-workers-die-in-mud-slide-near-karur/article18444131.ece,10724,05/12/2017 01:28:00 PM,,Fatal mudslide in Kodanthur,Mudslide kills two workers in a quarry,"Kodanthur, Karur, Tamil Nadu, India",1km,mudslide,construction,small,engineered_slope,2.0,0.0,,,Rain likely contributed to triggering it,,,,,,,,,07/13/2017 01:28:00 PM,12/01/2017 10:56:00 PM,02/15/2018 03:51:00 PM,77.79584597,10.92631521
ibnlive.in,http://ibnlive.in.com/news/heavy-rain-landslide-wreak-havoc-on-central-travancore/283183-60-116.html,4485,08/17/2012 12:00:00 AM,,"Palomala, Thaland","Around seven persons were injured in a landslide that occurred at Pullupara, near Peruvanthanam in Idukki. Another landside wreaked havoc at Chonamala, Periyamala, Vellampatta and Palomala in Thalanad, and Karikad in Theekkoy panchayat.","Palomala, Thaland",5km,landslide,downpour,medium,unknown,,,,,,glc,4485.0,India,IN,Kerala,33408.0,Erāttupetta,4.02155,04/01/2014 12:00:00 AM,11/20/2017 03:17:00 PM,02/15/2018 03:51:00 PM,76.8081,9.7268
The Economic Times,http://economictimes.indiatimes.com/industry/transportation/railways/services-on-nilgiri-mountain-rail-cancelled-for-two-days-due-to-landslide-on-track/articleshow/49700986.cms,8921,11/07/2015 12:00:00 AM,,Nilgiri Mountain Rail's Barliar-Coonoor sector,Services of the heritage Nilgiri Mountain Rail (NMR) were cancelled for two days from today following heavy landslide on the track at two different places.,Nilgiri Mountain Rail's Barliar-Coonoor sector,5km,rock_fall,unknown,small,above_road,0.0,0.0,,,,glc,8921.0,India,IN,Tamil Nadu,5175.0,Aravankādu,0.36871,07/14/2016 01:30:00 PM,11/20/2017 03:17:00 PM,02/15/2018 03:51:00 PM,76.8285,11.3432
www.deccanchronicle.com,http://www.deccanchronicle.com/130806/news-current-affairs/article/special-landslides-rain-havoc-kerala,5283,08/05/2013 12:00:00 AM,,"Painavu, Kerala","At 56th Colony near Painav, Manalkuzhi Babu (52) who was sleeping in an outhouse was killed in the landslip","Painavu, Kerala",5km,landslide,monsoon,medium,unknown,1.0,,,,,glc,5283.0,India,IN,Kerala,11248.0,Idukki,2.22144,04/01/2014 12:00:00 AM,11/20/2017 03:17:00 PM,02/15/2018 03:51:00 PM,76.9468,9.8539
timesofindia.indiatimes.com,http://timesofindia.indiatimes.com/city/coimbatore/Landslide-damages-3-houses-in-Gudalur/articleshow/20769970.cms,4984,06/25/2013 12:00:00 AM,,"Gudalur Town, Nilgiris, Tamil Nadu","Three tile-roofed houses were damaged in Gudalur town in the Nilgiris owing to heavy rain in the area on Tuesday. According to Adhimoolam, revenue divisional officer (Gudalur), minor landslides resulted in the houses being damaged. ""The three families have been shifted to a safer place and provided with food and shelter,"" the official told TOI. While Gudalur recorded 94.3mm of rainfall on Tuesday; Devala, a catchment area, received about 160mm, according to the official record. ""Revenue officials have been put on high alert. Disaster management work has been put in place,"" said Adhimoolam.","Gudalur Town, Nilgiris, Tamil Nadu",1km,landslide,downpour,small,unknown,0.0,,,,,glc,4984.0,India,IN,Tamil Nadu,11674.0,Naduvattam,5.82535,04/01/2014 12:00:00 AM,11/20/2017 03:17:00 PM,02/15/2018 03:51:00 PM,76.4949,11.4991
dnaindia,http://www.dnaindia.com/india/report_three-killed-as-heavy-rains-continue-to-lash-uttarakhand_1412378,2111,07/21/2010 12:00:00 AM,,"Peruvai-Kadengodlu rd(?) between Vittal and Manila(Mani?), Bantwal tuluk, Karnataka","Mangalore, Jul 21: The copious rains since over a week are bringing about wide spread damage in the Dakshina Kannada district and also disrupting the normal lives.  Meanwhile, the Peruvai – Kadengodlu road connecting Vittal to Manila in Bantwal taluk has been closed down due to a landslide. Owing to the torrential rains, the loose soil from the hilly areas on the either side of the road has fallen down covering the road expanse.  Until the evening, the road was not cleared isolating Manila from the other region. Local residents now have to travel through hilly areas on foot to and from Manila with the area not being accessible through vehicle.   ","Peruvai-Kadengodlu rd(?) between Vittal and Manila(Mani?), Bantwal tuluk, Karnataka",10km,landslide,downpour,medium,unknown,0.0,,,,,glc,2111.0,India,IN,Karnataka,37619.0,Bantvāl,8.05248,04/01/2014 12:00:00 AM,11/20/2017 03:17:00 PM,02/15/2018 03:51:00 PM,75.0772,12.8277
www.deccanchronicle.com,http://www.deccanchronicle.com/130806/news-current-affairs/article/special-landslides-rain-havoc-kerala,5277,08/05/2013 05:30:00 AM,,"Cheeyapara Near Neriyamangalam, Kerala","At Cheeyapara near Neriyamangalam, a minor landslide at 5.30 am saw mud spilling onto the Aluva-Munnar highway. Local residents and fire-force personnel who arrived on the scene began clearing the road. A few vehicles from Munnar got stranded and people waited for the debris to get cleared. The scene changed within the next few minutes. The road would have been cleared in 15 minutes when around 9.30 am, another mudslide from as high as 400 feet, came hurtling down. In a few minutes there was a huge mound spread across 200 metres under which a dozen people were stranded. Three vehicles too got trapped under the debris. While nine people were rescued, it took a few hours before the bodies of three Ñ Devikulam taluk office driver P. Rajan (40), local resident T.Joshi (30) who was engaged in rescue operations and T.Jibin of Palakkad Ñ were  extricated. The bodies were sent for post-mortem. A vehicle of the Revenue Department, a Vista car and a Bolero were under the debris. Eight makeshift ","Cheeyapara Near Neriyamangalam, Kerala",1km,mudslide,monsoon,small,unknown,0.0,,,,,glc,5277.0,India,IN,Kerala,25436.0,Kuttampuzha,14.96174,04/01/2014 12:00:00 AM,11/20/2017 03:17:00 PM,02/15/2018 03:51:00 PM,76.8294,10.0539
ibnlive.in,http://ibnlive.in.com/news/crops-worth-rs-185-lakh-destroyed-in-idukki/156739-60-116.html,3567,06/02/2011 12:00:00 AM,,"Peermade(Pīrmed), Idukki district, Kerala","Jun 05, 2011 at 12:04pm IST  KATTAPPANA: The heavy rain which has been lashing the district for the last several days has caused heavy damage to crops and property. According to the Agriculture Department sources, crops worth Rs 18.5 lakh in 150 hectares of land have been destroyed. The farmers in Thodupuzha, Peermade and Idukki taluk suffered a major loss as the crops got damaged in the rain. Three houses were fully damaged and over 17 houses were partially damaged in several parts of the district. Landslides were reported in Thodupuzha, Kulamavvu, Munnar and Elappara in the last two days. Power supply was disrupted in many parts of Idukki owing to the snapping of transmission lines. Traffic on many roads in and around the district was also disrupted owing to landslides. Landslide occurred over Past 2 days.","Peermade(Pīrmed), Idukki district, Kerala",10km,landslide,downpour,medium,unknown,0.0,,,,,glc,3567.0,India,IN,Tamil Nadu,47419.0,Gudalur,30.65143,04/01/2014 12:00:00 AM,11/20/2017 03:17:00 PM,02/15/2018 03:51:00 PM,77.0198,9.5207
Daiji World,http://www.daijiworld.com/news/news_disp.asp?n_id=80203&n_tit=Mangalore%3A+Another+Landslide+Throws+Train+Traffic+Out+of+Gear,2022,06/27/2010 11:00:00 PM,,"again on tracks near Kulshekar, Mangalore","As another landslide near Kulshekhar in the city blocked the railway tracks on the night of Sunday June 27, train traffic has been suspended again till Wednesday. The train traffic that had been allowed since Sunday evening was suspended again after the said landslide.","again on tracks near Kulshekar, Mangalore",5km,landslide,downpour,medium,above_road,0.0,,,,,glc,2022.0,India,IN,Karnataka,417387.0,Mangalore,3.98374,04/01/2014 12:00:00 AM,11/20/2017 03:17:00 PM,02/15/2018 03:51:00 PM,74.88567317,12.89307458
m.newshunt,http://m.newshunt.com/Malayala+Manorama+(English)/Kerala+/15995307,4483,08/17/2012 04:00:00 PM,,"Paingottoor, kerala, ","Kothamangalam: Two persons were killed and four others went missing as landslide swept several houses in Paingottoor near here Friday. The deceased have been identified as Narayanan (55) and Ouseph. Narayanan died of stroke as he witnessed the devastating landslip. The missing victims included Ipe, from Madakkappillil, his wife Leena; Kaduvakkuzhy Madhu and his wife Nalini. The locals, however, rescued one Rajesh from Kaduvakkuzhy, who was seriously injured in the calamity. The residents had also rescued a child after mishap. Two house building have gone completely buried. Since the region is prone to landslips, residents of the place are being evacuated as the heavy downpour continues unabated.","Paingottoor, kerala, ",5km,landslide,downpour,medium,unknown,2.0,,,,,glc,4483.0,India,IN,Kerala,37543.0,Kotamangalam,10.9951,04/01/2014 12:00:00 AM,11/20/2017 03:17:00 PM,02/15/2018 03:51:00 PM,76.7105,10.007
The Times of India,http://timesofindia.indiatimes.com/City/Kozhikode/Houses-damaged-in-landslide-at-Kedavoor/articleshow/37063833.cms,6084,06/22/2014 03:00:00 AM,,"Kadavoor, Kerala","A landslide at Kelanmoola in Kedavoor village damaged a house totally and two houses partially. It also damaged crops in 2.5 acres in the area. The landslide occurred around 3am on Sunday following heavy rains. Nearly 3 acres caved in following the landslide. More than 125 rubber trees, 15 areca nut trees and 24 coconut trees were uprooted following the landslide. According to the report prepared by Thamarassery tahsildar, damage of Bhavani's house caused a loss of Rs 4 lakh. The estimate of the tahsildar revealed that Krishnan kutty suffered a loss of Rs 1.5 lakh and Govindan suffered a loss of Rs 75,000 in the mishap.","Kadavoor, Kerala",5km,landslide,rain,medium,unknown,0.0,0.0,,,,glc,6084.0,India,IN,Kerala,37543.0,Kotamangalam,13.58691,08/24/2014 12:00:00 AM,11/20/2017 03:17:00 PM,02/15/2018 03:51:00 PM,76.7329,9.9983
asianetindia,http://www.asianetindia.com/news/landslide-reported-malappuram-houses-isolated_80321.html,1172,09/19/2009 12:00:00 AM,,"Nilambur, Malappuram, Kerala State",Heavy rain in parts of Malappuaram has caused landslide near Nilambur. An Anganvadi building collapsed and several tribal colonies are reported to be isolated. Four houses were destroyed and there was extensive damage to agriculture.,"Nilambur, Malappuram, Kerala State",1km,landslide,downpour,medium,unknown,,,,,,glc,1172.0,India,IN,Kerala,89201.0,Manjeri,20.24712,04/01/2014 12:00:00 AM,11/20/2017 03:17:00 PM,02/15/2018 03:51:00 PM,76.2227,11.2695
ibnlive.in,http://ibnlive.in.com/news/man-dies-in-landslide-wife-missing/194126-60-116.html,4019,10/17/2011 12:00:00 AM,,"Vannappuram, Kerala,","One person was killed and another missing in a landslide that occurred at Vedikkavala, near Mullaringad, in Vannappuram grama panchayat, in Idukki district on Monday evening. The deceased has been identified as Thuruthel Thomas, 55. His wife Annamma, 54, is still missing. The body of Thomas was found a few distance away from his house, which was also washed away in the landslide. Police, Fire and Rescue Services team with the help of local people continued the search operations for Annamma late in the evening. The Fire and Rescue officials suspect she might have been trapped in a rocky area, which flooded in the landslip. The total damage of the landslide has not been known. The crops in the area were also completely swept away. However, heavy rain continued in almost every part of the district for the last two days and many places in the district are vulnerable to landslides.","Vannappuram, Kerala,",5km,landslide,downpour,medium,unknown,1.0,,,,,glc,4019.0,India,IN,Kerala,25436.0,Kuttampuzha,18.71719,04/01/2014 12:00:00 AM,11/20/2017 03:17:00 PM,02/15/2018 03:51:00 PM,76.7898,9.9903
The Economic Times,http://economictimes.indiatimes.com/industry/transportation/railways/services-on-nilgiri-mountain-rail-cancelled-for-two-days-due-to-landslide-on-track/articleshow/49700986.cms,8922,11/07/2015 12:00:00 AM,,Nilgiri Mountain Rail's Mettupalayam-Kallar sectors,Services of the heritage Nilgiri Mountain Rail (NMR) were cancelled for two days from today following heavy landslide on the track at two different places.,Nilgiri Mountain Rail's Mettupalayam-Kallar sectors,5km,rock_fall,unknown,small,above_road,0.0,0.0,,,,glc,8922.0,India,IN,Tamil Nadu,5175.0,Aravankādu,0.76656,07/14/2016 01:36:00 PM,11/20/2017 03:17:00 PM,02/15/2018 03:51:00 PM,76.9101,11.3237
The Hindu,http://www.thehindu.com/news/national/karnataka/landslide-stops-train-in-its-tracks/article6275591.ece,6188,08/02/2014 09:00:00 AM,,"Thiruvankulam, Kerala","Passengers of the Mangalore-Bangalore day train had to alight as there was a landslide in the Sakleshpur-Subrahmanya ghat section on Saturday morning. The Railways arranged for buses to take the passengers to Bangalore. Rajkumar Lal, Divisional Railway Manager (DRM), Mysore, said the landslide was “very heavy” and occurred due to continuous rain over the last few days in the hilly region. The Railways has deployed earthmovers to clear the mud. He said, “We are on the job. Only one train has been affected. All others are running.” According to a source in South Western Railway, the landslide occurred at a spot between Yadakumari and Thiruvakulam after the Yeshwantpur-Karwar passed through at 5 a.m. The landslide must have happened between 5 a.m. and 8 a.m. He said it would take at least till Sunday morning to clear the mud.","Thiruvankulam, Kerala",50km,landslide,continuous_rain,small,above_road,0.0,0.0,,,,glc,6188.0,India,IN,Kerala,17944.0,Arukutti,8.84998,08/24/2014 12:00:00 AM,11/20/2017 03:17:00 PM,02/15/2018 03:51:00 PM,76.3738,9.9431
New Indian Express,http://www.newindianexpress.com/states/kerala/Tahsildar-Takes-Stock-of-Landslide-hit-Areas-Loss-Pegged-at-Rs-1-cr/2014/10/10/article2470358.ece,6237,10/09/2014 12:00:00 AM,,Carmel School in Palakkayam,Gopalakrishnan told ‘Express’ that Carmel School in Palakkayam has suffered extensive damage in the landslide. He said damage to the tune of `1 crore has been found in a preliminary assessment. The mud and rubbles from the landslide  which occurred at the Cheenikkapara hills in Tharappapothi forests flowed downwards causing widespread damage. The rain continued in the areas on Thursday evening also.,Carmel School in Palakkayam,1km,debris_flow,flooding,medium,above_river,0.0,0.0,,http://media.newindianexpress.com/Tahsildar-Takes.jpg/2014/10/10/article2470367.ece/alternates/w620/Tahsildar-Takes.jpg,,glc,6237.0,India,IN,Kerala,50921.0,Mannārakkāt,10.46279,10/10/2014 09:57:00 PM,11/20/2017 03:17:00 PM,02/15/2018 03:51:00 PM,76.5516,10.9654
The Hindu,http://www.thehindu.com/news/national/tamil-nadu/ghat-road-leading-to-temple-closed-following-landslip/article7831586.ece,8893,10/31/2015 12:00:00 AM,,Arthanareeswarar Temple,"Downpour for about three hours on Saturday evening led to landslip, the second in the last four days, on the ghat road leading to Arthanareeswarar Temple situated atop a hillock in the town in the early hours of Sunday.  Due to sharp showers, landslip was reported near the fourth bend on Thursday. This led to closure of road for traffic and the district administration launched restoration works instantly.  Heavy rainfall lashed Tiruchengode town and the surrounding areas again on Saturday evening. Landslip took place again on Sunday morning, this time near the first bend.  On receiving information, V. Dakshinamoorthy, Collector, rushed to the spot and inspected the entire stretch of the damaged road walking for about a km.        Mahatma, Revenue Divisional Officer, Tiruchengode; Pon Saraswathi, Chairperson, Tiruchengode Municipality, and PWD and HR and CE officials accompanied the Collector.  The Collector said that the Government had sanctioned Rs. 21 lakh for the road restoration wo",Arthanareeswarar Temple,exact,landslide,downpour,small,above_road,0.0,0.0,,,,glc,8893.0,India,IN,Tamil Nadu,87123.0,Tiruchengode,0.82783,07/11/2016 04:57:00 PM,11/20/2017 03:17:00 PM,02/15/2018 03:51:00 PM,77.899,11.3742
ibnlive.in,http://ibnlive.in.com/news/landslides-shake-idukki-district/283297-60-116.html,4489,08/17/2012 12:00:00 AM,,"Idukki-Kattappana Rd, kerala (Mid-point of rd)","A minor landslip was also reported on the Idukki-Kattappana Road. This created a minor traffic block, the Fire and Rescue Services sources said","Idukki-Kattappana Rd, kerala (Mid-point of rd)",10km,landslide,downpour,medium,unknown,,,,,,glc,4489.0,India,IN,Tamil Nadu,13209.0,Kombai,16.22171,04/01/2014 12:00:00 AM,11/20/2017 03:17:00 PM,02/15/2018 03:51:00 PM,77.1498,9.8232
www.business-standard.com,http://www.business-standard.com/article/current-affairs/mullaperiyar-dam-near-to-full-landslides-at-naliyani-villanchira-113080700331_1.html,5281,08/05/2013 12:00:00 AM,,"Villanchira, Near Neryamangalam","Meanwhile, fresh landslides were reported at two locations at Naliyani, near Thodupuzha town, and at Villanchira, near Neryamangalam. There was no casualty.","Villanchira, Near Neryamangalam",5km,landslide,unknown,medium,unknown,0.0,,,,,glc,5281.0,India,IN,Kerala,25436.0,Kuttampuzha,11.60704,04/01/2014 12:00:00 AM,11/20/2017 03:17:00 PM,02/15/2018 03:51:00 PM,76.7606,10.0486
articles.timesofindia,http://articles.timesofindia.indiatimes.com/2012-10-23/coimbatore/34679010_1_northeast-monsoon-heavy-damage-heavy-rains,4590,10/21/2012 09:00:00 AM,,(Rail track between Kallar and Burliar)Tamil Nadu,"A major rain-triggered landslide along the rail track between Kallar and Burliar affected the Nilgiris Mountain Rail service between Mettupalayam and Ooty on Monday morning. According to railway officials, it would take at least three days to clear the debris on the track. Consequently, train services on the NMR track has been cancelled for three days. With weather forecasts predicting low-pressure and the early onset of the northeast monsoon, heavy rains continued to lash the Nilgiris especially Coonoor and surrounding areas since Friday. The wet spell continues in Ooty as well with cloudy skies keeping the sun at bay.",(Rail track between Kallar and Burliar)Tamil Nadu,10km,landslide,rain,medium,unknown,,,,,,glc,4590.0,India,IN,Tamil Nadu,66944.0,Mettupalayam,7.2812,04/01/2014 12:00:00 AM,11/20/2017 03:17:00 PM,02/15/2018 03:51:00 PM,76.8806,11.338
The Hindu,http://www.thehindu.com/news/national/tamil-nadu/landslide-on-nmr-track/article5975555.ece,6011,05/04/2014 12:00:00 AM,,Adderlie near Coonoor,A landslide partially hit train services on the Nilgiri Mountain Railway (NMR) on Sunday. Railway sources told The Hindu that due to a downpour on Saturday evening in Coonoor and some places below a landslip had occurred on the track at Adderlie.,Adderlie near Coonoor,10km,landslide,rain,small,above_road,0.0,0.0,,,,glc,6011.0,India,IN,Tamil Nadu,20254.0,Wellington,5.21592,08/24/2014 12:00:00 AM,11/20/2017 03:17:00 PM,02/15/2018 03:51:00 PM,76.8267,11.3403
thehindu,http://www.thehindu.com/news/states/kerala/article792720.ece,2495,09/24/2010 01:00:00 AM,,"rail line between Mulanthuruthy and Piravom near Mulanthruth, Kerala","Train services in the Kottayam-Ernakulam route have been cancelled after mud caved in on the Thiruvananthapuram-Mangalore Express early on Friday morning in between Mulanthuruthy and Piravom.  Around a dozen passengers were injured after they panicked and jumped out of the train. Passenger trains linking Ernakulam with Kottayam and Alappuzha have been cancelled. The other trains have been diverted through Alappuzha since there is only a single track in the affected portion. The Parasuram Express would ply through Alappuzha.  The accident took place after around 1 am, Railway sources said. An earth mover arrived by morning and has begun removing the mud. ","rail line between Mulanthuruthy and Piravom near Mulanthruth, Kerala",5km,landslide,downpour,medium,unknown,0.0,,,,,glc,2495.0,India,IN,Kerala,17944.0,Arukutti,5.66322,04/01/2014 12:00:00 AM,11/20/2017 03:17:00 PM,02/15/2018 03:51:00 PM,76.3902,9.8988
hindu,http://www.hindu.com/thehindu/holnus/004200806251866.htm,609,06/25/2008 12:00:00 AM,,Udhagamandalam,"Traffic was totally stopped on the Gudalur-Kerala National Highway on Wednesday, following landslides at three places, due to heavy rains for the last couple of days",Udhagamandalam,25km,landslide,downpour,medium,unknown,,,,,,glc,609.0,India,IN,Tamil Nadu,98238.0,Ooty,0.68195,04/01/2014 12:00:00 AM,11/20/2017 03:17:00 PM,02/15/2018 03:51:00 PM,76.69,11.41
www.business-standard.com,http://www.business-standard.com/article/pti-stories/four-killed-in-landslide-113061800917_1.html,4950,06/18/2013 08:00:00 AM,,"Tottilagundi, Dakshina Kannada District","Four members of a family were killed and seven others injured in a landslide triggered by incessant rains at Tottilagundi in Dakshina Kannada district in the early hours today, police said. The victims included three women, police said, adding while the injured were in another house.","Tottilagundi, Dakshina Kannada District",unknown,landslide,rain,medium,unknown,4.0,7.0,,,,glc,4950.0,India,IN,Karnataka,53331.0,Puttūr,10.62786,04/01/2014 12:00:00 AM,11/20/2017 03:17:00 PM,02/15/2018 03:51:00 PM,75.2476,12.8446
ibnlive.in,http://ibnlive.in.com/news/crops-worth-rs-185-lakh-destroyed-in-idukki/156739-60-116.html,3565,06/02/2011 12:00:00 AM,,"Idukki taluk, Kerala","Jun 05, 2011 at 12:04pm IST  KATTAPPANA: The heavy rain which has been lashing the district for the last several days has caused heavy damage to crops and property. According to the Agriculture Department sources, crops worth Rs 18.5 lakh in 150 hectares of land have been destroyed. The farmers in Thodupuzha, Peermade and Idukki taluk suffered a major loss as the crops got damaged in the rain. Three houses were fully damaged and over 17 houses were partially damaged in several parts of the district. Landslides were reported in Thodupuzha, Kulamavvu, Munnar and Elappara in the last two days. Power supply was disrupted in many parts of Idukki owing to the snapping of transmission lines. Traffic on many roads in and around the district was also disrupted owing to landslides. Landslide occurred over Past 2 days.","Idukki taluk, Kerala",25km,landslide,downpour,medium,unknown,0.0,,,,,glc,3565.0,India,IN,Kerala,11248.0,Idukki,3.5574,04/01/2014 12:00:00 AM,11/20/2017 03:17:00 PM,02/15/2018 03:51:00 PM,76.9408,9.8306
deccanherald,http://www.deccanherald.com/content/101745/landslide-mlore-blore-train-cancelled.html,2536,10/03/2010 07:00:00 PM,,Sakleshpur : A landslide at Sirivagilu near Subramanya forced cancellation of Kannur-Yeshwanthpur train on Sunday evening. A retaining wall built nea*,"A landslide at Sirivagilu near Subramanya forced cancellation of Kannur-Yeshwanthpur train on Sunday evening. A retaining wall built near the railway line collapsed around  7 pm, blocking the track. The train which arrived at Mangalore station from Kannur could not proceed due to the landslide. Though the debris are being cleared, officials in the Railways said that the train was cancelled as they were not sure of clearing the track by Sunday night.",,50km,landslide,unknown,medium,unknown,0.0,,,,,glc,2536.0,India,IN,Karnataka,24931.0,Sakleshpur,27.99881,09/15/2014 05:18:00 PM,11/20/2017 03:17:00 PM,02/15/2018 03:51:00 PM,75.5844,12.7796
Indian 24 News,http://www.indian24news.com/india/landslips-snap-road-connectivity-to-kodaikanal/69415-news,8988,12/07/2015 12:00:00 AM,,Upper Kodaikanal Road,"Landslips on Upper Kodaikanal Road near Pallangi and on Batlgundu-Thandigudi Ghat Road near Perumparai cut off road connectivity to Kodaikanal hill here on Sunday.  Traffic was disrupted for more than an hour and vehicles were stranded on both directions of these roads. Bus services to Pallangi, Attuvampatti and Kombaikadu and vehicles proceeding to Thandigudi from Dindigul were not operated for some time.  The highways officials used earth-movers to clear boulders and heaps of soil and created temporary path to enable vehicles to cross the landslip areas.  However, incessant rains on the hill made the rehabilitation work tough.  Already, they expedited construction of retention wall at weak spots to prevent further landslips on Palani-Kodaikanal highway.  Heavy rains pushed down soil and boulders at weak spots on the ghat road, said officials. Drivers were advised to drive vehicles at slow speed while crossing these spots. Already, mist and rains blinded vision of the drivers. The Hig",Upper Kodaikanal Road,1km,landslide,rain,medium,above_road,0.0,0.0,,http://www.thehindu.com/multimedia/dynamic/02647/06dec_dgrajns4__07_2647798f.jpg,,glc,8988.0,India,IN,Tamil Nadu,35021.0,Kodaikānāl,1.80154,07/15/2016 06:03:00 PM,11/20/2017 03:17:00 PM,02/15/2018 03:51:00 PM,77.4767,10.2288
Kaumudi Online,http://www.kaumudiglobal.com/innerpage1.php?newsid=67272,7292,07/27/2015 09:30:00 AM,,"near a hill at Puthuvacherry, in Peralassery in Kannur",Two people died in a mudslide at Puthavacheri in Kannur. They have been identified as Subair (50) of Perlasseri and Babu (45). Earth had caved in behind Subair’s house earlier.,"near a hill at Puthuvacherry, in Peralassery in Kannur",5km,mudslide,mining,small,urban,2.0,0.0,,http://media.newindianexpress.com/landslip.jpg/2015/07/28/article2943979.ece/alternates/w620/landslip.jpg,,glc,7292.0,India,IN,Kerala,62836.0,Cannanore,0.96227,10/21/2015 06:39:00 PM,11/20/2017 03:17:00 PM,02/15/2018 03:51:00 PM,75.4856,11.8348
United Nations Development Programme - Relief Web,http://www.reliefweb.int/rw/RWB.NSF/db900SID/MCON-74J2QF?OpenDocument,101,06/25/2007 12:00:00 AM,,Wayanad,4 deaths reported b/w Wayanad and Kozhikode,Wayanad,50km,landslide,monsoon,large,unknown,4.0,,,,,glc,101.0,India,IN,Kerala,11651.0,Panamaram,3.87096,01/08/2016 11:23:00 PM,11/20/2017 03:17:00 PM,02/15/2018 03:51:00 PM,76.074,11.7095
articles.timesofindia.indiatimes.com,http://articles.timesofindia.indiatimes.com/2013-08-10/thiruvananthapuram/41266154_1_monsoon-fury-memorandum-crossed-rs,5265,08/04/2013 12:00:00 AM,,"Idukki, Kerala","The state government has sought a financial assistance of Rs 5,660 crore from the Union government to cope with monsoon-related calamities that claimed 175 lives, damaged 60,000 houses and ravaged over 50% of roads across the state. In a memorandum submitted to Prime Minister Manmohan Singh, chief minister Oommen Chandy said monsoon-related calamities were to be considered a national disaster and the state -- which had been fighting the ill- effects of severe drought till a couple of months ago -- was not in a position to handle the financial implications of rain devastation in Kerala. Monsoon rainfall in 2013 had exceeded the forecast, causing landslides and floods in several districts. Coastal erosion compounded the problem, damaging the state coastline significantly. Floods devastated several villages leading to evacuation and dislocation of a large number of families, the memorandum said. ""Out of the 1,51,652km of roads in the state, more than 50% have been severely damaged. Secto","Idukki, Kerala",unknown,landslide,continuous_rain,very_large,unknown,3.0,,,,,glc,5265.0,India,IN,Kerala,11248.0,Idukki,8.6519,04/01/2014 12:00:00 AM,11/20/2017 03:17:00 PM,02/15/2018 03:51:00 PM,77.011,9.9147
The Hindu,http://www.thehindu.com/news/national/karnataka/trains-delayed-owing-to-mishap/article8861760.ece,9006,07/16/2016 03:00:00 PM,,"Kulashekara-Konguru Mutt Road (Kongoor Mutt Road) near Mangaluru Junction-Panambur Railway line, near Mangaluru, India","In an unrelated incident, there was a minor landslide off Kulashekara-Konguru Mutt Road near Mangaluru on Saturday afternoon abutting the Mangaluru Junction-Panambur Railway line, which is now being doubled.  The damaged portion was a part of hill-cutting exercise being undertaken by the Southern Railway for doubling the line. It is said that the landslip occurred when an earthmover engaged in hill cutting was being moved atop the hillock. However, there was no casualty.  The landslip however has put a few houses adjoining the area and the connecting road under threat.","Kulashekara-Konguru Mutt Road (Kongoor Mutt Road) near Mangaluru Junction-Panambur Railway line, near Mangaluru, India",5km,landslide,construction,small,above_road,0.0,0.0,,,,glc,9006.0,India,IN,Karnataka,417387.0,Mangalore,3.99389,07/18/2016 03:05:00 PM,11/20/2017 03:17:00 PM,02/15/2018 03:51:00 PM,74.8859,12.8962
dailypioneer.com,http://dailypioneer.com/nation/87976-rain-fury-returns-to-kerala.html,4484,08/17/2012 12:00:00 AM,,"(Thalanadu - Teekoy hwy), Erattupetta, Kottayam (Thalanadu - Teekoy hwy)","Monsoon fury returned to Kerala on Friday after sowing devastation in the State’s northern region 10 days ago. Four persons died and two were reported missing in a landslide near Kothamangalam in Ernakulam district on Friday as rain-related tragedies kept flowing in from various locations in the central and eastern regions. Thanikkuzhi Narayanan died of cardiac arrest from the shock of seeing a massive landslide at Block 4, Kadavoor in Paingottoor Panchayat near Kothamangalam. The body of Vattakkunnel Ouseph was found among the debris brought by the landslide which occurred at about 3.30 pm Friday.At least seven houses were smashed and washed away in the landslide. “I heard a big sound which I can compare to nothing. Then the trees, rocks and soil just tumbled down off the hilltop swallowing everything on the way,” said Varkey, a local resident of Kadavoor. “Torrential rains have been lashing this area since Thursday morning,” he added.One person rescued the mud accumulated from the la","(Thalanadu - Teekoy hwy), Erattupetta, Kottayam (Thalanadu - Teekoy hwy)",1km,landslide,downpour,medium,unknown,,,,,,glc,4484.0,India,IN,Kerala,33408.0,Erāttupetta,3.67394,04/01/2014 12:00:00 AM,11/20/2017 03:17:00 PM,02/15/2018 03:51:00 PM,76.8168,9.6991
Telegraph,http://www.telegraph.co.uk/news/worldnews/southamerica/peru/9616642/At-least-11-killed-as-mudslide-engulfs-small-village-in-Peru.html,4592,10/22/2012 09:00:00 AM,,"(between Burliar and Kallar) Nilgiris, Tamil Nadu,","Those killed in the landslide include five children, Ronald Garcia, the provincial mayor, told RPP national radio network.The avalanche of mud and rocks swept away 24 homes when it crashed into the village of El Porvenir, in the northern department of San Martin, at dawn.The head of Peru's Civil Defense Institute, Alfredo Murgueytio, told the daily El Comercio in an interview posted online that rescuers pulled 11 bodies from the rubble, and that 10 people are still missing.Mayor Garcia said that some of the missing people may have fled into the hills to save their lives.","(between Burliar and Kallar) Nilgiris, Tamil Nadu,",1km,landslide,rain,medium,unknown,,,,,,glc,4592.0,India,IN,Kerala,30832.0,Elūr,4.38986,04/01/2014 12:00:00 AM,11/20/2017 03:17:00 PM,02/15/2018 03:51:00 PM,76.322,10.077
The Hindu,http://www.thehindu.com/news/cities/Coimbatore/woman-dies-in-mudslide-at-construction-site/article8473470.ece,9409,04/13/2016 01:00:00 PM,,a construction site on Tiger Hill Road,"the workers were excavating mud from a low-lying area to construct the basement of a house, when mud fell on them",a construction site on Tiger Hill Road,5km,mudslide,construction,small,unknown,1.0,0.0,,,,glc,9409.0,India,IN,Tamil Nadu,20254.0,Wellington,3.11294,08/04/2016 02:04:00 PM,11/20/2017 03:17:00 PM,02/15/2018 03:51:00 PM,76.8076,11.3464
Daji World,http://www.daijiworld.com/news/news_disp.asp?n_id=335729,7198,07/14/2015 12:00:00 AM,,Farangipete,Three labourers died after they got trapped under a pile of mud following a landslip at a construction site at Farangipet,Farangipete,1km,landslide,continuous_rain,small,other,3.0,0.0,,,,glc,7198.0,India,IN,Karnataka,37619.0,Bantvāl,9.33914,07/15/2015 01:51:00 PM,11/20/2017 03:17:00 PM,02/15/2018 03:51:00 PM,74.9566,12.8747
The Economic Times,http://economictimes.indiatimes.com/industry/transportation/railways/alert-driver-halts-ooty-train-after-landslide-averts-mishap/articleshow/48844442.cms,7950,09/06/2015 07:10:00 AM,,"Ooty, India",,"Ooty, India",1km,rock_fall,unknown,medium,above_road,0.0,0.0,,,,glc,7950.0,India,IN,Tamil Nadu,98238.0,Ooty,1.04234,06/30/2016 02:32:00 PM,11/20/2017 03:17:00 PM,02/15/2018 03:51:00 PM,76.6952,11.404
daijiworld,http://www.daijiworld.com/news/news_disp.asp?n_id=82343,2180,07/31/2010 08:00:00 AM,,"Padil, NH - 48",Traffic had lined up for over three kilometres up to Valachil from Padil here on national highway 48 creating a major chaos in the early morning on Saturday July 31.,"Padil, NH - 48",5km,landslide,downpour,medium,unknown,0.0,,,,,glc,2180.0,India,IN,Karnataka,417387.0,Mangalore,6.02638,04/01/2014 12:00:00 AM,11/20/2017 03:17:00 PM,02/15/2018 03:51:00 PM,74.8862,12.8715
hindu,http://www.hindu.com/thehindu/holnus/004200802131242.htm,451,02/13/2008 12:00:00 AM,,Alwarpet in Coonoor,2 injured,Alwarpet in Coonoor,10km,landslide,rain,medium,unknown,,,,,,glc,451.0,India,IN,Tamil Nadu,20254.0,Wellington,1.94569,04/01/2014 12:00:00 AM,11/20/2017 03:17:00 PM,02/15/2018 03:51:00 PM,76.7937,11.3484
ibnlive.in,http://ibnlive.in.com/news/landslides-shake-idukki-district/283297-60-116.html,4488,08/17/2012 12:00:00 AM,,"Pullupara, Perunanthanam, kerala","Four persons were injured on Friday in a landslide at Pullupara, Peruvanthanam, owing to heavy rains that occurred in various parts of the district.They are Saji, 48, Narayana Pillai, 60, Tony, 38, and Benny Thuruthipalli, 38. Sources in the Fire and Rescue Services Department said that the landslide had struck the tea-shop where they were having tea.The shop is situated by the side of the KK Road.They were almost completely buried in the landslip, but the timely intervention of the local people saved their lives. They were rushed to a private hospital in Mundakayam","Pullupara, Perunanthanam, kerala",5km,landslide,downpour,medium,unknown,,,,,,glc,4488.0,India,IN,Kerala,33408.0,Erāttupetta,22.89633,04/01/2014 12:00:00 AM,11/20/2017 03:17:00 PM,02/15/2018 03:51:00 PM,76.9299,9.5527
mangalorean.com,http://mangalorean.com/news.php?newstype=local&newsid=207204,2711,11/11/2010 12:00:00 AM,,"Bantwal Cross (BC) road flyover, NH48, between Mangalore and Beltangady(Belthangady) and Puttur, Bantwal, Karnataka","Bantwal, Nov 12: Heavy rains on Thursday a good part of mud to cave in near the Bantwal Cross (BC) Road flyover which is under construction on NH48 as part of four-laning work,  this work is likely to be further delayed.  Traffic  between Mangalore and Beltangady and Puttur, was disrupted for over two hours. The two-way movement on this arterial road was  totally thrown out of gear and the traffic police had a tough time in controlling the vehicular movement.","Bantwal Cross (BC) road flyover, NH48, between Mangalore and Beltangady(Belthangady) and Puttur, Bantwal, Karnataka",5km,landslide,downpour,medium,unknown,0.0,,,,,glc,2711.0,India,IN,Karnataka,37619.0,Bantvāl,1.47862,04/01/2014 12:00:00 AM,11/20/2017 03:17:00 PM,02/15/2018 03:51:00 PM,75.0327,12.8806
Deccan Herald,http://www.deccanherald.com/content/488228/landslide-halts-mluru-train-4.html,7141,07/08/2015 12:00:00 AM,,"Yedakumeri, Bengaluru-Mangaluru train","The track between Yedakumeri and Shiravagilu, near the 26th tunnel was buried under soil and boulders due to landslide on Tuesday midnight.","Yedakumeri, Bengaluru-Mangaluru train",50km,landslide,rain,small,above_road,0.0,0.0,,,,glc,7141.0,India,IN,Karnataka,24931.0,Sakleshpur,0.75413,07/10/2015 06:10:00 PM,11/20/2017 03:17:00 PM,02/15/2018 03:51:00 PM,75.7797,12.9455
articles.timesofindia.indiatimes.com,http://articles.timesofindia.indiatimes.com/2013-11-25/coimbatore/44448729_1_railway-track-mountain-train-railway-officials,5660,11/24/2013 11:00:00 PM,,"Kallar, Tamil Nadu","Train services on the Nilgiris Mountain Railways (NMR) sector has been partially cancelled between Mettupalayam and Coonoor for three days from Sunday after landslides were reported in three places. The alternative route was also closed off till 7pm on Sunday evening as the Mettupalayam-Kotagiri road was completely damaged in the flood water and repair works were being carried out. Heavy rains had caused a landslide on the railway track near Kallar. According to sources, three landslides were reported between Kallar and Runnymede railway stations. Rocks were found on the railway track at Adarly junction. The Nilgiris mountain train had started itsjourney from Mettupalayam to Ooty at 7.10am on Sunday. When railway officials heard about the landslide incident the train returned to Mettupalayam. A 25-member team put-together by the railways went to the landslide areas and began removing boulders from the tracks. Three tractors with drillers were used for drilling holes on the rocks. Gelat","Kallar, Tamil Nadu",10km,rock_fall,downpour,medium,unknown,0.0,,,,,glc,5660.0,India,IN,Tamil Nadu,28848.0,Kotagiri,8.53994,04/01/2014 12:00:00 AM,11/20/2017 03:17:00 PM,02/15/2018 03:51:00 PM,76.8691,11.344
articles.timesofindia,http://articles.timesofindia.indiatimes.com/2011-10-17/madurai/30289355_1_heavy-rains-elephant-pathway,4015,10/15/2011 12:00:00 AM,,"Palani, Dindigul district","A landslide on the 'elephant pathway' leading to the Palani Dandhayudhapani temple has caused a flutter in the pilgrimage town, on Sunday. However, no one was injured in the incident.Palani and the surrounding regions in Dindigul district were lashed by heavy rains on Saturday night. and the Palani town recorded 7cm rainfall in the last 24 hours.","Palani, Dindigul district",1km,landslide,downpour,medium,unknown,0.0,,,,,glc,4015.0,India,IN,Tamil Nadu,66085.0,Palani,0.078,04/01/2014 12:00:00 AM,11/20/2017 03:17:00 PM,02/15/2018 03:51:00 PM,77.5206,10.4497
asianetindia,http://www.asianetindia.com/news/woman-missing-landslide-vamanapuram_78168.html,1156,09/12/2009 12:00:00 AM,,"Vamanapuram, Thiruvananthapuram district in the state of Kerala",A woman was reported missing in a landslide in Vamanapuram here today. The missing had been identified as Variyamkode Suja.,"Vamanapuram, Thiruvananthapuram district in the state of Kerala",1km,landslide,rain,medium,unknown,1.0,,,,,glc,1156.0,India,IN,Kerala,36595.0,Attingal,9.88646,04/01/2014 12:00:00 AM,11/20/2017 03:17:00 PM,02/15/2018 03:51:00 PM,76.8902,8.742
ibnlive.in,http://ibnlive.in.com/news/kerala-landslide-toll-rises-to-five/283319-62-126.html,4480,08/17/2012 12:00:00 AM,,"Kadavoor, Erakulam, Kerala","he death toll in the landslide at Kadavoor in Ernakulam district rose to five on Saturday with the recovery of the body of a man, police said. Heavy rains lashing parts of Central Kerala on Friday had claimed four lives in the region - three in a landslip and another who died of a heart attack after witnessing the incident. Police, fire force and Naval personnel are engaged in search operations since early this morning to recover the body of one more person.","Kadavoor, Erakulam, Kerala",1km,landslide,downpour,medium,unknown,6.0,,,,,glc,4480.0,India,IN,Kerala,37543.0,Kotamangalam,14.26241,04/01/2014 12:00:00 AM,11/20/2017 03:17:00 PM,02/15/2018 03:51:00 PM,76.7416,10.0011
daijiworld,http://www.daijiworld.com/news/news_disp.asp?n_id=49760&n_tit=Mangalore:+Landslide+-+Train+Service+to+Bangalore+Stands+Cancelled,709,08/12/2008 12:00:00 AM,,Yedakumeri-Shiribagilu in the Hassan-Mangalore section of the line.,blocked railway line,Yedakumeri-Shiribagilu in the Hassan-Mangalore section of the line.,50km,landslide,rain,medium,unknown,,,,,,glc,709.0,India,IN,Karnataka,24931.0,Sakleshpur,17.06892,04/01/2014 12:00:00 AM,11/20/2017 03:17:00 PM,02/15/2018 03:51:00 PM,75.66,12.845
Daji World,http://www.daijiworld.com/news/news_disp.asp?n_id=314023,7127,04/22/2015 04:00:00 PM,,under the third and fourth Padil-Bajal under-bridge railway tracks,"It is learnt that when concrete slabs were being pushed below the tracks, mounds of mud fell from above. Overnight rains on Tuesday are being blamed for this situation.",under the third and fourth Padil-Bajal under-bridge railway tracks,1km,mudslide,downpour,small,above_road,0.0,0.0,,,,glc,7127.0,India,IN,Karnataka,417387.0,Mangalore,6.49607,07/09/2015 08:51:00 PM,11/20/2017 03:17:00 PM,02/15/2018 03:51:00 PM,74.8852,12.8659
hisz.rsoe,http://hisz.rsoe.hu/alertmap/site/?pageid=event_update_read&edis_id=FF-20120804-36049-IND&uid=12837,4468,07/22/2012 12:00:00 AM,,"Pulloorampara, Kerala","even people, including five members of a family, were reportedly missing in landslides at various parts of Kannur and Kozhikode districts on Monday evening. The five-member family of Biju of Thundathil house was reportedly washed away at Aanakampoyil at Pulloorampara. There were unconfirmed reports that the body of Biju’s three-and-a-half-year-old son, Kuttan, had been recovered. Two people, identified as Gopalan and Varkey, were reported missing in the landslide at Kodencherry in the district. Rescue operations were going on till late in the night. Heavy rains accompanied by landslides wreaked havoc in Iritty and other high range regions of Kannur district on Monday. Landslides threw life out of gear in Vaniyambara in Ayyankunnu panchayat and in Pulloorampara near Thiruvambadi in Kozhikode. The landslides, besides causing heavy damage to several houses, crops and business establishments, also unleashed flash floods in Vaniyambara and Vallithode. A 10-year-old bridge at Odichikunnu was","Pulloorampara, Kerala",5km,landslide,downpour,medium,unknown,,,,,,glc,4468.0,India,IN,Kerala,28313.0,Mavoor,20.20958,04/01/2014 12:00:00 AM,11/20/2017 03:17:00 PM,02/15/2018 03:51:00 PM,76.0376,11.405
India Times,http://timesofindia.indiatimes.com/Bangalore/Woman_killed_in_Nilgiri_landslides/articleshow/2494313.cms,326,10/26/2007 12:00:00 AM,,"Nilgiri, Nondimedu on the Ooty-Coonoor road","20 landslides reported, heavy rains started Friday in district, ls killing woman occurred at 1:30am","Nilgiri, Nondimedu on the Ooty-Coonoor road",25km,landslide,rain,large,unknown,,,,,,glc,326.0,India,IN,Tamil Nadu,98238.0,Ooty,0.97335,04/01/2014 12:00:00 AM,11/20/2017 03:17:00 PM,02/15/2018 03:51:00 PM,76.6953,11.4046
www.business-standard.com,http://www.business-standard.com/article/current-affairs/mullaperiyar-dam-near-to-full-landslides-at-naliyani-villanchira-113080700331_1.html,5292,08/07/2013 06:00:00 PM,,"Naliyani, Near Thodupuzha Town","Meanwhile, fresh landslides were reported at two locations at Naliyani, near Thodupuzha town, and at Villanchira, near Neryamangalam. There was no casualty.","Naliyani, Near Thodupuzha Town",5km,landslide,monsoon,medium,unknown,0.0,,,,,glc,5292.0,India,IN,Kerala,11248.0,Idukki,11.1554,04/01/2014 12:00:00 AM,11/20/2017 03:17:00 PM,02/15/2018 03:51:00 PM,76.8661,9.835
deccanchronicle,http://www.deccanchronicle.com/channels/cities/regions/madurai/landslide-snaps-kodai-plains-259,4033,11/03/2011 12:00:00 AM,,"Palani-Kodaikanal Ghat road, Kodaikanal","Tourist inflow to Kodaikanal, the princess of hill resorts, remains badly hit, thanks to landslips caused by heavy rainfall. Traffic remains closed on three access routes to the hill station - Palani-Kodaikanal Ghat road, Thandikudi-Kodaikanal and Periyakulam-Kodaikanal (via Adukkam) roads for the last couple of days. The Batlagundu-Kodaikanal ghat road is the only route in use to reach the hill town.Even two days after the occurrence of a landslip caused by torrential showers, traffic remains closed on the Palani-Kodaikanal Ghat road, mostly used by heavy vehicles for transporting building materials to the hills and vegetables to the plains, besides tourists from Kerala and the western belt of Tamil Nadu.An official in the state highways department that is undertaking restoration works said it would take a few more days to restore traffic on the 63 km-long vulnerable ghat road which suffered a massive landslip at the same place and period last year disrupting traffic for almost a mont","Palani-Kodaikanal Ghat road, Kodaikanal",5km,landslide,downpour,medium,unknown,0.0,,,,,glc,4033.0,India,IN,Tamil Nadu,35021.0,Kodaikānāl,2.82998,04/01/2014 12:00:00 AM,11/20/2017 03:17:00 PM,02/15/2018 03:51:00 PM,77.5146,10.2445
www.deccanchronicle.com,http://www.deccanchronicle.com/130807/news-current-affairs/article/athirapilly-falls-closed-tourists,5294,08/07/2013 12:00:00 AM,,Ambalappara In Thrissur,"Earlier, the inter-state Athirapilly - Pollachi route via Vazhachal and Malakkapara was closed to traffic due to landslide triggered by rains at Ambalappara  in Thrissur. ",Ambalappara In Thrissur,25km,landslide,monsoon,medium,unknown,,,,,,glc,5294.0,India,IN,Kerala,25436.0,Kuttampuzha,17.19198,04/01/2014 12:00:00 AM,11/20/2017 03:17:00 PM,02/15/2018 03:51:00 PM,76.7604,10.3031
The Hindu,http://www.thehindu.com/news/national/tamil-nadu/ghat-road-leading-to-temple-closed-following-landslip/article7831586.ece,8892,10/31/2015 12:00:00 AM,,Arthanareeswarar Temple,"Downpour for about three hours on Saturday evening led to landslip, the second in the last four days, on the ghat road leading to Arthanareeswarar Temple situated atop a hillock in the town in the early hours of Sunday.  Due to sharp showers, landslip was reported near the fourth bend on Thursday. This led to closure of road for traffic and the district administration launched restoration works instantly.  Heavy rainfall lashed Tiruchengode town and the surrounding areas again on Saturday evening. Landslip took place again on Sunday morning, this time near the first bend.  On receiving information, V. Dakshinamoorthy, Collector, rushed to the spot and inspected the entire stretch of the damaged road walking for about a km.        Mahatma, Revenue Divisional Officer, Tiruchengode; Pon Saraswathi, Chairperson, Tiruchengode Municipality, and PWD and HR and CE officials accompanied the Collector.  The Collector said that the Government had sanctioned Rs. 21 lakh for the road restoration wo",Arthanareeswarar Temple,exact,landslide,downpour,small,above_road,0.0,0.0,,,,glc,8892.0,India,IN,Tamil Nadu,87123.0,Tiruchengode,0.82855,07/11/2016 04:55:00 PM,11/20/2017 03:17:00 PM,02/15/2018 03:51:00 PM,77.8987,11.374
www.deccanchronicle.com,http://www.deccanchronicle.com/130806/news-current-affairs/article/special-landslides-rain-havoc-kerala,5280,08/05/2013 08:00:00 AM,,"Thadiyambadu Near Painavu, Kerala","At Thadiyambadu near Painavu, two sisters, Josma (16) and Josmy (13), died when mud slipped from a hillock onto their house early on Monday morning. The two were fast asleep in their room. They were students of St George High School, Vazhathope. Their parents, Joseph and Beena, escaped with minor injuries.","Thadiyambadu Near Painavu, Kerala",1km,landslide,monsoon,medium,unknown,2.0,2.0,,,,glc,5280.0,India,IN,Kerala,11248.0,Idukki,3.2126,04/01/2014 12:00:00 AM,11/20/2017 03:17:00 PM,02/15/2018 03:51:00 PM,76.9683,9.879
hindu,http://www.hindu.com/2010/11/24/stories/2010112450790100.htm,2729,11/16/2010 12:00:00 AM,,"road near Saverikadu village(?), between Palani and Kodaikanal, Tamil Nadu province",The Highways Department had earlier closed traffic on Palani-Kodaikanal ghat road after a massive landslide near Saverikadu village recently. It has started the construction of a permanent structure to prevent further landslides in this village.,"road near Saverikadu village(?), between Palani and Kodaikanal, Tamil Nadu province",10km,landslide,downpour,medium,unknown,0.0,,,,,glc,2729.0,India,IN,Tamil Nadu,35021.0,Kodaikānāl,9.71213,04/01/2014 12:00:00 AM,11/20/2017 03:17:00 PM,02/15/2018 03:51:00 PM,77.5277,10.3184
Times Of India,http://timesofindia.indiatimes.com/city/kozhikode/Youth-killed-in-landslide-in-Idukki/articleshow/52757398.cms,9141,06/15/2016 09:00:00 AM,,"Vazhavara, Idukki, Kerala, India","Former SFI Idukki district president Joby John was killed and his mother was seriously injured when mounds of earth and rocks fell on their home following heavy rain at Vazhavara early on Wednesday, aid the police.   The incident occurred around 6am when Joby and his father Johnny, mother Chinnamma were sleeping in their home.   There was a landslide50 feet above their home on Wednesday. Joby and his mother were trapped underneath the rubble and his father managed to escape somehow. He alerted neighbours and they rescued his wife. She is recuperating at a private hospital in Kattappana.   They couldn't extricate Joby and finally the fire force rescued him and he died. His funeral was held at the St May's church after autopsy. Joby had served as the state committee member, DYFI district block president and was a member of the CPM local committee here.","Vazhavara, Idukki, Kerala, India",1km,rock_fall,downpour,medium,unknown,2.0,1.0,,,,glc,9141.0,India,IN,Kerala,11248.0,Idukki,11.91942,07/22/2016 08:46:00 PM,11/20/2017 03:17:00 PM,02/15/2018 03:51:00 PM,77.0611,9.7967
articles.timesofindia.indiatimes.com,http://articles.timesofindia.indiatimes.com/2013-08-10/thiruvananthapuram/41266154_1_monsoon-fury-memorandum-crossed-rs,5264,08/04/2013 12:00:00 AM,,Kerala,"The state government has sought a financial assistance of Rs 5,660 crore from the Union government to cope with monsoon-related calamities that claimed 175 lives, damaged 60,000 houses and ravaged over 50% of roads across the state. In a memorandum submitted to Prime Minister Manmohan Singh, chief minister Oommen Chandy said monsoon-related calamities were to be considered a national disaster and the state -- which had been fighting the ill- effects of severe drought till a couple of months ago -- was not in a position to handle the financial implications of rain devastation in Kerala. Monsoon rainfall in 2013 had exceeded the forecast, causing landslides and floods in several districts. Coastal erosion compounded the problem, damaging the state coastline significantly. Floods devastated several villages leading to evacuation and dislocation of a large number of families, the memorandum said. ""Out of the 1,51,652km of roads in the state, more than 50% have been severely damaged. Secto",Kerala,unknown,mudslide,downpour,large,unknown,,,,,,glc,5264.0,India,IN,Kerala,49330.0,Kizhake Chālakudi,10.61205,04/01/2014 12:00:00 AM,11/20/2017 03:17:00 PM,02/15/2018 03:51:00 PM,76.4319,10.3228
articles.timesofindia.indiatimes.com,http://articles.timesofindia.indiatimes.com/2013-07-24/kochi/40770572_1_granite-quarry-perumbavoor-migrant-labourer,5171,07/23/2013 08:45:00 AM,,"Vengola, Kerala","At least three persons have been trapped in a heap of mud and rock following a landslide at a granite quarry at Vengola near Perumbavoor on Tuesday. Police personnel, fire and rescue workers and local people were engaged in rescue operations late into the night. Police said Mohanan, Santhosh and Vijayan, all residents of Perumbavoor, are believed to be trapped in the rubble. Residents, however, claimed that a migrant labourer had also been trapped. Two persons, Raju of Perumbavoor and a migrant labourer from Odisha, were rescued from the rubble and they are undergoing treatment at hospitals in Kolenchery and Kochi. Vijayan has been reportedly running the quarry after leasing it out from the original owner. Police said a portion of the land, mainly huge rocks and mud, fell off the top of the quarry around 8.45 am. They could rescue Raju, operator of the escavator engaged in loading rocks on to a truck, and his assistant with the help of fire and rescue personnel. ""Efforts are on to rem","Vengola, Kerala",5km,rock_fall,unknown,small,unknown,2.0,2.0,,,,glc,5171.0,India,IN,Kerala,26550.0,Perumbavoor,5.96082,04/01/2014 12:00:00 AM,11/20/2017 03:17:00 PM,02/15/2018 03:51:00 PM,76.4788,10.0533
The Hindu,http://www.thehindu.com/news/national/kerala/heavy-rain-lashes-state/article19155713.ece,10011,06/27/2017 01:10:00 PM,,Landslide blocks road on Wayanad pass,"Heavy rain, up to 20 cm, throughout Kerala state on 6/27, landslide on hilly Wayanad pass. Blocks 1.5 lanes of Highway 766.","Highway 766, Wayanad District, Kerala State, India",1km,landslide,continuous_rain,small,above_road,0.0,0.0,,http://www.thehindu.com/news/national/kerala/article19156489.ece/alternates/FREE_660/28tvwylandslideonghatroads1,,,,,,,,,,06/29/2017 01:10:00 PM,11/20/2017 03:17:00 PM,02/15/2018 03:51:00 PM,76.01854791,11.51185539
Hindu,http://www.thehindu.com/news/states/kerala/article2333186.ece,3885,08/06/2011 09:00:00 AM,,Kanamala in Erumeli Panchayat,"Massive loss to crop and property have been reported from the high ranges areas of the district bordering neighbouring Idukki district in the heavy rains that lashed the area during the past 24 hours.  Major landslides have been reported from Pallippady in Koruthode panchayat, Cholathadam in Poonjar Thekkekkara panchayat and Kanamala in Erumeli Panchayat, during early hours of Sunday, authorities said. Parathode panchayat in near Kanjirappally witnessed widespread landslips. Losses to houses have also been reported from Koruthode panchayat.  Most of the affected area falls under Poonjar and Pala assembly segments. Speaking to The Hindu, P.C. George MLA, who represents Poonjar said, governmental machinery has already been pressed in for relief operations. The Erattupetta-Pala Road and Pala-Ponkunnam Road remained inundated in many areas disrupting vehicular traffic. ",Kanamala in Erumeli Panchayat,5km,landslide,downpour,medium,unknown,,,,,,glc,3885.0,India,IN,Kerala,38285.0,Pathanāmthitta,24.22781,04/01/2014 12:00:00 AM,11/20/2017 03:17:00 PM,02/15/2018 03:51:00 PM,76.8696375,9.497393176
Daijiworld.com,,166,08/09/2007 12:00:00 AM,,Mangalore,closest to predicted location of Dahanu (792.36 km),Mangalore,10km,landslide,rain,medium,unknown,,,,,,glc,166.0,India,IN,Karnataka,417387.0,Mangalore,4.93601,04/01/2014 12:00:00 AM,11/20/2017 03:17:00 PM,02/15/2018 03:51:00 PM,74.8481,12.8733
ibnlive.in,http://ibnlive.in.com/news/crops-worth-rs-185-lakh-destroyed-in-idukki/156739-60-116.html,3566,06/02/2011 12:00:00 AM,,"Munnar, Idukki district, Kerala","Jun 05, 2011 at 12:04pm IST  KATTAPPANA: The heavy rain which has been lashing the district for the last several days has caused heavy damage to crops and property. According to the Agriculture Department sources, crops worth Rs 18.5 lakh in 150 hectares of land have been destroyed. The farmers in Thodupuzha, Peermade and Idukki taluk suffered a major loss as the crops got damaged in the rain. Three houses were fully damaged and over 17 houses were partially damaged in several parts of the district. Landslides were reported in Thodupuzha, Kulamavvu, Munnar and Elappara in the last two days. Power supply was disrupted in many parts of Idukki owing to the snapping of transmission lines. Traffic on many roads in and around the district was also disrupted owing to landslides. Landslide occurred over Past 2 days.","Munnar, Idukki district, Kerala",10km,landslide,downpour,medium,unknown,0.0,,,,,glc,3566.0,India,IN,Kerala,68000.0,Munnar,0.93276,04/01/2014 12:00:00 AM,11/20/2017 03:17:00 PM,02/15/2018 03:51:00 PM,77.0696,10.0838
The Hindu,http://www.thehindu.com/todays-paper/tp-national/tp-tamilnadu/landslip-blocks-traffic-for-3-hours/article17660884.ece,10731,03/24/2017 03:26:00 PM,,Coonoor-Mettupalayam Road Landslip Caused by Broken Pipeline,"A landslip occurred on the National Highways along Coonoor- Mettupalayam Road near Kurumbapadi, around 10-12 km away from Coonoor, blocking traffic for over three hours on Friday.  Fire and Rescue Services Department officials said that a broken pipeline loosened some of the soil by the side of the road, leading to the landslip. A tree also fell on the road, and traffic came to a standstill at around 2.30 a.m. on Friday.","Coonoor-Mettupalayam Road, near Kurumbapadi, 10-12 km from Coonoor, Tamil Nadu, India",5km,landslide,leaking_pipe,small,above_road,0.0,0.0,,,Time approximated from when traffic came to a standstill,,,,,,,,,09/25/2017 03:26:00 PM,12/01/2017 11:10:00 PM,02/15/2018 03:51:00 PM,76.869056,11.339753
The Hindu,http://www.thehindu.com/news/cities/Coimbatore/Heavy-rain-triggers-landslips-in-Nilgiris/article16643579.ece,10726,11/16/2016 03:00:00 PM,,Landslide near Katteri Park,A tree fell on the road near Katteri Park due to landslide and was cleared early in the morning.,"Katteri Park, Tamil Nadu, India",exact,landslide,rain,small,,0.0,0.0,,,,,,,,,,,,07/12/2017 02:00:00 PM,12/01/2017 11:10:00 PM,02/15/2018 03:51:00 PM,76.801586,11.329547
The Hindu,http://www.thehindu.com/news/cities/Thiruvananthapuram/three-killed-and-one-injured-in-house-collapse-in-nedumangad/article17998275.ece,10722,04/13/2017 01:34:00 PM,,Fatal landslide in Chembakasserikonam,"Landslide during downpour causes house to collapse, killing 3 and injuring one. Other house also damaged.","Nedumangad, Thiruvananthapuram, Kerala State, India",5km,landslide,downpour,small,urban,3.0,1.0,,,,,,,,,,,,07/28/2017 01:34:00 PM,12/01/2017 10:55:00 PM,02/15/2018 03:51:00 PM,76.97925203,8.584503303
The Hindu,http://www.thehindu.com/news/cities/Coimbatore/Heavy-rain-triggers-landslips-in-Nilgiris/article16643579.ece,10725,11/16/2016 03:00:00 PM,,Landslide at Mettupalayam,A landslip along the Nilgiri Mountain Railway (NMR) route between Mettupalayam and Hillgrove station led to services being delayed by three hours.  But the route was quickly cleared and services resumed by afternoon.,"Mettupalayam, Tamil Nadu, India",1km,landslide,rain,small,,0.0,0.0,,,,,,,,,,,,07/12/2017 02:00:00 PM,12/01/2017 11:10:00 PM,02/15/2018 03:51:00 PM,76.94171,11.28965
Times of India,http://timesofindia.indiatimes.com/city/trichy/4-construction-workers-buried-alive-in-landslip-in-coonoor/articleshow/56134867.cms,10728,12/22/2016 01:57:00 PM,,Landslide in Coonoor,"Four construction workers were buried alive and one was badly injured in a landslide which occurred at a private construction site, on Thursday, near Coonoor, in the Nilgiris. The injured worker was rushed to the Coonoor Government Hospital. All five construction workers hail from Dharmapuri district. Construction work is going on to convert a private tea estate near Bellattimattam, 6km away from Coonoor. Road-laying work is also being carried out at the site. A revetment to support the road being laid within the estate was underway on Thursday. A sudden landslide at the site left four workers buried alive, according to Sivakumar, Coonoor tahsildhar. ""The terrain is so difficult that we are not able to use an earth-mover to remove the bodies. Excavation is being done manually,"" said the official.","Coonoor, Tamil Nadu, India",5km,landslide,construction,medium,engineered_slope,4.0,1.0,,,,,,,,,,,,08/04/2017 12:57:00 PM,12/01/2017 11:10:00 PM,02/15/2018 03:51:00 PM,76.791735,11.35008
The Hindu,http://www.thehindu.com/news/cities/Coimbatore/Landslip-in-Adderly-NMR-services-partially-cancelled/article17127087.ece,10732,01/30/2017 08:07:00 PM,,Adderly Railway Station Minor Landslip in Coonoor,"The Nilgiri Mountain Railway (NMR) train services between Coonoor and Mettupalayam have been stopped since Monday evening, following a minor landslip near Adderly Railway Station in Coonoor. Sources said that a rock fell on the railway track near Adderly on Monday.","Adderly Railway Station, Coonoor, The Nilgiris, Tamil Nadu, 643101",1km,rock_fall,unknown,small,above_road,0.0,0.0,,,,,,,,,,,,10/25/2017 07:07:00 PM,12/01/2017 11:10:00 PM,02/15/2018 03:51:00 PM,76.79310973,11.34376314
Business Standard,http://www.business-standard.com/article/pti-stories/landslip-near-barliar-traffic-hit-for-over-two-hours-116121400496_1.html,10730,12/14/2016 01:59:00 PM,,Landslip near Barlair,"Vehicular traffic was disrupted for about two and half hours today on  Mettupalayam-Udhagamandalam Road, following landslip near Barliar in Nilgiris district, following heavy rains that lashed the area last night.    A big boulder and four trees fell on the road on 9th Hairpin bend around 8.30 AM, paralyzing traffic on the highway, police said.","9th Hairpin Bend, Mettupalayam-Udhagamandalam Road, near Barliar, Tamil Nadu, India",5km,landslide,rain,medium,above_road,0.0,0.0,,,,,,,,,,,,07/17/2017 12:59:00 PM,12/01/2017 11:10:00 PM,02/15/2018 03:51:00 PM,76.841106,11.339839
India.com,http://www.india.com/news/agencies/nmr-service-cancelled-today-after-landslide-trees-on-track-2106569/,10727,05/07/2017 01:22:00 PM,,Landslides along Nilgiris Mountain Railway,"Article: ""Upooted trees were found on track at various places between Mettupalayam and Coonoor, necessitating cancellation of services for today, railway sources said. The area has been experiencing moderate to heavy rains resulting in landslide and uprooting of trees, they said, adding restoration works are in progress and are expected to be cleared by evening.""","Coonoor, The Nilgiris, Tamil Nadu, India",5km,landslide,continuous_rain,small,above_road,0.0,0.0,,,,,,,,,,,,07/14/2017 01:22:00 PM,12/01/2017 11:10:00 PM,02/15/2018 03:51:00 PM,76.84947966,11.34942664
The Times of India,http://timesofindia.indiatimes.com/city/coimbatore/mountain-rail-services-stopped-after-landslide/articleshow/56014094.cms,10729,12/16/2016 01:22:00 PM,,Landslide on Railway,"Nilgiris Mountain Rail services have been suspended for three days after a major landslide occurred between Kallar and Hillgrove. The Nilgiris region has been experiencing heavy rainfall since last night as cyclone Vardah is crossing over to Andhra Pradesh. Railways officials checked the extent of damage later that morning and announced that NMR services would be suspended for a few days. ""The landslide seems to have been severe and there are massive boulders strewn between Hillgrove, around 17km from Mettupalayam, and Kallar,"" said the Salem division spokesperson.",Railway between Kallar and Hillgrove,10km,landslide,tropical_cyclone,small,above_road,0.0,0.0,Cyclone Vardah,,,,,,,,,,,07/26/2017 01:22:00 PM,12/01/2017 11:10:00 PM,02/15/2018 03:51:00 PM,76.903045,11.328578
