source_name,source_link,event_id,event_date,event_time,event_title,event_description,location_description,location_accuracy,landslide_category,landslide_trigger,landslide_size,landslide_setting,fatality_count,injury_count,storm_name,photo_link,notes,event_import_source,event_import_id,country_name,country_code,admin_division_name,admin_division_population,gazeteer_closest_point,gazeteer_distance,submitted_date,created_date,last_edited_date,longitude,latitude
One India,https://www.oneindia.com/2009/07/23/darjeelingtoy-trainsuspended.html,1055,07/22/2009 12:00:00 AM,,"Kerseong, West Bengal ","The disruption of popular toy train services in Darjeeling disappointed the tourists as the rail track was damaged by the landslides in the region. The track has been washed away at Gayabari, Kerseong and Darjeeling due to heavy incessant rainfall and landslides from the hills.","Kerseong, West Bengal ",10km,landslide,downpour,medium,unknown,0.0,,,,,glc,1055.0,India,IN,Bengal,46427.0,Kārsiyāng,0.15035,04/01/2014 12:00:00 AM,11/20/2017 03:17:00 PM,02/15/2018 03:51:00 PM,88.2788,26.8826
One India,https://www.oneindia.com/2009/07/23/darjeelingtoy-trainsuspended.html,1054,07/22/2009 12:00:00 AM,,"Gayabari,  West Bengal ","The disruption of popular toy train services in Darjeeling disappointed the tourists as the rail track was damaged by the landslides in the region. The track has been washed away at Gayabari, Kerseong and Darjeeling due to heavy incessant rainfall and landslides from the hills.","Gayabari,  West Bengal ",10km,landslide,downpour,medium,unknown,0.0,,,,,glc,1054.0,India,IN,Bengal,46427.0,Kārsiyāng,4.62496,04/01/2014 12:00:00 AM,11/20/2017 03:17:00 PM,02/15/2018 03:51:00 PM,88.3143,26.8572
Telegraph India,https://www.telegraphindia.com/1090707/jsp/siliguri/story_11202557.jsp,1061,07/01/2009 05:40:00 AM,,Bridge destroyed at 4th Mile,Landslides triggered by heavy rains hit an iron bridge on the North Sikkim Highway over Bar Khola at 4th Mile at around 5:40 am.,"4th Mile, Lower Mangshila in North Sikkim",1km,landslide,downpour,medium,unknown,0.0,,,,"Original source is unknown, but it appears to have given the time.",glc,1061.0,India,IN,,1464.0,Mangan,3.541,04/01/2014 12:00:00 AM,11/20/2017 03:17:00 PM,02/15/2018 03:51:00 PM,88.527,27.478
E-Pao,http://www.e-pao.net/GP.asp?src=28..210810.aug10,2164,07/29/2010 11:00:00 PM,,"Chingai-Kuingai(Quingai) route (16 kms), Chingai subdivision, Ukhrul district, Manipur","Since the Chingai-Quingai road has been sunk due to landslides at various points following heavy rainfall that occured twice during the past 20 days, nearly 5,000 villagers of five villages in the sub-division are facing the alarming possibility of starvation.  The road from Chingai to Quingai in Chingai sub-division of Ukhrul district connects Quingai, Chalou, New Tasom, Tasom CV and Tasom Khullen villages.  However, the road has been disconnected in various places due to heavy rainfall that occurred on the night between July 29 and 30 and again on the night of August 15 .  According to Secretary, Information and Publicity, Northern Raphei Students' Union (NRSU), HAS Thuingaleng, nearly 5,000 villagers of the said villages have been facing extreme hardship.  The wooden bridge over Rondei river had been washed away by the powerful current of the river disconnecting the road.  Moreover, landslides have occurred completely blocking the road at different places.  However, due to the heavy","Chingai-Kuingai(Quingai) route (16 kms), Chingai subdivision, Ukhrul district, Manipur",25km,landslide,downpour,medium,unknown,0.0,,,,,glc,2164.0,India,IN,Manipur,15118.0,Phek,39.51186,04/01/2014 12:00:00 AM,11/20/2017 03:17:00 PM,02/15/2018 03:51:00 PM,94.48214677,25.3098633
Nagaland Post,http://www.nagalandpost.com/ChannelNews/State/StateNews.aspx?news=TkVXUzEwMDEwMjA2OQ%3D%3D,9965,09/05/2016 06:04:00 PM,,Landslide in Nagaland,"In Mokokchung, a massive landslide near Unger village along NH-2 has paralyzed all vehicular movement. When contacted, Deputy Commissioner (DC) Mokokchung, Sushil Kumar Patel told Nagaland Post that the district administration had already instructed the concerned officers from the National Highway Division to take up restoration work at the earliest.","Mokochung, Nagaland, India",1km,landslide,rain,large,,0.0,0.0,,,,,,,,,,,,07/03/2017 06:04:00 PM,11/20/2017 03:17:00 PM,02/15/2018 03:51:00 PM,94.514651,26.324724
AGU Blog,http://blogs.agu.org/landslideblog/2016/08/13/dzongu-1/,9853,08/16/2016 07:22:00 PM,,Landslide in Dzongu,"A major valley-blocking landslide at Dzongu in Sikkim, northern India. The landslide, which is large, has blocked the Kanaka River completely, and a lake has started to build behind it.","Dzongu, Sikkim, India",exact,landslide,rain,large,natural_slope,0.0,0.0,,,,,,,,,,,,06/29/2017 07:22:00 PM,11/20/2017 03:17:00 PM,02/15/2018 03:51:00 PM,88.492,27.593
Hindustan Times,http://www.hindustantimes.com/india/flash-floods-and-landslides-kill-21-in-sikkim/story-4FYliiSqiH1MnwaoLBIUnO.html,4569,09/19/2012 12:00:00 AM,,"North Skkimm Hwy between, Chungthang and Mangan, North Skimm (9 landslides)","At least twenty one bodies, including those of the Indo-Tibetan Border Police (ITBP) and the Border Roads Organisation (BRO) personnel, have so far been found while eight persons are still missing due to flash flood and landslides in remote areas of North Sikkim, official sources said  The dead include four from the ITBP, two of their family members, and 12 junior officers from the BRO. Other victims were casual labourers, officials said.Most of the casualties are reported from Rangma range.Landslides were caused by heavy rains since September 19, Deputy Commissioner North district T W Khangsherpa said.There were about nine landslides blocking the main road between Chungthang and Mangan in the district, he said.","North Skkimm Hwy between, Chungthang and Mangan, North Skimm (9 landslides)",10km,landslide,downpour,large,unknown,20.0,,,,,glc,4569.0,India,IN,,1464.0,Mangan,36.59477,04/01/2014 12:00:00 AM,11/20/2017 03:17:00 PM,02/15/2018 03:51:00 PM,88.556,27.8385
Hindustan Times,http://www.hindustantimes.com/india/flash-floods-and-landslides-kill-21-in-sikkim/story-4FYliiSqiH1MnwaoLBIUnO.html,4571,09/19/2012 12:00:00 AM,," Chungthang and Pegong. Houses, between Rangma and Chungthang ","At least twenty one bodies, including those of the Indo-Tibetan Border Police (ITBP) and the Border Roads Organisation (BRO) personnel, have so far been found while eight persons are still missing due to flash flood and landslides in remote areas of North Sikkim, official sources said  The dead include four from the ITBP, two of their family members, and 12 junior officers from the BRO. Other victims were casual labourers, officials said.Most of the casualties are reported from Rangma range.Landslides were caused by heavy rains since September 19, Deputy Commissioner North district T W Khangsherpa said.There were about nine landslides blocking the main road between Chungthang and Mangan in the district, he said. Several landslides blocked the main roads between Chungthang and Pegong. Houses along Lachen river between Rangma and Chungthang were washed away in flash floods along Lachen river."," Chungthang and Pegong. Houses, between Rangma and Chungthang ",10km,landslide,downpour,large,unknown,,,,,,glc,4571.0,India,IN,,1464.0,Mangan,18.14812,04/01/2014 12:00:00 AM,11/20/2017 03:17:00 PM,02/15/2018 03:51:00 PM,88.605,27.6558
BD News 24,http://bdnews24.com/bangladesh/2017/07/04/man-killed-in-coxs-bazar-landslide,9946,07/04/2017 02:33:00 PM,,Landslide in Mahughata village kills one,Landslide during torrential rains kills man who was cutting earth to mitigate flooding,"Mahughata village (??), Hoanak Union Parishad, Maheshkhali, Upazila, Bangladesh",5km,landslide,rain,medium,natural_slope,1.0,0.0,,,"Person in article title referred to as man, but in article referred to as ""her""",,,,,,,,,07/05/2017 02:33:00 PM,11/20/2017 03:17:00 PM,02/15/2018 03:51:00 PM,91.92597729,21.61900923
Nagaland Post,http://www.nagalandpost.com/ChannelNews/State/StateNews.aspx?news=TkVXUzEwMDEwMjA2OQ%3D%3D,9966,09/05/2016 06:04:00 PM,,Landslide in Wokha-Merapani Road,"n Wokha, the District Disaster Management Agency (DDMA) has cleared massive landslide on Wokha-Merapani road that occurred in the wee hours of Monday some 10 kms from Wokha. The landslide blocked all traffic along the Wokha-Merapani state highway, the district’s lifeline.","Wokha, India",,landslide,rain,large,,0.0,0.0,,,,,,,,,,,,07/03/2017 06:04:00 PM,11/20/2017 03:17:00 PM,02/15/2018 03:51:00 PM,94.257523,26.092493
The Hindu,http://www.thehindu.com/news/national/other-states/fresh-mudslides-affect-traffic-in-nagalandmanipur/article4928261.ece,5122,07/17/2013 12:00:00 AM,,"National Highway 29 Between Patkai Bridge And Kukidolong, Nagaland",Fresh mudslides were reported in some parts of Nagaland affecting the vehicular movements in Nagaland and Manipur. The mudslides had buried some portions of highways 2 and 29 on Tuesday. An 80 metre long breach at NH 2 near Kohima has disrupted all vehicular movements cutting off Manipur. Officials said that most of the debris were cleared by Wednesday night and vehicular movement restored. There will be free flow of traffic unless there is fresh rain.,"National Highway 29 Between Patkai Bridge And Kukidolong, Nagaland",50km,mudslide,rain,medium,unknown,0.0,,,,,glc,5122.0,India,IN,Nāgāland,92113.0,Kohima,19.79639,04/01/2014 12:00:00 AM,11/20/2017 03:17:00 PM,02/15/2018 03:51:00 PM,93.9413,25.7658
The Hindu,http://www.thehindu.com/news/national/other-states/fresh-mudslides-affect-traffic-in-nagalandmanipur/article4928261.ece,5123,07/17/2013 12:00:00 AM,,"National Highway 2 Near Meriema Village, 10 Km Away From Kohima",Fresh mudslides were reported in some parts of Nagaland affecting the vehicular movements in Nagaland and Manipur. The mudslides had buried some portions of highways 2 and 29 on Tuesday. An 80 metre long breach at NH 2 near Kohima has disrupted all vehicular movements cutting off Manipur. Officials said that most of the debris were cleared by Wednesday night and vehicular movement restored. There will be free flow of traffic unless there is fresh rain.,"National Highway 2 Near Meriema Village, 10 Km Away From Kohima",50km,mudslide,rain,medium,unknown,0.0,,,,,glc,5123.0,India,IN,Nāgāland,92113.0,Kohima,4.81849,04/01/2014 12:00:00 AM,11/20/2017 03:17:00 PM,02/15/2018 03:51:00 PM,94.0885,25.7131
Hindustan Times,http://www.hindustantimes.com/world-news/bangladesh-landslides-toll-rises-to-144-rangamati-worst-hit-with-105-deaths/story-ff8brJNydyWSdlAWfuMXWO.html,9943,06/13/2017 03:17:00 PM,,5 landslides hit port of Chittagong,5 landslides after 3 days of torrential rains. 33 people in port city of Chittagong killed.,"Chittagong, Bangladesh",25km,landslide,continuous_rain,large,urban,33.0,0.0,,,,,,,,,,,,07/03/2017 03:17:00 PM,11/20/2017 03:17:00 PM,02/15/2018 03:51:00 PM,91.83258101,22.35037081
WebIndia123,https://news.webindia123.com/news/Articles/India/20170703/3137813.html,9984,07/01/2017 04:00:00 PM,,Landslide along Wokha-Merapani road,Landslides (this is the second) at along Wokha-Merapani Road isolates Wokha from Assam State. Following downpour on night of 7/1.,"Wokha Sadar Sub-District, Wokha, Nagaland",5km,landslide,downpour,small,above_road,0.0,0.0,,,,,,,,,,,,07/05/2017 04:00:00 PM,11/20/2017 03:17:00 PM,02/15/2018 03:51:00 PM,94.24416766,26.1445447
BD News 24,http://bdnews24.com/bangladesh/2017/07/06/child-killed-in-coxs-bazar-landslide-another-swept-off-by-floodwaters,10000,07/05/2017 07:39:00 PM,,Fatal landslide in Ukhia Upazila,"Landslide amid heavy rains collapses wall of house, buries family. All survive except for one boy","Ukhia Upazila, Bangladesh",25km,landslide,continuous_rain,medium,natural_slope,1.0,,,,"Rest of family injured, unsure of number",,,,,,,,,07/06/2017 07:39:00 PM,11/20/2017 03:17:00 PM,02/15/2018 03:51:00 PM,92.10434768,21.23699085
The Tribune,http://www.tribuneindia.com/news/nation/7-year-old-girl-killed-by-landslide-at-guwahati/431122.html,9940,07/03/2017 03:17:00 PM,,Landslide in Panikhaiti kills girl,"Incessant rainfall triggers landslide in Panikhaiti, landslide kills girl walking to school. Also damages three houses.","Panikhaiti, Kamrup Metropolitan, Assam State, India",1km,landslide,continuous_rain,medium,natural_slope,1.0,0.0,,http://images.tribuneindia.com/cms/gall_content/2017/7/2017_7$largeimg03_Monday_2017_171821002.JPG,,,,,,,,,,07/03/2017 03:17:00 PM,11/20/2017 03:17:00 PM,02/15/2018 03:51:00 PM,91.87202793,26.20450454
Daily Sun,http://www.daily-sun.com/post/237861/Hillslide-again-strikes-Rangamati,9941,07/02/2017 03:17:00 PM,,Landslide blocks road,"Chittagong-Rangamati road blocked by landslide, heavy rains in area for around 24 hours prior","Deppochhari (??), Rangamati Hill District, Bangladesh",50km,landslide,continuous_rain,small,below_road,0.0,0.0,,http://www.daily-sun.com/assets/news_images/2017/07/03/Hill-slide.jpg,,,,,,,,,,07/03/2017 03:17:00 PM,11/20/2017 03:17:00 PM,02/15/2018 03:51:00 PM,92.03513581,22.77997113
Imphal Free Press,http://www.ifp.co.in/item/1610-landslide-at-mao-gate,9974,07/04/2017 04:00:00 PM,,Landslide blocks road,"NH-2 blocked around .5 km towards Imphal from Mao gate. Traffic movement initially restricted, then banned by district until 14:00 on 7/5. Following heavy rains.","AH1, Mao-Maram, Senapati, Manipur, 795150",1km,landslide,continuous_rain,small,above_road,0.0,0.0,,,,,,,,,,,,07/05/2017 04:00:00 PM,11/20/2017 03:17:00 PM,02/15/2018 03:51:00 PM,94.12901274,25.4976444
Hindustan Times,http://www.hindustantimes.com/india-news/two-more-killed-in-assam-floods-more-than-3-5-lakh-people-affected/story-MmZHSSifUM78Jhd7l8lEzJ.html,9972,07/03/2017 04:00:00 PM,,Fatal landslide in Chandrapur,"Landslide kills one man in Chandrapur, Assam State during incessant rains that caused, floods, and landslides throughout the state.","Chandrapur, Kamrup Metropolitan, Assam",10km,landslide,continuous_rain,medium,unknown,1.0,0.0,,,Article sparse on details,,,,,,,,,07/05/2017 04:00:00 PM,11/20/2017 03:17:00 PM,02/15/2018 03:51:00 PM,91.92053028,26.22247247
The Assam Tribune,http://www.assamtribune.com/scripts/detailsnew.asp?id=jul0417/city055,9951,07/03/2017 02:33:00 PM,,Landslide hits Jorabat,"Article very sparse on details. One of two landslides besides the one at the police station to hit Jorabat on about 7/3, following heavy rain on Sunday 7/2.","Jorabat, Assam State, India",5km,landslide,downpour,small,unknown,0.0,0.0,,,,,,,,,,,,07/05/2017 02:33:00 PM,11/20/2017 03:17:00 PM,02/15/2018 03:51:00 PM,91.85158907,26.1061808
The Assam Tribune,http://www.assamtribune.com/scripts/detailsnew.asp?id=jul0417/city055,9952,07/03/2017 02:33:00 PM,,Landslide hits Jorabat,"Article very sparse on details. One of two landslides besides the one at the police station to hit Jorabat on about 7/3, following heavy rain on Sunday 7/2.","Sonapur, Kamrup Metropolitan, Assam",5km,landslide,downpour,small,unknown,0.0,0.0,,,,,,,,,,,,07/05/2017 02:33:00 PM,11/20/2017 03:17:00 PM,02/15/2018 03:51:00 PM,91.86227824,26.10430759
Hindustan Times,http://www.hindustantimes.com/world-news/bangladesh-landslides-toll-rises-to-144-rangamati-worst-hit-with-105-deaths/story-ff8brJNydyWSdlAWfuMXWO.html,9942,06/13/2017 03:17:00 PM,,20 landslides hit Rangamati Hill District,"After three days of torrential rain, 20 landslides hit various locales in the Rangamati Hill District. 105 people killed","Rangamati Hill District, Bangladesh",250km,landslide,continuous_rain,large,unknown,105.0,0.0,,http://www.hindustantimes.com/rf/image_size_960x540/HT/p2/2017/06/14/Pictures/bangladesh-weather-landslide_ecf89f34-50df-11e7-88ef-5a5d74cf2589.jpg,,,,,,,,,,07/03/2017 03:17:00 PM,11/20/2017 03:17:00 PM,02/15/2018 03:51:00 PM,92.22099982,22.74955141
BDNews,http://bdnews24.com/bangladesh/2017/06/14/landslide-kills-two-in-khagrachhari,9699,06/13/2017 06:48:00 PM,,"Bangladesh Landslides, Lakhsmichhari","Massive landslides across Bangladesh, these in small town of Lakhsmichhari",,10km,landslide,downpour,medium,natural_slope,2.0,,,,Part of a series of landslides across Bangladesh,,,,,,,,,06/14/2017 06:48:00 PM,11/20/2017 03:17:00 PM,02/15/2018 03:51:00 PM,91.91261915,22.80452414
The Arunachal Times,http://www.arunachaltimes.in/landslide-washes-away-house-in-daporijo/,9998,07/04/2017 07:39:00 PM,,Landslide in Daporijo,Landslide after rains that cause flooding throughout Daporijo wash away a dwelling,"Abotani Colony, Daporijo Township, Arunachal Pradesh, India",1km,landslide,rain,medium,above_road,0.0,0.0,,,,,,,,,,,,07/06/2017 07:39:00 PM,11/20/2017 03:17:00 PM,02/15/2018 03:51:00 PM,94.21263589,27.98531715
WebIndia123,https://news.webindia123.com/news/Articles/India/20170703/3137813.html,9983,07/01/2017 04:00:00 PM,,Landslides blocks Wokha-Merapani Road,Landslides at along Wokha-Merapani Road isolates Wokha from Assam State. Following downpour on night of 7/1.,"Wokha Sadar Sub-District, Wokha, Nagaland",5km,landslide,continuous_rain,small,above_road,0.0,0.0,,,,,,,,,,,,07/05/2017 04:00:00 PM,11/20/2017 03:17:00 PM,02/15/2018 03:51:00 PM,94.24222574,26.11613908
The Daily Star,http://www.thedailystar.net/backpage/woman-killed-landslide-1429111,9999,07/05/2017 07:39:00 PM,,Fatal landslide in Ghundhum,"Landslide after rains kills a woman, seriously injures her daughter (article sparse on details)","Ghundhum (??), Naikkhangchhari Upazila, Bandarban District, Bangladesh",5km,landslide,continuous_rain,medium,natural_slope,1.0,1.0,,,,,,,,,,,,07/06/2017 07:39:00 PM,11/20/2017 03:17:00 PM,02/15/2018 03:51:00 PM,92.17584376,21.42181705
The Arunachal Times,http://www.arunachaltimes.in/landslide-washes-away-house-in-daporijo/,9993,07/04/2017 07:39:00 PM,,Landslide along Daporijo-Dumporijo road,Landslide after rains that cause flooding throughout Daporijo severely damage Daporijo-Dumporjio road,"Daporijo-Dumporijo road, Arunachal Pradesh, India",10km,landslide,rain,small,above_road,0.0,0.0,,,,,,,,,,,,07/06/2017 07:39:00 PM,11/20/2017 03:17:00 PM,02/15/2018 03:51:00 PM,94.26296826,27.97875751
BD News,http://bdnews24.com/bangladesh/2017/06/14/father-daughter-die-in-coxs-bazar-landslide,9700,06/14/2017 06:48:00 PM,,"Bangladesh Landslides, Cox's Bazaar","Landslides across Bangladesh, this in Cox's Bazaar",,25km,landslide,downpour,medium,natural_slope,2.0,,,,This is part of a series of Bangladesh landslides collected from multiple reports,,,,,,,,,06/14/2017 06:48:00 PM,11/20/2017 03:17:00 PM,02/15/2018 03:51:00 PM,92.21525816,21.04270451
Times-Mumbai,http://www.times-mumbai.com/landslide-blocks-national-highway-55-in-darjeeling-hills/,9976,07/05/2017 04:00:00 PM,,Landslide blocks NH-55,"Landslide blocks NH-55 near Kurseong, West Bengal. Large rock appears to have damaged a car (see attached photo.) From the article: Kurseong has witnessed 128.2mm rainfall in the last 24 hours. Since July 1 to July 4th, the cumulative rainfall in Kurseong is 250.2mm. Met offices predict heavy rainfall in the next 24 hours.","Kurseong, Darjeeling, West Bengal, India",5km,landslide,continuous_rain,medium,above_road,0.0,0.0,,http://www.times-mumbai.com/wp-content/uploads/2017/07/www.oneindia.comxlandslide-05-1499232064.-90ea4fb42a3723509cfd7da99c0d98ec3a892f76.jpg,,,,,,,,,,07/05/2017 04:00:00 PM,11/20/2017 03:17:00 PM,02/15/2018 03:51:00 PM,88.29518925,26.90298048
Zoram Observer,https://www.zoramobserver.com/mizoram/aizawl-champhai-road-cut-off-by-strange-landslide/,9989,06/28/2017 04:00:00 PM,,Landslide damages road,Landslide on Aizawl-Champhai road between Seling and Tuirini (believed to be the Tuirini River). Initial research suggests that geological activity along a fault is responsible for the landslide.,"Aizawl, Mizoram State, India",10km,landslide,other,large,above_road,0.0,0.0,,,"Extensive images of landslide in video in linked article. """"Other"""" trigger is activity along a fault (felt that saying earthquake was misleading).",,,,,,,,,07/05/2017 04:00:00 PM,11/20/2017 03:17:00 PM,02/15/2018 03:51:00 PM,92.87641207,23.69461107
WebIndia123,https://news.webindia123.com/news/Articles/India/20170703/3137813.html,9982,07/01/2017 04:00:00 PM,,Landslide blocks roads,Landslide following a downpour blocks two approach roads to Fazl Ali College,"Chuchuyimpang, Mokokchung, Nagaland",1km,landslide,downpour,medium,above_road,0.0,0.0,,,,,,,,,,,,07/05/2017 04:00:00 PM,11/20/2017 03:17:00 PM,02/15/2018 03:51:00 PM,94.55427723,26.3312531
Siliguri Times,http://siliguritimes.com/landslide-alubari-near-darjeeling/,9994,07/06/2017 07:39:00 PM,,"Landslide obstructs road, breaks water pipe","Landslide causes water pipe to break, boulders obstruct road. Article: ""North Bengal, along with the hills, has been experiencing constant, heavy showers ever since monsoon made its way to the region. The water levels of the rivers have been rising and the hills are being bothered by regular landslides.""","Alubari, Darjeeling, West Bengal, India",1km,landslide,continuous_rain,medium,above_road,0.0,0.0,,http://siliguritimes.com/wp-content/uploads/2017/07/image_239997.7.jpg,,,,,,,,,,07/06/2017 07:39:00 PM,11/20/2017 03:17:00 PM,02/15/2018 03:51:00 PM,88.25902123,27.02149311
Eleven Myanmar,http://www.elevenmyanmar.com/local/9858,9746,06/05/2017 01:34:00 PM,,"Landslide in Kalay, Sagiang",Mountainside collapses on road in Kalaya Township,"Kalaywa Township, Sagiang region, about 6 miles from Kalaywa",10km,rock_fall,unknown,medium,above_road,0.0,0.0,,http://www.elevenmyanmar.com/sites/default/files/styles/large/public/field/image/landslide-1.jpg?itok=UpfFJ_HX,,,,,,,,,,06/16/2017 01:34:00 PM,11/20/2017 03:17:00 PM,02/15/2018 03:51:00 PM,94.29816252,23.19807165
Arunachal Times,http://www.arunachaltimes.in/akddsu-mourns-students-death/,9829,06/19/2017 01:15:00 PM,,Landslide in Chimpu,"Landslide hits house, killing one",,1km,landslide,unknown,small,urban,1.0,,,,,,,,,,,,,06/22/2017 01:15:00 PM,11/20/2017 03:17:00 PM,02/15/2018 03:51:00 PM,93.6146564,27.06992579
Zoram Observer,https://www.zoramobserver.com/manipur/landslide-cuts-off-8-manipur-villages-in-pherzawl-district-for-5-days-now/,9877,06/26/2017 01:20:00 PM,,Landslide blocks NH-2 between Pherzawl and Bukpi,"Road blocked by landslide after heavy rain, maiden journel of Pherzawl Express bus service interrupted","NH-2, Pherzawl District, Manipur State, India",10km,landslide,downpour,medium,above_road,0.0,0.0,,,,,,,,,,,,06/30/2017 01:20:00 PM,11/20/2017 03:17:00 PM,02/15/2018 03:51:00 PM,93.20266204,24.21988831
Eleven Myanmar,http://www.elevenmyanmar.com/local/9759,9771,05/29/2017 01:34:00 PM,,"Hakhha Landslide, Zayhuang Ward","Heavy rains cause landslides, affect houses minorly",Hakha in Zayhuang Ward,5km,landslide,continuous_rain,small,below_road,0.0,0.0,Cyclone Mora,http://www.elevenmyanmar.com/sites/default/files/styles/large/public/field/image/daily11-may31-2017-akk03.jpg?itok=L8ai4Q_j,,,,,,,,,,06/16/2017 01:34:00 PM,11/20/2017 03:17:00 PM,02/15/2018 03:51:00 PM,93.61589869,22.65620215
NELive,http://www.nelive.in/assam/news/assam-flood-landslide-disrupts-rail-connectivity-barak-valley-over-13000-affected-due,9750,06/04/2017 01:34:00 PM,,"Flood, Landslide in Assam",Large amounts of rain cause landslide in Barak Valley region,Dima Hasao district,50km,landslide,continuous_rain,medium,natural_slope,,,,http://www.nelive.in/sites/default/files/Uttarakhand-flood-buildings-Reuters.jpg,No concrete date given,,,,,,,,,06/16/2017 01:34:00 PM,11/20/2017 03:17:00 PM,02/15/2018 03:51:00 PM,92.94670614,25.15246863
The Hindu,http://www.thehindu.com/news/international/landslides-kill-25-in-bangladesh/article18970757.ece,9702,06/13/2017 06:48:00 PM,,"Bangladesh Landslides, Bandarban","Massive landslides across Bangladesh, including across the Bandarban district",,50km,landslide,downpour,large,,6.0,0.0,,,,,,,,,,,,06/14/2017 06:48:00 PM,11/20/2017 03:17:00 PM,02/15/2018 03:51:00 PM,92.2676503,21.87861504
Zoram Observer,https://www.zoramobserver.com/manipur/landslide-cuts-off-8-manipur-villages-in-pherzawl-district-for-5-days-now/,9876,06/27/2017 01:20:00 PM,,Landslide cuts off NH 2,Landslide blocks another section of NH 2 between Damdiei and Pherzawl after heavy rains,"NH 2, Manipur State, India",5km,landslide,downpour,medium,above_road,0.0,0.0,,https://i2.wp.com/www.zoramobserver.com/wp-content/uploads/2017/06/damdiei-and-taithu-village-section-landslide-manipur.jpg?resize=1024%2C768&ssl=1,,,,,,,,,,06/30/2017 01:20:00 PM,11/20/2017 03:17:00 PM,02/15/2018 03:51:00 PM,93.18182448,24.30415689
The Assam Tribune,http://www.assamtribune.com/scripts/detailsnew.asp?id=aug1716/oth054,9869,08/16/2016 12:40:00 PM,,Landslide at Longding,"1 man killed by landslide caused my massive cloudburst, at the PHED Colony at Longding","Longding, India",25km,landslide,other,small,unknown,1.0,0.0,,,,,,,,,,,,06/30/2017 12:40:00 PM,11/20/2017 03:17:00 PM,02/15/2018 03:51:00 PM,95.399897,26.88161
Signs of the Times,https://www.sott.net/article/353005-Landslide-kills-at-least-3-in-Tripura-India,9733,06/03/2017 01:20:00 PM,,Landslide in Tripura,Incessant rain causes landslide in remote Tripura village,Vidyamohan Chowdhury Para (???) of remote Dhalai district,50km,landslide,continuous_rain,medium,natural_slope,3.0,1.0,,,Questionable source,,,,,,,,,06/16/2017 01:20:00 PM,11/20/2017 03:17:00 PM,02/15/2018 03:51:00 PM,91.8949662,23.86469956
WebIndia,http://news.webindia123.com/news/Articles/India/20170606/3118947.html,9741,06/05/2017 01:34:00 PM,,"Landslide in Darjeeling area, Sonada",Rain-caused landslide buries old woman in Sonada region,"Daragoan (?) in Sonada area, Darjeeling",10km,landslide,rain,medium,urban,1.0,2.0,,,,,,,,,,,,06/16/2017 01:34:00 PM,11/20/2017 03:17:00 PM,02/15/2018 03:51:00 PM,88.2667225,26.9653186
Prothom Alo,http://en.prothom-alo.com/bangladesh/news/150863/Landslide-kills-two-in-Rangamati,9721,06/12/2017 01:27:00 PM,,Landslide in Rangamati Area,Large chunks of mud crush houses in Rangamati,Between Rangamati town and Kaptai,10km,landslide,rain,medium,,2.0,,,,,,,,,,,,,06/15/2017 01:27:00 PM,11/20/2017 03:17:00 PM,02/15/2018 03:51:00 PM,92.16404889,22.59420297
The Hindu,http://www.thehindu.com/news/international/landslides-kill-25-in-bangladesh/article18970757.ece,9697,06/13/2017 06:48:00 PM,,"Massive Landslides in Bangladesh, Rangmati","Massive landslides in Chittagong, Rangmati, and Bandarban due to downpour",,10km,landslide,downpour,large,natural_slope,18.0,,,http://www.thehindu.com/news/international/article19031072.ece/alternates/FREE_960/TH14BANGLADESHjpg,"Part of series of events in Bangladesh, often all covered within the same articles",,,,,,,,,06/14/2017 06:48:00 PM,11/20/2017 03:17:00 PM,02/15/2018 03:51:00 PM,92.15898865,22.65242372
BDNews,http://bdnews24.com/bangladesh/2017/06/14/landslide-kills-two-in-khagrachhari,9701,06/13/2017 06:48:00 PM,,"Bangladesh Landslides, Lakhsmichhari","Massive landslides across Bangladesh, these in small town of Lakhsmichhari",,10km,landslide,downpour,medium,natural_slope,2.0,,,,Part of a series of landslides across Bangladesh,,,,,,,,,06/14/2017 06:48:00 PM,11/20/2017 03:17:00 PM,02/15/2018 03:51:00 PM,91.91261915,22.80452414
The Hindu,http://www.thehindu.com/news/international/landslides-kill-25-in-bangladesh/article18970757.ece,9703,06/13/2017 06:48:00 PM,,"Landslides in Bangladesh, Chittagong","Massive landslides across Bangladesh, spread across the Chittagong division",,25km,landslide,downpour,large,natural_slope,50.0,,,,Part of a landslide system across the country,,,,,,,,,06/14/2017 06:48:00 PM,11/20/2017 03:17:00 PM,02/15/2018 03:51:00 PM,91.97239273,22.44394492
Arunachal Times,http://www.arunachaltimes.in/pipeline-damaged-in-poma-water-crisis-lingers-on/,9743,06/04/2017 01:34:00 PM,,Landslide near Itangar,"Landslide damaged a water pipe near Poma, outside of Itangar","Poma River, west of Itangar",5km,landslide,unknown,medium,natural_slope,0.0,0.0,,http://www.arunachaltimes.in/wp-content/uploads/2017/06/Pipeline-damaged-in-Poma-water-crisis-lingers-on-300x206.jpg,,,,,,,,,,06/16/2017 01:34:00 PM,11/20/2017 03:17:00 PM,02/15/2018 03:51:00 PM,93.54235868,27.05909317
Arunachal Times,http://www.arunachaltimes.in/landslide-disrupts-water-supply-again/,9834,06/21/2017 06:51:00 PM,,Landslide in Itanagar,Landslide disrupts water supply pipeline,"Poma, 6km away from Itanagar",1km,landslide,rain,small,natural_slope,0.0,0.0,,http://www.arunachaltimes.in/wp-content/uploads/2017/06/Landslide-disrupts-water-supply-again.jpg,,,,,,,,,,06/22/2017 06:51:00 PM,11/20/2017 03:17:00 PM,02/15/2018 03:51:00 PM,93.54136779,27.05880384
Shillong Times,http://www.theshillongtimes.com/2017/05/27/two-students-among-injured-in-nongpoh-landslide/,9789,05/26/2017 04:59:00 PM,,Retaining wall collapse in Nongpoh,"Rain causes retaining wall of St. Paul's school to collapse, injuring three","St Paul's Secondary School, Nongpoh",exact,landslide,rain,small,urban,0.0,3.0,,,,,,,,,,,,06/20/2017 04:59:00 PM,11/20/2017 03:17:00 PM,02/15/2018 03:51:00 PM,91.881892,25.907233
Nagaland Post,http://www.nagalandpost.com/channelnews/State/StateNews.aspx?news=TkVXUzEwMDExNTcxMA%3D%3D,9742,06/02/2017 01:34:00 PM,,Landslide in Kohima,"Heavy rain and illegal dumping causes landslide in Eastern Kohima, blocking roads","The road that connects civil secretariat and medical college site towards BSF camp at Nhachüko, Kohima",1km,landslide,continuous_rain,medium,urban,0.0,0.0,,http://www.nagalandpost.com/cms/newsimages/HKASKADUBIYSAYVSHUYK_resize.jpg,,,,,,,,,,06/16/2017 01:34:00 PM,11/20/2017 03:17:00 PM,02/15/2018 03:51:00 PM,94.11844319,25.67061161
Zoram Observer,https://www.zoramobserver.com/manipur/landslide-cuts-off-8-manipur-villages-in-pherzawl-district-for-5-days-now/,9875,06/26/2017 01:20:00 PM,,Landslide destroys section of National Highway 2,Landslide between villages of Damdiei and Taithu destroys road and cuts of 8 villages from the rest of Manipur state. Landslide happened during night of heavy rain.,"NH 2, Manipur State, India",5km,landslide,downpour,large,above_road,0.0,0.0,,https://i0.wp.com/www.zoramobserver.com/wp-content/uploads/2017/06/damdiei-and-taithu-village-section-landslide-manipur-1.jpg?resize=768%2C1024&ssl=1,,,,,,,,,,06/30/2017 01:20:00 PM,11/20/2017 03:17:00 PM,02/15/2018 03:51:00 PM,93.15020652,24.32420539
Prothom Alo,http://en.prothom-alo.com/bangladesh/news/150863/Landslide-kills-two-in-Rangamati,9715,06/12/2017 01:27:00 PM,,Landslide in Rangamati Area,Large chunks of mud crush houses in Rangamati,Between Rangamati town and Kaptai,10km,landslide,rain,medium,,2.0,,,,,,,,,,,,,06/15/2017 01:27:00 PM,11/20/2017 03:17:00 PM,02/15/2018 03:51:00 PM,92.16404889,22.59420297
Zoram Observer,https://www.zoramobserver.com/mizoram/2-killed-in-landslide-triggered-by-heavy-rains/,9712,06/10/2017 01:27:00 PM,,"Landslide in Aizawl, kills 2","Rain triggered landslides in Indian city of Aizawl, Mizoram",,1km,landslide,rain,small,,2.0,,,https://i2.wp.com/www.zoramobserver.com/wp-content/uploads/2017/06/landslide3.jpg?w=960&ssl=1,,,,,,,,,,06/15/2017 01:27:00 PM,11/20/2017 03:17:00 PM,02/15/2018 03:51:00 PM,92.74744512,23.73354779
Eastern Mirror,http://www.easternmirrornagaland.com/landslide-hits-khaivarentang-homesteads-sunken/,9704,06/12/2017 01:27:00 PM,,Mudslide in Eastern Manipur,Houses were washed away due to mudslides due to torrential rain,"Khaivarentang village (??) in Ukhrul, Manipur",50km,mudslide,continuous_rain,medium,natural_slope,0.0,0.0,,http://www.easternmirrornagaland.com/wp-content/uploads/2017/06/upl-3-600x400.jpg,,,,,,,,,,06/15/2017 01:27:00 PM,11/20/2017 03:17:00 PM,02/15/2018 03:51:00 PM,94.36416626,25.11956675
Times of India,http://timesofindia.indiatimes.com/city/agartala/women-2-kids-killed-in-landslide/articleshow/58994998.cms,9745,06/03/2017 01:34:00 PM,,Landslide in Kamalpur,Landslide in Kamalpur in northern Tripura buries houses and kills 3,Kamalpur,10km,landslide,rain,medium,urban,3.0,1.0,,,,,,,,,,,,06/16/2017 01:34:00 PM,11/20/2017 03:17:00 PM,02/15/2018 03:51:00 PM,91.82931979,24.19467451
The Hindu,http://www.thehindu.com/news/international/landslides-kill-25-in-bangladesh/article18970757.ece,9698,06/13/2017 06:48:00 PM,,"Massive Landslides in Bangladesh, Rangmati","Massive landslides in Chittagong, Rangmati, and Bandarban due to downpour",,10km,landslide,downpour,large,natural_slope,18.0,,,http://www.thehindu.com/news/international/article19031072.ece/alternates/FREE_960/TH14BANGLADESHjpg,"Part of series of events in Bangladesh, often all covered within the same articles",,,,,,,,,06/14/2017 06:48:00 PM,11/20/2017 03:17:00 PM,02/15/2018 03:51:00 PM,92.15898865,22.65242372
Arunachal Times,http://www.arunachaltimes.in/nature-unleashes-fury-leaves-trail-of-devastation-in-itanagar/,9934,07/01/2017 03:17:00 PM,,Landslide blocks road,Landslide near Waii International Hotel blocks Mowb-II-Zero Point Road,"Bhalukpong, West Kameng, Arunachal Pradesh",1km,landslide,continuous_rain,small,above_road,0.0,0.0,,,,,,,,,,,,07/03/2017 03:17:00 PM,11/20/2017 03:17:00 PM,02/15/2018 03:51:00 PM,92.64204045,27.01145644
Assam Tribune,http://www.assamtribune.com/scripts/detailsnew.asp?id=may2717/oth053,9785,05/26/2017 01:34:00 PM,,Rockslide in North Sikkim,Large rockslide blocks rural road,"Toong-Sankalang road between Saffo and Ship-Gyer, North Sikkim",5km,landslide,rain,medium,above_road,0.0,0.0,,,,,,,,,,,,06/16/2017 01:34:00 PM,11/20/2017 03:17:00 PM,02/15/2018 03:51:00 PM,88.59676956,27.54295099
Nagaland Post,http://nagalandpost.com/ChannelNews/State/StateNews.aspx?news=TkVXUzEwMDEwMTQ5OQ%3d%3d,9904,08/25/2016 06:59:00 PM,,Mudslide near Kohima,"Torrential rainfall on Thursday triggered heavy mudslide at the old dumping zone area, around 11 kms away from the state capital. North traffic control room informed that the debris was cleared around 6.30 p.m. Vehicles travelling to Kohima and those vehicles from Kohima headed to Dimapur were diverted through the bye-pass route.","Near Kohima, Nagaland, India",25km,mudslide,rain,small,natural_slope,,,,,,,,,,,,,,06/30/2017 06:59:00 PM,11/20/2017 03:17:00 PM,02/15/2018 03:51:00 PM,94.104931,25.660517
E-Pao,http://e-pao.net/GP.asp?src=2..020717.jul17,9931,06/30/2017 03:17:00 PM,,NH-2 blocked by landslide along Imphal-Dimapur section,http://e-pao.net/GP.asp?src=2..020717.jul17,Torrential downpour causes road-blocking lansdlide along NH-2 near Bimparao village,1km,landslide,downpour,small,above_road,0.0,0.0,,,,,,,,,,,,07/03/2017 03:17:00 PM,11/20/2017 03:17:00 PM,02/15/2018 03:51:00 PM,93.9310888,25.06657276
EENADU India,http://www.eenaduindia.com/states/east/assam/2016/09/01164302/2-bodies-found-2-others-missing-after-landslide-flood.vpf,9917,09/01/2016 02:32:00 PM,,Landslide in Silchar,"Bodies of two women were found while as many members of the same family were still missing after being washed away in landslide and floods in Assam's Cachar district, police said on Thursday. Four members of the family of Dipesh Lemrong - his wife, a daughter and two sons - were last night washed away when their house was damaged in a landslide following heavy rains in Kashiyapunji area of Bhubanpahar.","Silchar, Assam, India",50km,landslide,flooding,large,natural_slope,4.0,0.0,,,,,,,,,,,,07/03/2017 02:32:00 PM,11/20/2017 03:17:00 PM,02/15/2018 03:51:00 PM,92.821182,24.768609
The Arunachal Times,http://www.arunachaltimes.in/nature-unleashes-fury-leaves-trail-of-devastation-in-itanagar/,9932,07/01/2017 03:17:00 PM,,Landslide near Dree Festival Ground,Incessant rains trigger floods and landslides around Itanagar. The National Highway 415 road between Itanagar and Naharlagun is blocked as a large portion of the highway near Dree Ground was washed away early on Saturday morning.,"Dree Festival Ground, NH-415, Arunachal Pradesh, India",exact,landslide,downpour,medium,below_road,0.0,0.0,,http://www.arunachaltimes.in/wp-content/uploads/2017/07/Near-Dree-Ground-300x206.jpg,,,,,,,,,,07/03/2017 03:17:00 PM,11/20/2017 03:17:00 PM,02/15/2018 03:51:00 PM,93.65975252,27.10647226
Arunachal Pradesh,http://www.arunachaltimes.in/nature-unleashes-fury-leaves-trail-of-devastation-in-itanagar/,9935,07/01/2017 03:17:00 PM,,House in Itanagar washed away by landslide,Landslide completely destroys house in Sanglo Potum. No casualties as house was vacated immediately prior.,"Sanglo Potum (??), Itanagar, Papum Pare, Arunachal Pradesh",5km,landslide,continuous_rain,medium,natural_slope,0.0,0.0,,,,,,,,,,,,07/03/2017 03:17:00 PM,11/20/2017 03:17:00 PM,02/15/2018 03:51:00 PM,93.60815652,27.08168565
Arunachal Times,http://www.arunachaltimes.in/mudslide-kills-one/,9797,05/24/2017 08:14:00 PM,,Mudslide in on Sarli-Damin road,Landslide in jungle road buries woman,"Sarli-Damin road in Kurung Kumey district, near Lee village",25km,mudslide,rain,small,above_road,1.0,0.0,,,,,,,,,,,,06/20/2017 08:14:00 PM,11/20/2017 03:17:00 PM,02/15/2018 03:51:00 PM,93.50995626,27.769793
Morung Express,http://morungexpress.com/landslides-mizoram-aizawl-cut-off/,9770,06/01/2017 01:34:00 PM,,"Landslide in Mizoram, off of Aizawl",NH 54 was blocked by rain-triggered landslides from Cyclone Mora,"Hunthar Area, NH 54, off of Aizawl",5km,landslide,tropical_cyclone,medium,above_road,0.0,0.0,Cyclone Mora,,,,,,,,,,,06/16/2017 01:34:00 PM,11/20/2017 03:17:00 PM,02/15/2018 03:51:00 PM,92.71505961,23.73941422
The Arunachal Times,http://www.arunachaltimes.in/nature-unleashes-fury-leaves-trail-of-devastation-in-itanagar/,9933,06/30/2017 03:17:00 PM,,Landslide threatens orphanage with collapse,"Gyan Mission Orphanage at Jollang is also on the verge of caving in as a major chunk of earth was washed away by Friday night’s heavy rainfall throughout Itanagar, which caused numerous landslides and floods.","Jollang, Itanagar Sub-District, Papum Pare, Arunachal Pradesh, 791123",1km,landslide,downpour,medium,natural_slope,0.0,0.0,,,,,,,,,,,,07/03/2017 03:17:00 PM,11/20/2017 03:17:00 PM,02/15/2018 03:51:00 PM,93.61899644,27.04768643
The Northeast Today,https://thenortheasttoday.com/manipur-ukhrul-district-affected-by-landslide-along-imphal-ukhrul-highway-namthilog/,9948,07/01/2017 02:33:00 PM,,Landslide causes Ukhrul-Imphal road to sink,"Landslide affects 200m of Ukhrul-Imphal road near Litan police station, road sinks 6 meters. From the attached picture it appears a bus/truck was damaged.","NH-150, Ukhrul Central, Ukhrul, Manipur, 795142",1km,landslide,rain,small,below_road,0.0,0.0,,https://thenortheasttoday.com/wp-content/uploads/2017/07/efront-2___Landslides-hit-Ukhrul-district.jpg,"Article states """"within last 5 days"""" of 7/3/17",,,,,,,,,07/05/2017 02:33:00 PM,11/20/2017 03:17:00 PM,02/15/2018 03:51:00 PM,94.20340026,24.95178179
The Assam Tribune,http://www.assamtribune.com/scripts/detailsnew.asp?id=jul0417/city055,9949,07/03/2017 02:33:00 PM,,Landslide opposite Jorabat Police Outpost,Landslide blocks road opposite Jorabat Police Outpost following heavy rains,"G S Road, Sonapur, Kamrup Metropolitan, Assam, 781141",1km,landslide,downpour,small,above_road,0.0,0.0,,,"Date is approximate as article states """"Following Sunday's [7/2] heavy rainfall""""",,,,,,,,,07/05/2017 02:33:00 PM,11/20/2017 03:17:00 PM,02/15/2018 03:51:00 PM,91.87351723,26.10035658
The Assam Tribune,http://www.assamtribune.com/scripts/detailsnew.asp?id=jul1117/city050,10004,07/10/2017 02:21:00 PM,,Landslide damages house,Temporary house near Srimanta Sankar Academy damaged by landslides amid storms and flooding throughout Assam State,"Dispur, Kamrup Metropolitan, Assam",1km,landslide,continuous_rain,small,urban,0.0,0.0,,http://www.assamtribune.com/jul1117/city050.jpg,,,,,,,,,,07/11/2017 02:21:00 PM,11/20/2017 03:17:00 PM,02/15/2018 03:51:00 PM,91.79364785,26.14547804
Press TV,http://www.presstv.ir/detail.aspx?id=27311&sectionid=351020406,311,10/15/2007 12:00:00 AM,,Betbunia,"women and 2 children killed in mudslide, powerful rainstorm affected southeast Bangladesh",Betbunia,5km,mudslide,rain,medium,unknown,3.0,,,,,glc,311.0,Bangladesh,BD,Khulna,37985.0,Phultala,23.346,04/01/2014 12:00:00 AM,11/20/2017 03:17:00 PM,02/15/2018 03:51:00 PM,89.4,22.5333
E-PAO,http://e-pao.net/GP.asp?src=21..020815.aug15,7370,08/01/2015 12:00:00 AM,,between Moltuk to New Songjang village,one landslide between Moltuk to New Songjang village,between Moltuk to New Songjang village,5km,landslide,continuous_rain,medium,above_road,0.0,0.0,,,,glc,7370.0,India,IN,Manipur,30418.0,Kakching,41.50847,11/21/2015 01:04:00 AM,11/20/2017 03:17:00 PM,02/15/2018 03:51:00 PM,94.1078,24.1419
kuenselonline,http://www.kuenselonline.com/modules.php?name=News&file=article&sid=16502,2312,08/23/2010 07:00:00 AM,,"the lateral highway, Dzong viewpoint, Trongsa","24 August, 2010 - Hundreds of travellers on the lateral highway got stranded at Trongsa after a massive landslide blocked the road yesterday, near the dzong viewpoint.  The road safety and transport authority base in-charge in Trongsa, Rinzin Jamtsho, said that the landslide had blocked the road since early morning yesterday. “We received information at around 7 am and did all possible to clear; but, without an excavator, it became difficult,” he said.  The road is expected to be cleared before noon today, with only a few big boulders that need to be blasted.","the lateral highway, Dzong viewpoint, Trongsa",5km,landslide,downpour,medium,unknown,0.0,,,,,glc,2312.0,Bhutan,BT,Tongsa,2805.0,Trongsa,0.46985,04/01/2014 12:00:00 AM,11/20/2017 03:17:00 PM,02/15/2018 03:51:00 PM,90.5034,27.5
www.assamtribune.com,http://www.assamtribune.com/scripts/detailsnew.asp?id=jul1613/oth06,5084,07/12/2013 11:00:00 PM,,"National Highway 2 Near Phesama Village Close To Kisama Naha Heritage Site, Kohima District, Nagaland","Inter-State bus services in Manipur have been suspended for the past three days following the landslide on the National Highway near Kohima on Friday night. A 200 feet stretch of National Highway (NH 2) near Phesama village close to Kisama Naha heritage site in NagalandÕs Kohima district which connects Manipur with the rest of the country, has been washed away following heavy downpour on July 12 night.","National Highway 2 Near Phesama Village Close To Kisama Naha Heritage Site, Kohima District, Nagaland",10km,landslide,downpour,medium,unknown,0.0,,,,,glc,5084.0,India,IN,Nāgāland,92113.0,Kohima,6.5252,04/01/2014 12:00:00 AM,11/20/2017 03:17:00 PM,02/15/2018 03:51:00 PM,94.1167,25.616
articles.timesofindia,http://articles.timesofindia.indiatimes.com/2011-09-27/kolkata/30207909_1_magnitude-earthquake-singamari-repair-work,3986,09/25/2011 12:00:00 AM,,"Singamari, Darhelling, West Bengal","Just when the life of people in the Hills was are limping back to normalcy after the 6.8 magnitude earthquake shook the entire eastern India, a massive landslide devoured a 30-metre stretch of Lebong Cart Road late Sunday night, cutting off connectivity with the northern parts of Darjeeling. However, no casualties have been reported in the incident.Lebong Cart Road connects the town with places like Singamari and tea gardens of Phoobsering, Banesbuck, Singla, Ging and also the army cantonment at Lebong. All vehicular movement has now been diverted from the Birch Hill Road.","Singamari, Darhelling, West Bengal",1km,landslide,downpour,medium,unknown,0.0,,,,,glc,3986.0,India,IN,Bengal,123797.0,Dārjiling,3.22506,04/01/2014 12:00:00 AM,11/20/2017 03:17:00 PM,02/15/2018 03:51:00 PM,88.255,27.0605
e-pao.net,http://e-pao.net/GP.asp?src=23..111010.oct10,2566,10/08/2010 12:00:00 AM,,"Sahong, Tabu and Pani village under Tadubi police station of Senapati district, NH-39","Unable to negotiate muddy steep portions on NH-39, over 200 Imphal bound freight trucks including inter-state passenger buses coming from Dimapur side were stranded at Mao area, official reports received here said. A report from Mao police, confirming the report said that the vehicles were stranded as mud brought down by streams piled up on the highway at Sahong village and its nearby areas where minor landslides occurred two days back. Reports said that due to heavy shower in the last few days, landslides occurred at Sahong, Tabu and Pani village under Tadubi police station of Senapati district. The landslides had been cleared but huge masses of mud brought down by the streams have affected the traffic movement.","Sahong, Tabu and Pani village under Tadubi police station of Senapati district, NH-39",5km,mudslide,downpour,medium,unknown,0.0,,,,,glc,2566.0,India,IN,Nāgāland,92113.0,Kohima,22.04313,04/01/2014 12:00:00 AM,11/20/2017 03:17:00 PM,02/15/2018 03:51:00 PM,94.1351,25.4769
beacononline.wordpress,http://beacononline.wordpress.com/2009/09/20/darjeeling-hills-toytrain-joyride-hit-by-fresh-landslides-in-darjeeling/,1050,07/03/2009 12:00:00 AM,,Darjeeling (between Tin Dharia and Rongtong),"The Darjeeling Himalayan Railway (DHR) run by Northeast Frontier Railway, has been off the tracks since July 3 after landslides tore away the two-foot-wide line in some parts at Tin Dharia and Rongtong, DHR Director Subrata Nath told UNI today.",Darjeeling (between Tin Dharia and Rongtong),10km,landslide,rain,medium,unknown,0.0,,,,,glc,1050.0,India,IN,Bengal,123797.0,Dārjiling,0.78466,04/01/2014 12:00:00 AM,11/20/2017 03:17:00 PM,02/15/2018 03:51:00 PM,88.29184021,26.87324244
prokerala,http://www.prokerala.com/news/articles/a75292.html,1109,08/20/2009 12:00:00 AM,,Lumding-Badarpur section in North Cachar Hills district,"The rail services between rest of India and southern Assam, Tripura, Mizoram and Manipur have been suspended since Aug 20 following extensive landslides on the Lumding-Badarpur section in North Cachar Hills district",Lumding-Badarpur section in North Cachar Hills district,25km,landslide,downpour,medium,unknown,0.0,,,,,glc,1109.0,India,IN,Assam,8364.0,Maibong,24.54328,04/01/2014 12:00:00 AM,11/20/2017 03:17:00 PM,02/15/2018 03:51:00 PM,93.1645,25.5215
e-pao.net,http://e-pao.net/GP.asp?src=Snipp3..100610.jun10,1961,06/09/2010 02:15:00 PM,,"Ishok Chingphu(?), Bishnupur, Assam","Imphal, June 09 2010: Three houses were damaged in mudslide from the hill at Ishok Chingphu in Bishnupur district today causing damaged to properties worth around Rs 2 lakh.  The collapsed houses belonged to Pukhrambam Rame son of Chaoba, Huidrom Shamu and Naorem Bisheshwar.  Most part of the house of Rame had been destroyed in the mudslide occurred at about 2.15 pm.","Ishok Chingphu(?), Bishnupur, Assam",50km,landslide,downpour,medium,unknown,0.0,,,,,glc,1961.0,India,IN,Meghālaya,25758.0,Nongstoin,41.26849,04/01/2014 12:00:00 AM,11/20/2017 03:17:00 PM,02/15/2018 03:51:00 PM,91.2,25.8833
thestatesman,http://www.thestatesman.net/page.news.php?clid=10&id=209560&usrsess=1,595,06/20/2008 12:00:00 AM,,Kurseong sub division,occurred all over region,Kurseong sub division,25km,landslide,rain,medium,unknown,,,,,,glc,595.0,India,IN,Bengal,46427.0,Kārsiyāng,0.2804,04/01/2014 12:00:00 AM,11/20/2017 03:17:00 PM,02/15/2018 03:51:00 PM,88.2778,26.885
e-pao,http://www.e-pao.net/GP.asp?src=5..101010.oct10,2578,10/09/2010 12:00:00 AM,,"NH-39 in Karong area, Manipur",Landslide has also been reported at a spot near Khongnem village while there are at least three landslides at Karong area.,"NH-39 in Karong area, Manipur",5km,landslide,downpour,medium,unknown,0.0,,,,,glc,2578.0,India,IN,Nāgāland,92113.0,Kohima,40.0566,04/01/2014 12:00:00 AM,11/20/2017 03:17:00 PM,02/15/2018 03:51:00 PM,94.0462,25.3179
Hmar.net,http://hmar.net/?p=1870,322,10/21/2007 12:00:00 AM,,National Highway 53 at Nungba in Tamenglong district of Manipur,blocked road,National Highway 53 at Nungba in Tamenglong district of Manipur,25km,landslide,rain,medium,unknown,,,,,,glc,322.0,India,IN,Assam,12871.0,Lakhipur,43.16287,04/01/2014 12:00:00 AM,11/20/2017 03:17:00 PM,02/15/2018 03:51:00 PM,93.4333,24.75
The Daily Star,http://www.thedailystar.net/backpage/landslide-kills-3-of-a-family-23595,6020,05/10/2014 09:00:00 AM,, Purba Satchhari village in Sadar upazila,"Meanwhile, at least 24 houses of Purba Satchhari village in Sadar upazila went into the Manu river during the heavy rains. Some electric poles were also damaged, disrupting electricity in some parts of the district.", Purba Satchhari village in Sadar upazila,10km,landslide,rain,medium,unknown,0.0,0.0,,,,glc,6020.0,Bangladesh,BD,Sylhet,57441.0,Maulavi Bāzār,11.04683,08/24/2014 12:00:00 AM,11/20/2017 03:17:00 PM,02/15/2018 03:51:00 PM,91.7227,24.5784
kuenselonline,http://www.kuenselonline.com/modules.php?name=News&file=article&sid=16186,2117,07/22/2010 12:00:00 AM,,Punakha-Gasa rd,"Massive landslides triggered by continuous heavy rains has cut off Trashigang, Sarpang, Zhemgang and Phuentsholing from the rest of the country for about three days, show records with the department of roads (DoR).  The road between Punakha and Gasa was blocked at five points and is open only for mules.",Punakha-Gasa rd,50km,landslide,downpour,medium,unknown,0.0,,,,,glc,2117.0,Bhutan,BT,Gasa,548.0,Gasa,19.99953,04/01/2014 12:00:00 AM,11/20/2017 03:17:00 PM,02/15/2018 03:51:00 PM,89.9019,27.8122
www.morungexpress.com,http://www.morungexpress.com/regional/104056.html,5552,09/24/2013 12:00:00 AM,,"Ukhrul, Manipur","Imphal, September 28 (NNN): The massive landslide that occurred in Ukhrul town has been cleared yesterday. The landslide had occurred at Police Bazar, also called Tangrei near Ukhrul police station. According to Kamphasom Tang chairman Alston T Shimrah and its secretary Khamung, the landslide that had given tremendous hardship to the people of the Ukhrul town in the last few days. The chairman and the secretary of Kamphasom Tang, Ukhrul have expressed their deep gratitude to Ukhrul deputy commissioner SK Chaurasoia, Ukhrul superintendent of police K Kabib, Ukhrul sub-divisional officer Worshang Hungyo, Officer commanding of 84 RCC/25 BRTF Asish Kumar, 2nd in command of the BRTF AK Mehra, Jr Engineer, 25 BRTF Swamy S and others for helping to clear the massive landslide yesterday. The Kamphasom Tang leaders also expressed their gratitude to RS Ngaranchui, the Ukhrul district representative of Lok Sabha MLA under whose supervision the slide was cleared.","Ukhrul, Manipur",5km,landslide,unknown,medium,unknown,,,,,,glc,5552.0,India,IN,Manipur,223523.0,Imphal,53.05172,04/01/2014 12:00:00 AM,11/20/2017 03:17:00 PM,02/15/2018 03:51:00 PM,94.3619,25.0985
articles.timesofindia,http://articles.timesofindia.indiatimes.com/2011-06-18/kolkata/29673649_1_rescue-operations-fire-brigade-mudslide,3621,06/17/2011 12:00:00 AM,,"St Mary's Hill, 3 km from Kurseong, West Bengal","A man and his three children were killed when a mudslide crushed their house in St Mary's Hills early on Friday. His wife had a narrow escape. The place is around 3 km from Kurseong town.  The Hills had been receiving incessant overnight rain. Apart from St Mary's Hills, a landslide swept a pick-up truck into the gorge near Dhobi Khola. In Kalimpong, NH-31A, which leads to Sikkim, remained cut off for five hours after a landslide at 27th Mile and Sethi Khola. The Border Roads Organization (BRO) later managed to resume normal vehicular services.  At St Mary's Hills, further rain hampered rescue operations. After four hours, the fire brigade and the local police managed to recover the bodies of Nashim Akhtar and his children from under the rubble. Akhtar (35), a smalltime hawker, hailed from Motihari in Bihar. He had been living in Kurseong with his family for quite some time. His 10-year-old son Md Faisal and daughters Musurut Banu (3) and three-month-old Nusurut Banu died with him. Akh","St Mary's Hill, 3 km from Kurseong, West Bengal",5km,mudslide,downpour,large,unknown,4.0,,,,,glc,3621.0,India,IN,Bengal,46427.0,Kārsiyāng,0.38718,04/01/2014 12:00:00 AM,11/20/2017 03:17:00 PM,02/15/2018 03:51:00 PM,88.28,26.88
sify.com,http://sify.com/news/landslide-disrupts-supply-lines-between-siliguri-darjeeling-news-national-kgqtabgbdjc.html,1993,06/16/2010 12:00:00 AM,,"Kurseong sub-division, Road between Kurseong and New Jalpaiguri","2010-06-16 19:00:00  Supply lines between Siliguri and Darjeeling districts of West Bengal were disrupted Wednesday following a landslide on national highway 55 in the Kurseong sub-division of Darjeeling district, officials said.  No casualties were reported.  The landslide destroyed a 21-metre length of the highway completely besides damaging partially another 22-metre stretch.  'The landslide occurred due to overnight rains. A North East Frontier Railway press statement said toy train services between Kurseong and New Jalpaiguri were suspended due to the landslide, which affected narrow gauge tracks between Rongtong and Tindharia. ","Kurseong sub-division, Road between Kurseong and New Jalpaiguri",10km,landslide,downpour,medium,unknown,0.0,,,,,glc,1993.0,India,IN,Bengal,46427.0,Kārsiyāng,9.18708,04/01/2014 12:00:00 AM,11/20/2017 03:17:00 PM,02/15/2018 03:51:00 PM,88.3162,26.8073
The Olympian,http://www.theolympian.com/2015/05/27/3746897/rhododendron-explorers-from-south.html,7031,05/24/2015 12:00:00 AM,,"Bop, Sikkim","Approximately 1200 tourists were stranded. The landslide blocked three switchbacks on the main road. By the evening, that stretch was impassable.","Bop, Sikkim",1km,landslide,unknown,medium,above_road,0.0,0.0,,,,glc,7031.0,India,IN,Sikkim,1464.0,Mangan,17.93173,06/30/2015 08:57:00 PM,11/20/2017 03:17:00 PM,02/15/2018 03:51:00 PM,88.6586,27.6163
The Daily Star,http://www.thedailystar.net/city/woman-killed-in-ctg-landslide-9838#http://www.thedailystar.net/city/woman-killed-in-ctg-landslide-9838,5834,02/03/2014 12:00:00 AM,, Chittagong,A woman was killed and her father-in-law was injured when a large chunk of earth fell on them while they were cutting hills in Paschim Shanti Nagor area of Chittagong city yesterday., Chittagong,5km,landslide,unknown,medium,unknown,1.0,1.0,,,,glc,5834.0,Bangladesh,BD,Chittagong,3920222.0,Chittagong,2.2358,08/24/2014 12:00:00 AM,11/20/2017 03:17:00 PM,02/15/2018 03:51:00 PM,91.8123,22.3475
ZME Science,http://www.zmescience.com/science/geology/landslide-fatality-burma-17122015/,9073,12/17/2015 12:00:00 AM,,Burma,"The annus horribilis continued at the jade mines in Myanmar, as another major landslide was announced, with at least one fatality and ten people missing.",Burma,unknown,landslide,mining,large,mine,1.0,0.0,,,,glc,9073.0,Myanmar [Burma],MM,Sagain,182011.0,Monywa,42.6764,07/20/2016 04:14:00 PM,11/20/2017 03:17:00 PM,02/15/2018 03:51:00 PM,95.5488,22.1306
hindustantimes,http://www.hindustantimes.com/Girl-dies-in-landslide-flash-flood-wrecks-havoc-in-Meghalaya/Article1-564450.aspx,2025,06/28/2010 12:00:00 AM,,"Police CID complex(?), Shillong, Meghalaya","A 14-year-old girl was killed and at least seven others were injured on Monday after heavy rains triggered a landslide in Shillong. Alicia Arengngma, daughter of a policeman, was buried when debris of a landslide following heavy rain blocked the ground floor of Meghalaya police's CID complex, police said. Some nearby houses were also damaged and rescue operations were on, official sources said.  The injured were admitted in a government hospital.  Incessant rain over the past couple of days has thrown normal life completely out of gear in the state.","Police CID complex(?), Shillong, Meghalaya",5km,landslide,downpour,medium,unknown,1.0,,,,,glc,2025.0,India,IN,Meghālaya,132842.0,Shillong,0.46891,04/01/2014 12:00:00 AM,11/20/2017 03:17:00 PM,02/15/2018 03:51:00 PM,91.885,25.5728
Assam Tribune,http://www.assamtribune.com/scripts/detailsnew.asp?id=may0216/oth058,9405,04/19/2016 12:00:00 AM,,"Techahan Ward, Mon, Nagaland, India","(Landslide may have occurred within a week of April 19. )Altogether, 200 hailstorm affected families in Mon town of Nagaland have been given cash relief under the State Disaster Response Fund. Nagaland State Disaster Management Authority (NSDMA) and District Disaster Management Authority (DDMA) officials had undertaken a field assessment of the damages caused by heavy rainfall, hailstorm and windstorm in Mon district in April. Accordingly, relief was given to the families affected by landslide at Techahan Ward of Mon town.  Techahan Ward was affected by a massive landslide triggered by the incessant heavy rainfall that lashed the town for about six days in a row during the third week of April. About 70 houses were completely damaged and 130 houses severely affected displacing about 125 families.  One Government Primary School building located in the ward was also damaged by the landslide. Massive landslide had caused road blockage of Tobu-Mon BRO road.","Techahan Ward, Mon, Nagaland, India",1km,landslide,continuous_rain,medium,unknown,0.0,0.0,,,,glc,9405.0,India,IN,Nagaland,18742.0,Mon,3.71285,08/03/2016 08:40:00 PM,11/20/2017 03:17:00 PM,02/15/2018 03:51:00 PM,95.0243,26.7223
www.nagalandpost.com,http://www.nagalandpost.com/ChannelNews/Regional/RegionalNews.aspx?news=TkVXUzEwMDA0MzUxNQ%3D%3D-zy3k3F6024s%3D,5343,08/17/2013 11:00:00 PM,,The Imphal-Jiribam Section Of Nh-37 In Tamenglong District,"Over 700 Imphal-bound freight trucks were Sunday stranded between Rengpan and Khambirong on the stretch of the Imphal-Jiribam section of NH-37 in Tamenglong district after the road was totally blocked by a landslide triggered by continuous heavy rainfall. An official report reaching here said that the landslide at various places between Rengpang and Khambirong of the highway was triggered by heavy rainfall last night blocking vehicular movement. Over 700 freight trucks including oil tankers and goods laden trucks heading Imphal from Jiribam with security escorts were reportedly stranded at various places beyond Rengpang on Jiribam side. The freight trucks include among other 250 trucks loaded with rice and other Food Corporation of India (FCI), 30 oil tanker and 10 trucks carrying life saving drugs. The landslide was triggered after around 150 trucks had crossed the area with security escort. Besides this, those vehicles which had already crossed the landslide area remained stranded be",The Imphal-Jiribam Section Of Nh-37 In Tamenglong District,10km,landslide,continuous_rain,medium,unknown,,,,,,glc,5343.0,India,IN,Assam,12871.0,Lakhipur,43.11128,04/01/2014 12:00:00 AM,11/20/2017 03:17:00 PM,02/15/2018 03:51:00 PM,93.4341,24.7625
First Post,http://www.firstpost.com/india/two-dead-2-injured-landslide-arunachal-pradesh-school-remain-shut-heavy-rainfall-alert-2287954.html,6971,06/09/2015 12:00:00 AM,,"Itanagar, Arunachal Pradesh",Two people died while two others were seriously injured when their dwelling was hit by a landslide on Tuesday,"Itanagar, Arunachal Pradesh",5km,landslide,continuous_rain,medium,above_road,2.0,2.0,,,,glc,6971.0,India,IN,Arunachal Pradesh,44971.0,Itānagar,1.30114,06/25/2015 08:30:00 PM,11/20/2017 03:17:00 PM,02/15/2018 03:51:00 PM,93.816,27.0987
WebIndia123.com,http://news.webindia123.com/news/ar_showdetails.asp?id=704100915&cat=&n_date=20070410,57,04/11/2007 12:00:00 AM,,"Sikkim, 13 km north of Gangtok","1000 tourists stranded, more than 180 vehicles stranded, 150 m stretch of road was covered, occurred at 2:00 local time","Sikkim, 13 km north of Gangtok",5km,landslide,downpour,medium,unknown,,,,,,glc,57.0,India,IN,,1464.0,Mangan,11.92749,04/01/2014 12:00:00 AM,11/20/2017 03:17:00 PM,02/15/2018 03:51:00 PM,88.6193,27.4459
en.apa,http://en.apa.az/news.php?id=119178,1611,04/01/2010 12:00:00 AM,,"Paglanala village, Dholai Block, near Dwarbandh locality of the district, Cachar district (could only find district) 45 km from Silchar, Assam","The latest disaster has come from Assam where three children aged 7, 5 and 2 were crushed to death after the side of a mountain slid onto their house in Cachar, wiping it out. Their parents, Deepak and Supriti Roy, who survived the catastrophe were seriously injured.  A torrential downpour — some 26 inches on the rain gauge — over the past few days loosened the earth leading to the tragedy at the reserved forest village of Paglanala under Dholai block in the state’s Cachar district.  In the reckless destruction of mountains — be it in the name of “development” or the creation of more “living space” — there have been instances of entire convoys of passenger traffic being stranded in the mountains of the region because of landslides.  As per media report of 2nd April 2010 a landslide at the reserved forest village of Paglanala under Dholai block in the Cachar district, Assam has led to the death of three children and serious injury to two persons. The landslide was preceded by torrential","Paglanala village, Dholai Block, near Dwarbandh locality of the district, Cachar district (could only find district) 45 km from Silchar, Assam",25km,landslide,downpour,medium,unknown,3.0,,,,,glc,1611.0,India,IN,Assam,39982.0,Hāflong,1.49521,09/12/2014 02:02:00 PM,11/20/2017 03:17:00 PM,02/15/2018 03:51:00 PM,93.028,25.1553
Red Cross - Field reports,https://www-secure.ifrc.org/dmis/prepare/view_report.asp?ReportID=2987,147,07/30/2007 12:00:00 AM,,Lawngtlai,road networks disrupted,Lawngtlai,25km,landslide,downpour,medium,unknown,,,,,,glc,147.0,India,IN,Mizoram,22654.0,Saiha,9.62825,04/01/2014 12:00:00 AM,11/20/2017 03:17:00 PM,02/15/2018 03:51:00 PM,92.899,22.533
articles.timesofindia,http://articles.timesofindia.indiatimes.com/2012-06-04/guwahati/32030359_1_barail-hill-harangajao-landslides,4382,06/03/2012 12:00:00 AM,," between Harangajao and Mailongdisa, Assa,","Torrential rain in the Barail Hill range for the past many days triggered landslides at least five places along the Lumding-Silchar section of Northeast Frontier Railway (NFR) early on Sunday. Authorities have suspended and regulated services of all the trains in this 214-km section until tracks are cleared.   A senior official of NFR here said at around 3am on Sunday, a large amount of soil and mud, boulders and trees came down the Borail Hill on the tracks at five different places in Dima Hasao district. The affected places are between Harangajao and Mailongdisa, Bandarkhal and Chandranathpur, Maibang and Daotohaja, Lower Haflong and Bagetar and between Mahur and Migrendisa."," between Harangajao and Mailongdisa, Assa,",5km,landslide,downpour,medium,unknown,,,,,,glc,4382.0,India,IN,Assam,39982.0,Hāflong,16.97606,04/01/2014 12:00:00 AM,11/20/2017 03:17:00 PM,02/15/2018 03:51:00 PM,92.8573,25.1175
beacononline.wordpress,http://beacononline.wordpress.com/2009/08/25/kalimpong-highway-doom-for-hill-economy/,1112,08/20/2009 12:00:00 AM,,"NH31A, Mile 27 near Rambi","Vehicles ply on 27 Mile, a landslide-affected stretch of NH31A, after fresh mudslide on Monday. The rain-triggered landslides and cave-ins have reduced the highway to a potholed and slushy track at numerous places, leading to frequent traffic jams and increase in travel time from two hours to more than double for Siliguri-bound vehicles from here on National Highway 31-A, lifeline for Sikkim and Kalimpong At least 10 places along the Highway had been hit by landslides, triggered by torrential rains over the past week. All these stretches, except Mile 27 area near Rambi have been cleared by the Border Roads Organisation (BRO).","NH31A, Mile 27 near Rambi",25km,mudslide,downpour,medium,unknown,0.0,,,,,glc,1112.0,India,IN,Sikkim,4026.0,Rangpo,0.50251,04/01/2014 12:00:00 AM,11/20/2017 03:17:00 PM,02/15/2018 03:51:00 PM,88.5287,27.1761
Mizoram Express,http://mizoramexpress.com/index.php/2010/09/mizoram-landslides-kill-one-woman/,2424,09/13/2010 12:00:00 AM,,"near Tuivawl(?), Aizawl-Champhai rd, Aizawl district, Mizoram","Sep 15, 2010  AIZAWL: Aizawl-Champhai road also was blocked by landslides in two places near Tuivawl and Tuichang.  ZONET Champhai Corr. said, the road block near Tuivawl was cleared while men are still at work till in the afternoon to clear the road block near Tuichang.","near Tuivawl(?), Aizawl-Champhai rd, Aizawl district, Mizoram",25km,landslide,downpour,medium,unknown,0.0,,,,,glc,2424.0,India,IN,Mizoram,265331.0,Aizawl,26.45346,04/01/2014 12:00:00 AM,11/20/2017 03:17:00 PM,02/15/2018 03:51:00 PM,92.9296,23.591
Sikkim times.com,http://www.thestatesman.net/page.arcview.php?clid=10&id=184730&usrsess=1,78,05/23/2007 12:00:00 AM,,"Pangthang, on road b/t Gangtok and North Sikkim",along highway,"Pangthang, on road b/t Gangtok and North Sikkim",50km,landslide,rain,medium,unknown,,,,,,glc,78.0,India,IN,Sikkim,30700.0,Gangtok,1.48585,04/01/2014 12:00:00 AM,11/20/2017 03:17:00 PM,02/15/2018 03:51:00 PM,88.6069,27.3383
e-pao.net,http://e-pao.net/GP.asp?src=24..050913.sep13,5431,09/01/2013 12:00:00 AM,,"Tamenglong, Manipur","The incessant rains have caused mudslides causing great havoc in different parts of Tamenglong district. Many people have also lost their properties in the mudslides at Tamenglong town areas. One major mudslide was occurred at Tamenglong ward No.IV near the petrol pump. One store belonging to DM Wangiangdin has been totally damaged. His Alto Maruti car (Suzuki MN01X3673) which was kept inside the store house was also partially damaged by the mudslide. The residence of one Asam Gonmei has also been submerged by the mudslide, leading to lose of all properties. On account of the mudslide, Tamei- Tamenglong road has remained cut off since September 1.","Tamenglong, Manipur",5km,mudslide,continuous_rain,medium,unknown,0.0,,,,,glc,5431.0,India,IN,Assam,7176.0,Mahur,45.4148,04/01/2014 12:00:00 AM,11/20/2017 03:17:00 PM,02/15/2018 03:51:00 PM,93.5063,24.9829
articles.timesofindia,http://articles.timesofindia.indiatimes.com/2011-06-30/guwahati/29720982_1_heavy-rains-highway,3672,06/29/2011 12:00:00 AM,,"Portions of NH 39, Connectin Manipur with Assam via Nagaland","Heavy downpour in the past few days threatens to cut off Nagaland and neighbouring Manipur from the rest of the country. Continuing heavy showers have caused landslides and led to the sinking of a portion of NH 39, creating immense hardship to the people residing here. NH 39, the lifeline of the two northeastern states, connects Manipur with Assam via Nagaland.  If the monsoon showers continue with the same intensity, it is expected that the sunken portion of the highway will have to be closed as it has already become difficult for vehicles to pass through the place.  The main concern of the administrative authorities is the landslide area at the old Kohima Municipal Council (KMC) dumping site about 7 km away from the state capital where mudslides have started with the arrival of the monsoon, leading to disruption of vehicular traffic. Passengers travelling between Kohima and Dimapur have also complained that it is already taking hours to reach their destination.  ","Portions of NH 39, Connectin Manipur with Assam via Nagaland",unknown,landslide,downpour,medium,unknown,0.0,,,,,glc,3672.0,India,IN,Assam,8364.0,Maibong,32.43398,04/01/2014 12:00:00 AM,11/20/2017 03:17:00 PM,02/15/2018 03:51:00 PM,93.3613,25.5125
isikkim.com,http://isikkim.com/2011-09-landslide-disrupts-gangtok-mangan-highway-again-30-3/,3997,09/30/2011 12:00:00 AM,,Mangan : The slide which occurred at Thingchim around 18 kilometers from Mangan towards Gangtok has disrupted the Mangan-Gangtok traffic again. The s*,"The slide which occurred at Thingchim around 18 kilometers from Mangan towards Gangtok has disrupted the Mangan-Gangtok traffic again. The slide occurred recently which had brought big boulders that cover the stretch of around 40 feet. The restoration of the traffic has not been ascertained yet. The vehicles plying to the North District headquarter has been enrooted from Singtam via Dikchu Road. The commuters plying to Namok, Sweyem, Mangshilla and of some areas have to transship from this point.",,10km,landslide,unknown,medium,unknown,0.0,,,,,glc,3997.0,India,IN,,1464.0,Mangan,3.57379,04/01/2014 12:00:00 AM,11/20/2017 03:17:00 PM,02/15/2018 03:51:00 PM,88.5575,27.5161
e-pao,http://www.e-pao.net/GP.asp?src=28..210810.aug10,2253,08/15/2010 11:00:00 PM,,"Chingai-Kuingai(Quingai) route (16 kms), Chingai subdivision, Ukhrul district, Manipur","Since the Chingai-Quingai road has been sunk due to landslides at various points following heavy rainfall that occured twice during the past 20 days, nearly 5,000 villagers of five villages in the sub-division are facing the alarming possibility of starvation.  The road from Chingai to Quingai in Chingai sub-division of Ukhrul district connects Quingai, Chalou, New Tasom, Tasom CV and Tasom Khullen villages.  However, the road has been disconnected in various places due to heavy rainfall that occurred on the night between July 29 and 30 and again on the night of August 15 .  According to Secretary, Information and Publicity, Northern Raphei Students' Union (NRSU), HAS Thuingaleng, nearly 5,000 villagers of the said villages have been facing extreme hardship.  The wooden bridge over Rondei river had been washed away by the powerful current of the river disconnecting the road.  Moreover, landslides have occurred completely blocking the road at different places.  However, due to the heavy","Chingai-Kuingai(Quingai) route (16 kms), Chingai subdivision, Ukhrul district, Manipur",25km,landslide,downpour,medium,unknown,0.0,,,,,glc,2253.0,India,IN,Manipur,15118.0,Phek,39.51186,04/01/2014 12:00:00 AM,11/20/2017 03:17:00 PM,02/15/2018 03:51:00 PM,94.48265093,25.31006064
kanglaonline,http://www.kanglaonline.com/index.php?template=headline&newsid=48686&typeid=2,1108,08/20/2009 12:00:00 AM,,"Tamei, Tamenglong district on Imphal-Tamenglong (IT) road","Landslides on the Imphal-Tamenglong (IT) road have put the people of Tamei, Tamenglong district in difficult times as the stock of essential supplies required for daily use are running short and the concerned department of the state government is not doing anything about the matter, said Poujeng, chairman of Tamei headquarter authority. Due to the intermittent rains, landslides have occurred at 3/4 places on the IT road between Kangpokpi-Tamei and Tamei-Tamenglong at present and new landslides.","Tamei, Tamenglong district on Imphal-Tamenglong (IT) road",10km,landslide,downpour,medium,unknown,0.0,,,,,glc,1108.0,India,IN,Assam,7176.0,Mahur,44.34393,04/01/2014 12:00:00 AM,11/20/2017 03:17:00 PM,02/15/2018 03:51:00 PM,93.5,24.9925
Times of India,http://timesofindia.indiatimes.com/india/Landslides-in-Arunachal-Pradesh-due-to-incessant-rain/articleshow/37379365.cms,6105,06/26/2014 11:00:00 PM,,Arunachal Pradesh,"Landslides, triggered by incessant rain in the past couple of days have wrecked havoc in several districts of Arunachal Pradesh throwing life out of gear. While flood-like situation prevails in low-lying areas of various districts, road link between Nirjuli and Banderdewa near here has been snapped due to damage of several culverts along the NH 52(A), the life line for the state capital, official sources said. PWD superintendent engineer (highway-western zone) Jumo Geiyi said the stretch of the highway between Nirjuli and Banderdewa has been temporarily closed due to damage to culverts in several places by incessant rain on the night of June 26. As a result, traffic was being diverted through Harmutty-Doimukh-Nirjuli road, instead of the usual route through Karsingsa. Besides, about 20 metre of NH 52(A) has been damaged at Karsingsa, besides Naharlagun, where portions of it have caved in, he said. More damage to the road, which has been breached near North East Regional Institute of Sc",Arunachal Pradesh,unknown,landslide,continuous_rain,medium,above_road,0.0,0.0,,,,test,6105.0,India,IN,Arunachal Pradesh,0.0,Motuo,43.67228,08/24/2014 12:00:00 AM,11/20/2017 03:17:00 PM,02/15/2018 03:51:00 PM,95.3429,28.9205
Arunachal Times,http://www.arunachaltimes.in/landslide-blocks-ziro-tamen-road/,9168,06/12/2016 11:00:00 PM,,"NH 13 10 kilometers from Old Ziro, Arunachal Pradesh, India","Estimated location along road. Heavy rains on Sunday night triggered series of landslides between Ziro and Ripali, Tamen, 10Kms from Old Ziro, stranding the commuters for the entire day. However due to heavy rains, the restoration work had to be halted and will resume on Tuesday.","NH 13 10 kilometers from Old Ziro, Arunachal Pradesh, India",10km,landslide,downpour,medium,above_road,0.0,0.0,,http://www.arunachaltimes.in/wp-content/uploads/2016/06/Landslide-blocks-Ziro-Tamen-road-300x206.jpg,,glc,9168.0,India,IN,Arunachal Pradesh,13893.0,Ziro,6.29222,07/25/2016 05:45:00 PM,11/20/2017 03:17:00 PM,02/15/2018 03:51:00 PM,93.871,27.6438
The Times of India,http://timesofindia.indiatimes.com/city/kolkata/Landslides-claim-1-life-block-Hills-road-in-Darjeeling/articleshow/47858393.cms,7021,06/27/2015 11:00:00 PM,,"Old Monastery Road, Ghum",The body of Phupu Doma Bhutia (45) was recovered by her relatives in her shanty in Ghoom on Sunday morning. It is suspected that a loose boulder tumbled down on the hut where Phupu lived.,"Old Monastery Road, Ghum",1km,landslide,downpour,medium,unknown,1.0,0.0,,,,glc,7021.0,India,IN,West Bengal,123797.0,Dārjiling,3.1919,06/30/2015 03:43:00 PM,11/20/2017 03:17:00 PM,02/15/2018 03:51:00 PM,88.251,27.0076
kanglaonline.com,http://kanglaonline.com/2011/06/two-children-claimed-by-landslide-at-tamenglong/,3560,05/31/2011 02:30:00 PM,,"Gaoilung(Gadailong) village(?), Ward 4(?), Tamenglong, Manipur","June 1, 2011  A major landslide at Tamenglong has reportedly claimed two lives yesterday. According to a source, two members of a family, a brother and a sister were killed in a massive landslide at the Gaoilung village, Tamenlong ward No. 4 yesterday afternoon at around 2:30 pm.  The deceased brother and sisters were identified as one Masamdingliu, 13 and Mathemsonang, 8 children of Dr. Kiulang originally hailing from Dilong village.  According to the source, the siblings were killed while there house was dragged along by the land slide, triggered by torrential rain yesterday.","Gaoilung(Gadailong) village(?), Ward 4(?), Tamenglong, Manipur",50km,landslide,downpour,medium,unknown,2.0,,,,,glc,3560.0,India,IN,Manipur,223523.0,Imphal,35.52835,04/01/2014 12:00:00 AM,11/20/2017 03:17:00 PM,02/15/2018 03:51:00 PM,93.5935,24.8286
Telegraph India,http://www.telegraphindia.com/1080616/jsp/northeast/story_9416169.jsp,587,06/15/2008 12:00:00 AM,,"Lakhimpur district, Bihpuria, Assam","heavy flooding and landslides in Assam and Arunachal Pradesh, difficult to determine if casualties were from flooding or landslides","Lakhimpur district, Bihpuria, Assam",25km,landslide,downpour,medium,unknown,17.0,,,,,glc,587.0,India,IN,Assam,59841.0,North Lakhimpur,0.75347,04/01/2014 12:00:00 AM,11/20/2017 03:17:00 PM,02/15/2018 03:51:00 PM,94.0989,27.2298
The Daily Star,http://www.thedailystar.net/backpage/landslide-kills-3-of-a-family-23595,6019,05/10/2014 09:00:00 AM,,Borolekha upazila of Moulvibazar,"Three members of a family were killed as a large chunk of earth from a rain-soaked hill fell on a house in Borolekha upazila of Moulvibazar early yesterday. Tofail Ahmed, superintendent of police in Moulvibazar, said the landslide happened anytime after the torrential rain began in the district around 8:00pm on Friday.",Borolekha upazila of Moulvibazar,25km,landslide,rain,small,unknown,3.0,0.0,,,,glc,6019.0,Bangladesh,BD,Sylhet,57441.0,Maulavi Bāzār,8.46607,08/24/2014 12:00:00 AM,11/20/2017 03:17:00 PM,02/15/2018 03:51:00 PM,91.7561,24.4136
The Assam Tribune,http://www.assamtribune.com/scripts/detailsnew.asp?id=sep0815/oth058,8012,09/06/2015 03:00:00 PM,,"Umling, Meghalaya 793102, India","SHILLONG, Sept 7 - Traffic movement was disrupted on National Highway 40 (Guwahati-Shillong Road) on Sunday afternoon due to a massive landslide at Umling, Ri-Bhoi district. However, one lane has been cleared for traffic movement today. Vehicles were stranded for several hours at the Highway. Superintendent of Police, Ri-Bhoi district, GD Kharwanlang rushed to the spot and diverted light vehicles through a different route.  Light vehicles were directed from Byrnihat to Umden and onward towards Nongpoh and Shillong. Similarly, vehicles from Shillong were diverted to Umling-Sohkhwai route and then to 20 Mile. But heavy vehicles were stranded on the highway yesterday.  “Weather permitting we would be able to clear the other lane this evening or tomorrow,” Kharwanlang said over the phone from Nongpoh today.  It is also being advised that those travelling between Guwahati and Shillong can take the Shillong-Mairang- Patharkhmah-Rani route.","Umling, Meghalaya 793102, India",1km,landslide,unknown,medium,above_road,0.0,0.0,,,,glc,8012.0,India,IN,Meghalaya,14387.0,Nongpoh,7.75972,06/30/2016 05:24:00 PM,11/20/2017 03:17:00 PM,02/15/2018 03:51:00 PM,91.8584,25.9703
Shillong Times,http://www.theshillongtimes.com/2015/08/20/child-washed-away-in-tura/,7335,08/18/2015 09:00:00 AM,,Tura Civil Hospital,A landslip on Tuesday also damaged shops in the Tura Civil Hospital vicinity.,Tura Civil Hospital,1km,landslide,continuous_rain,medium,urban,0.0,0.0,,,,glc,7335.0,India,IN,Meghalaya,63645.0,Tura,0.03796,05/26/2016 11:10:00 PM,11/20/2017 03:17:00 PM,02/15/2018 03:51:00 PM,90.2023,25.5145
google,http://www.google.com/hostednews/afp/article/ALeqM5i3_WUJVJikNHFLjBu4U01jZan7zA?docId=CNG.987be94c4c3ccdfdf0d86cb5108c3d3b.3e1,3804,07/19/2011 12:00:00 AM,,"southeastern, DHAKA, Bangladesh","Four killed, 200,000 stranded in Bangladesh floods  (AFP) – Jul 22, 2011   DHAKA — At least four people were killed and more than 200,000 stranded after three days of heavy rains triggered flash floods and landslides in southeastern Bangladesh, officials said Friday.  The government's flood forecasting and warning centre said more than 49 centimetres (19 inches) of rain had pounded the worst-hit Cox's Bazaar district since Wednesday, flooding at least 200 villages in the hilly region.  ""One child was buried under mud due to landslide and three more people were washed away in the huge torrents of water,"" Cox's Bazaar chief district administrator Zainul Bari told AFP.  He said two more people were missing and more than 200,000 had been marooned by the floods, forcing 3,200 families to take shelter in schools, cyclone shelters and on high ground.  Local authorities have distributed emergency relief to those most in need.  Southeastern Bangladesh is prone to deadly flash floods as tens o","southeastern, DHAKA, Bangladesh",50km,landslide,downpour,large,unknown,4.0,,,,,glc,3804.0,Bangladesh,BD,Dhaka,10356500.0,Dhaka,0.15781,04/01/2014 12:00:00 AM,11/20/2017 03:17:00 PM,02/15/2018 03:51:00 PM,90.4077,23.7118
thestatesman.net,http://www.thestatesman.net/page.news.php?clid=10&theme=&usrsess=1&id=164069,141,07/26/2007 12:00:00 AM,,Singtam,closest to predicted location of Shillong (397.72 km),Singtam,50km,landslide,rain,medium,unknown,,,,,,glc,141.0,India,IN,Meghālaya,11090.0,Cherrapunji,19.36242,04/01/2014 12:00:00 AM,11/20/2017 03:17:00 PM,02/15/2018 03:51:00 PM,91.88,25.38
nbtvlive,,3983,09/23/2011 12:00:00 AM,,"Maighuli, Guwahati, Meghalaya","Four persons today got buried alive and 10 others were injured in a landslide at Maighuli, along the Assam-Meghalaya border, police said. Incessant rains triggered the landslip along the hills of Maighuli on the Meghalaya side of the border, Kamrup (metro) SSP Deepak Choudhury said. The victims were sheltered in a cluster of houses along the foothills in the area when a large chunk of earth fell on them.Both the Assam and Meghalaya governments launched rescue operation during which four were found dead, officials said. Ten others were brought out of the debris and admitted to Beltola Army Hospital with injuries, they said.","Maighuli, Guwahati, Meghalaya",unknown,landslide,downpour,large,unknown,4.0,,,,,glc,3983.0,India,IN,Assam,899094.0,Guwahati,3.44946,04/01/2014 12:00:00 AM,11/20/2017 03:17:00 PM,02/15/2018 03:51:00 PM,91.7351,26.1548
Red Cross - Field reports,https://www-secure.ifrc.org/dmis/prepare/view_report.asp?ReportID=2987,148,07/30/2007 12:00:00 AM,,Saiha,road networks disrupted,Saiha,25km,landslide,downpour,medium,unknown,,,,,,glc,148.0,India,IN,Mizoram,22654.0,Saiha,2.05477,04/01/2014 12:00:00 AM,11/20/2017 03:17:00 PM,02/15/2018 03:51:00 PM,92.967,22.479
Telegraph,https://www.telegraphindia.com/1090817/jsp/siliguri/story_11368309.jsp,1094,08/16/2009 09:30:00 PM,,"Katare village, 80 km from Kalimpong","In Katare village, about 80km from Kalimpong, a landslide brought down the house of Nima Tshering Lepcha at 9.30 last night, burying alive three-year-old Samuel. Nima’s two other children had a narrow escape.","Katare village, 80 km from Kalimpong",exact,landslide,downpour,medium,deforested_slope,1.0,,,,,glc,1094.0,India,IN,Bengal,43000.0,Kālimpang,1.40893,04/01/2014 12:00:00 AM,11/20/2017 03:17:00 PM,02/15/2018 03:51:00 PM,88.63411246,27.15977181
gsi.gov,"http://www.portal.gsi.gov.in/portal/page?_pageid=127,875814&_dad=portal&_schema=PORTAL",1775,04/21/2010 12:00:00 AM,,Arunachal Pradesh ,"As per PTI report at least 12 people have died in Arunachal Pradesh due to landslides triggered by heavy rains on 21st April 2010. Landslides have cut off road links at Lohit, Upper Siang, Dibang Valley, Anjan and East Kameng districts. ",Arunachal Pradesh ,unknown,landslide,downpour,medium,unknown,12.0,,,,,glc,1775.0,India,IN,Arunāchal Pradesh,14927.0,Tezu,5.14944,04/01/2014 12:00:00 AM,11/20/2017 03:17:00 PM,02/15/2018 03:51:00 PM,96.1779,27.8965
morungexpress,http://www.morungexpress.com/local/67492.html,3663,06/28/2011 12:00:00 AM,,"Ruzapfu valley, Kikruma Village, Phek District, Nagaland","Kikruma | June 28 : Following the heavy down-pour of incessant monsoon rain for the last few weeks, paddy fields belonging to six families at Ruzapfu valley, Kikruma Village under Phek District have submerged under overflowing streams. The relentless rain has caused massive landslides and mudslides damaging paddy and also partially affecting the NH-129. Kikruma Village is located some 50 Kms away from Kohima Talking to The Morung Express, Kasahi Vero one of the affected paddy field owner stated, “The water in the streams and rivulets at the adjoining areas has carried downstream the mud and wrought havoc and calamity by destroying major portion of already planted paddy fields at Ruzapfu valley.” Earlier, it was reported that on June 21 last, the threat caused by the rainfall was beyond human control and the farmers suffered heavy loses, approximately estimated to be worth more than five lakh rupees. It is to be noted that the annual yield of paddy was roughly measured around 200 head l","Ruzapfu valley, Kikruma Village, Phek District, Nagaland",50km,landslide,downpour,medium,unknown,0.0,,,,,glc,3663.0,India,IN,Nāgāland,92113.0,Kohima,0.72537,04/01/2014 12:00:00 AM,11/20/2017 03:17:00 PM,02/15/2018 03:51:00 PM,94.1099,25.6682
India Today,http://indiatoday.intoday.in/story/landslide-in-manipur-near-myanmar-border-kills-21/1/455645.html,7385,08/01/2015 12:00:00 AM,,"Holenjang, Chandel district","Another village Holenjang, which is 15km away from Joumol is also hit by landslide but due to non-motorable road rescue teams were yet to reach this area till late Saturday evening.","Holenjang, Chandel district",10km,landslide,continuous_rain,medium,unknown,0.0,0.0,,http://www.e-pao.org/galleries/images/News_Related/2015/08/Hollenjang_20150813.jpg,,glc,7385.0,India,IN,Manipur,47774.0,Churāchāndpur,48.31354,05/06/2016 12:51:00 AM,11/20/2017 03:17:00 PM,02/15/2018 03:51:00 PM,93.9815,24.004
assamtribune,http://www.assamtribune.com/scripts/detailsnew.asp?id=jun2511/oth05,3643,06/23/2011 11:30:00 PM,,Villages surrounding the West Sikkim district of ,"June 24 – Sixteen people perished in three separate landslides which hit villages surrounding the West Sikkim district headquarters at Gyalshing. All three landslides took place at around 11.30 pm last night. Fourteen people were buried alive when rolling debris from a hill piled on a house, where 25 people were residing, at Khorong village in Yangthang constituency, Superintendent of Police, West Sikkim, AK Singh said.  The second landslide also buried a house at Tikjek village, killing on the spot a man identified as Kumar Thakur who lived there along with his friend. His friend had a miraculous escape when large chunks of mud and stones brought the house down like a pack of cards.   The bodies of eight victims have been retrieved so far as search and rescue operations were carried out throughout the night, DIG Range told this correspondent. Senior officials from the district administration, DC West, Santa Pradhan, SDPO West, SP West and MLA of the area PL Subba visited the affected ",Villages surrounding the West Sikkim district of ,5km,landslide,downpour,large,unknown,16.0,,,,,glc,3643.0,India,IN,,1035.0,Naya Bāzār,17.49816,04/01/2014 12:00:00 AM,11/20/2017 03:17:00 PM,02/15/2018 03:51:00 PM,88.2579,27.2879
dnaindia,http://www.dnaindia.com/india/report_one-dead-road-and-rail-communication-disrupted-due-to-rains-in-assam_1450237,2575,10/09/2010 12:00:00 AM,,"road between Haflong and Lanka, Assam","Road communication, too, has been disrupted in the district with the road connecting Haflong and Lanka severely damaged, sources said.","road between Haflong and Lanka, Assam",50km,landslide,downpour,medium,unknown,0.0,,,,,glc,2575.0,India,IN,Assam,8364.0,Maibong,28.77268,04/01/2014 12:00:00 AM,11/20/2017 03:17:00 PM,02/15/2018 03:51:00 PM,92.9914,25.5242
assamtribune,http://www.assamtribune.com/scripts/detailsnew.asp?id=jul3011/oth05,3840,07/25/2011 12:00:00 AM,,Manipur,"Manipur road links restored Sobhapati Samom  IMPHAL, July 29 – Road links to Manipur, which remained cut off from the rest of the country since the last three days following heavy landslides on the National Highways, has been re-opened on Thursday.  However, repairs of the road at the landslide prone Maram bazaar stretch of Imphal-Dimapur sector of the National Highway 2 (formerly known as NH 39) in Senapati district would take some time.  With the opening of the State’s life line, the 300 stranded goods laden trucks have resumed their journey for their destinations in the afternoon today.  But the more than 4,000 residents of Maram bazaar, a small hill town located on the highway are facing scarcity of potable water after the landslide buried the water supply pipelines.  “We have been buying water at the rate of Rs 20 per 40 litre tin since the last three weeks”, Kunjeshwori, a fish vendor at Maram Bazar said.  Economic blockade: An economic blockade on the two national highways – NH ",Manipur,50km,landslide,downpour,medium,unknown,0.0,,,,,glc,3840.0,India,IN,Manipur,22159.0,Mayāng Imphāl,8.94757,04/01/2014 12:00:00 AM,11/20/2017 03:17:00 PM,02/15/2018 03:51:00 PM,93.9157,24.6869
Antara News,http://www.antara.co.id/en/news/1274440013/landslides-again-hit-garut,9681,05/21/2010 12:00:00 AM,,"Thimphu-Phuentsholing highway, at Takti, between Samtse and Punakha ","A government servant, who was returning to Samtse from Punakha on May 20, narrowly escaped a major mudslide and rolling boulders at Takti on the Thimphu-Phuentsholing highway.  Chukha dzongda Tshewang Rinzin described the roadblock as probably the biggest on the highway in recent years.  Kinley Dendup, who was travelling with his wife and two other passengers, had to jam his brakes to avoid being buried under the massive slide, and hit by boulders the size of Toyota prados, barely inches in front of his car. He turned back from Takti.  “People in vehicles behind my car thought I was going to be buried under the slide,” he said. “Mine was the first car to reach that ominous spot.”  Kinley Dendup, who reached Samtse yesterday, after the road was cleared briefly, before another major slide blocked the road yesterday following heavy rain, said he returned to Kamji to spend the night, where there was another major roadblock.  Dzongda Tshewang Rinzin said clearing the road at Takti required ","Thimphu-Phuentsholing highway, at Takti, between Samtse and Punakha ",50km,landslide,downpour,medium,above_road,,,,,,glc,1882.0,Bhutan,BT,Paro,2169.0,Paro,16.65656,04/01/2014 12:00:00 AM,11/20/2017 03:17:00 PM,02/15/2018 03:51:00 PM,89.5187916,27.21898773
Headlines India,http://www.headlinesindia.com/natural-disasters/flood/darjeeling-landslide-toll-reaches-27-12747.html,1027,05/18/2009 08:00:00 AM,,"Sreemangal upazila, Moulvibazer.","Six people, five of them of a family, were killed in landslide triggered by heavy rain in the country's northeastern Moulvibazer district on Monday, police said.  Five of a family died as a chunk of earth from the nearby hill collapsed in a heap on their shanty in the Lakhai tea garden slum located in Sreemangal sub-district, officially known as upazila.  The other died instantly in a landslide in the other tea garden during heavy shower.  Heavy rain in the area on early Monday caused the mudslide that also collapsed many houses rendering a number of people homeless in the remote area, police confirmed.","Sreemangal upazila, Moulvibazer.",10km,mudslide,downpour,medium,unknown,6.0,,,,,test,1027.0,Bangladesh,BD,,5508.0,Kamalpur,16.13337,09/16/2014 05:04:00 PM,11/20/2017 03:17:00 PM,02/15/2018 03:51:00 PM,91.7333,24.3083
blog.taragana,http://blog.taragana.com/n/report-landslides-kill-10-people-in-bangladeshs-southeast-126402/,1064,07/31/2009 12:00:00 AM,,"Lama village, Bandarban district 155 miles (248 kilometers) southeast of the capital Dhaka",The report says huge chunks of earth buried a hillside hut killing five people from the same family in Lama village. Another five people from two families died in a landslide nearby. The landslides caused by heavy rains have killed 10 people in southeastern Bangladesh.,"Lama village, Bandarban district 155 miles (248 kilometers) southeast of the capital Dhaka",5km,landslide,downpour,medium,unknown,10.0,,,,,glc,1064.0,Bangladesh,BD,Chittagong,32523.0,Bāndarban,4.48178,04/01/2014 12:00:00 AM,11/20/2017 03:17:00 PM,02/15/2018 03:51:00 PM,92.19,22.2251
The Daily Star,http://www.thedailystar.net/newDesign/latest_news.php?nid=24242,1979,06/15/2010 12:00:00 AM,,Cox’s Bāzār : Four members of a family were killed in Uluchamari Hill landslides in Nila Union.,Four members of a family were killed in Uluchamari Hill landslides in Nila Union.,,50km,landslide,downpour,medium,unknown,4.0,,,,,glc,1979.0,Bangladesh,BD,Chittagong,253788.0,Cox’s Bāzār,35.22153,04/01/2014 12:00:00 AM,11/20/2017 03:17:00 PM,02/15/2018 03:51:00 PM,92.1571,21.1899
Business Standard,http://www.business-standard.com/article/pti-stories/communication-to-tezu-snapped-due-to-landslide-114051000401_1.html,6015,05/08/2014 12:00:00 AM,,Lohit District of Arunachal Pradesh,"Landslides triggered by the first monsoon spell have snapped surface communication to Tezu in Lohit district of Arunachal Pradesh. The headquarters town of Tezu was cut off from rest of the state following massive landslides due to incessant rain in the past few days. According to official sources, heavy landslides beyond 5 km point from Tohangam (O Point) have brought vehicular movement to a standstill. ""Due to sinking of the steep hill and continuous mudslide, it is foiling our rigorous efforts. For few hours the mud was cleared and the road was made thorough but the continuous rain is creating hurdles in restoration works,"" BRO official P K Gupta informed. The Alubari Ghat connecting Tezu with Namsai had also been closed owing to surging waters of the Lohit river and its tributaries, sources said. ",Lohit District of Arunachal Pradesh,1km,mudslide,rain,medium,above_road,0.0,0.0,,,,glc,6015.0,India,IN,Arunachal Pradesh,14927.0,Tezu,4.5707,08/24/2014 12:00:00 AM,11/20/2017 03:17:00 PM,02/15/2018 03:51:00 PM,96.174,27.9032
e-pao,http://www.e-pao.net/GP.asp?src=8..080711.jul11,3741,07/07/2011 12:00:00 AM,,Maram (80 km north of Imphal),"Imphal, July 07 2011: More than 100 stranded loaded trucks are waiting their turn to drive down towards Imphal at the landslide hit Maram bazar, 80km north of Imphal, while an equal number of empty trucks lining up on the other side of the NH 39, to move towards Dimapur (Nagaland) .  The movement of the trucks has been severely affected to landslide at Maram since the last few days.  Maram Students Union had already sought help and cooperation from the concerned authorities to properly make the route motorable.  This picture was taken by Karaiba,a resident of Maram Bazar at around 6.10pm today, saying that the trucks started lining up at Maram since morning (7am) onwards.  Presently one JCV has been reportedly put into service to clear the route.  A large portion of NH-39 has sunk between Maram Bazar and Maram Centre beneath the 5 Assam Rifles camp. ",Maram (80 km north of Imphal),5km,landslide,rain,medium,unknown,0.0,,,,,glc,3741.0,India,IN,Nāgāland,92113.0,Kohima,28.31436,04/01/2014 12:00:00 AM,11/20/2017 03:17:00 PM,02/15/2018 03:51:00 PM,94.1079,25.4191
Landslide Blog,http://blogs.agu.org/landslideblog/2015/08/14/mangdechu/,7696,08/14/2015 11:00:00 AM,,Mangdechu hydropower project,"Yesterday the project suffered a significant landslide, burying five workers at the site.  The Bhutanese newspaper Kuensel has been covering the story via twitter and in its online edition.  It appears that the landslide occurred when the wall of the construction pit for the dam collapsed.  Fifteen workers were in the pit at the time; whilst ten escaped, five were buried.  It is highly unlikely that they have survived, although work to recover them has been suspended because of the risk of further collapses.",Mangdechu hydropower project,50km,landslide,mining,medium,mine,5.0,0.0,,http://www.kuenselonline.com/wp-content/uploads/MHPA-660x330.jpg,,,,,,,,,,05/10/2016 05:31:00 PM,11/20/2017 03:17:00 PM,02/15/2018 03:51:00 PM,90.4678,27.4373
The hindu.com,http://www.hindu.com/thehindu/holnus/004200708261441.htm,210,08/25/2007 12:00:00 AM,,"Hattisurey in Kalimpong, on National Highway 31A","major landslide along road, closed for over 1 week, lifeline to Sikkim","Hattisurey in Kalimpong, on National Highway 31A",25km,landslide,rain,medium,unknown,,,,,,glc,210.0,India,IN,Bengal,43000.0,Kālimpang,3.41647,04/01/2014 12:00:00 AM,11/20/2017 03:17:00 PM,02/15/2018 03:51:00 PM,88.4308,27.0713
nagalandpost,http://www.nagalandpost.com/ShowStory.aspx?npoststoryiden=UzEwMjg5OTY%3D-LvoR7D2GhjI%3D,2106,07/20/2010 12:00:00 AM,,"road to Oting near Longlam village, 13 km from Tizit subdivision, Mon district, Nagaland","With the landslide washing away the only life line of Oting and Longlam villages under Mon district, the villagers are facing acute shortage of essential commodities for livelihood.  The landslide which affected about 200 meters long, occurred near Longlam village on July 20 about 13 kms away from Tizit sub-division of Mon district.  The damage of the road is such that not only two wheeler but even human beings cannot walk or carry any load as the valley is very steep.  The only alternative road would have been via Naginimora- Tiru, but the road is in such a deplorable condition that no vehicles can ply. ","road to Oting near Longlam village, 13 km from Tizit subdivision, Mon district, Nagaland",25km,landslide,downpour,medium,unknown,0.0,,,,,glc,2106.0,India,IN,Nāgāland,18742.0,Mon,16.42483,04/01/2014 12:00:00 AM,11/20/2017 03:17:00 PM,02/15/2018 03:51:00 PM,94.9921,26.8716
NELIVE (North East Live),http://www.nelive.in/assam/news/woman-injured-landslide,9051,07/19/2016 09:00:00 AM,,"12th Mile area at Jorabat, Meghalaya, India","A family in 12th Mile area at Jorabat had a miraculous escape after a portion of a hillock located behind their compound fell on the house. The lady of the house, Nuni Sangma, received minor injuries in the incident.","12th Mile area at Jorabat, Meghalaya, India",25km,landslide,unknown,medium,natural_slope,0.0,1.0,,http://www.nelive.in/sites/default/files/city054%20%281%29.jpg,,glc,9051.0,India,IN,Meghalaya,2000.0,Dispur,6.97192,07/19/2016 07:03:00 PM,11/20/2017 03:17:00 PM,02/15/2018 03:51:00 PM,91.8744337,26.09748244
sindhtoday,http://www.sindhtoday.net/south-asia/32058.htm,870,10/29/2008 12:00:00 AM,,"West Kameng, Arunachal Pradesh",So far about 12 people have died in separate incidents. Most victims died after hillocks caved in on their houses or they were washed away in flash floods caused by unseasonal heavy rains for the past four days,"West Kameng, Arunachal Pradesh",50km,mudslide,downpour,medium,unknown,12.0,,,,,glc,870.0,India,IN,Arunāchal Pradesh,7121.0,Bomdila,16.71177,04/01/2014 12:00:00 AM,11/20/2017 03:17:00 PM,02/15/2018 03:51:00 PM,92.35,27.4
news.oneindia,http://news.oneindia.in/2010/09/04/strategicroad-link-cut-off-due-to-landslide-insikkim.html,2392,09/04/2010 12:00:00 AM,,"17th mile(?), Jawaharlal Nehru Marg hwy, between Gangtok and Nathu La, Sikkim","Gangtok, Sep.4 (ANI): Incessant rains in the last few weeks have caused extensive landslides in Sikkim, as on Saturday, vehicular traffic on the road connecting Gangtok with Nathu La located along the India-China border came to a standstill due to landslides. Named the Jawaharlal Nehru Marg, the road holds high strategic importance for the movement of troops and their supplies.  It is also viewed as important for cross border trade and tourists who enjoy the rare experience of visiting the Nathu La Pass.  The worst affected spot has been ""the 17th mile"" where the road has been washed away to the extent of around 350 metres.  Reportedly, a gradient has slid down by 50 to 60 metres and a portion of the army barracks was badly damaged by the landslide.","17th mile(?), Jawaharlal Nehru Marg hwy, between Gangtok and Nathu La, Sikkim",10km,landslide,downpour,medium,unknown,0.0,,,,,glc,2392.0,India,IN,Sikkim,30700.0,Gangtok,12.9691,04/01/2014 12:00:00 AM,11/20/2017 03:17:00 PM,02/15/2018 03:51:00 PM,88.7334,27.3702
Telegraph India,http://www.telegraphindia.com/1090618/jsp/siliguri/story_11126449.jsp,1037,06/17/2009 04:00:00 AM,,"Sevoke, 20km from Siliguri, North Eastern, India (Highway NH31A:Coronation Bridge to the Sevoke police outpost section blocked)","A landslide triggered by night-long heavy rain blocked the only road to Sikkim for more than eight hours today, leading to long queues of vehicles on both sides of the debris. A part of the road was cleared by 1pm.  Residents of Sevoke, 20km from here, said the hillside came tumbling down on NH31A that also connects Kalimpong around 4am. Although no houses were damaged, the debris covering about 30 metres of the highway — from Coronation Bridge to the Sevoke police outpost — stopped traffic till the highway was partly cleared.  This is the first major landslide in the hills after Cyclone Aila struck on May 26. At that time there were 40 landslides, which killed 28 people. ","Sevoke, 20km from Siliguri, North Eastern, India (Highway NH31A:Coronation Bridge to the Sevoke police outpost section blocked)",5km,mudslide,downpour,medium,unknown,0.0,,,,,glc,1037.0,India,IN,Bengal,12311.0,Odlābāri,16.91825,04/01/2014 12:00:00 AM,11/20/2017 03:17:00 PM,02/15/2018 03:51:00 PM,88.47,26.89
e-pao.net,http://e-pao.net/GP.asp?src=6..270711.jul11,3830,07/22/2011 12:00:00 AM,,Manipur,"PWD officials reject Moreh office collapse report Source: The Sangai Express  Moreh, July 26 2011: There is no question of caving in of the main building of Mini-Secretariat at Moreh and preparations are on for inauguration of the office building at the soonest possible, AE M Birla Singh and SO Senminthang of PWD, Moreh have clarified.  Following heavy rainfall, landslides occurred along some portion of the road running in between the Transit Hostel and the main building of the Mini Secretariat recently leading to debris falling against the western wall of the main office building of the Mini Secretariat.  Efforts are currently underway to remove the debris with deployment of excavators.  AE M Birla and SO Senminthang, who came to inspect the work, clarified that there is no damage caused to the main building of the Mini Secretariat in the recent landslide contrary to what had been reported in some section of the media.",Manipur,10km,landslide,downpour,small,unknown,0.0,,,,,glc,3830.0,India,IN,Manipur,7528.0,Wāngjing,38.5554,04/01/2014 12:00:00 AM,11/20/2017 03:17:00 PM,02/15/2018 03:51:00 PM,94.3429,24.3527
www.nagalandpost.com,http://www.nagalandpost.com/channelnews/state/StateNews.aspx?news=TkVXUzEwMDA0NjAwNw%3D%3D-%2FtfIAOw1uMk%3D,4906,06/07/2013 12:00:00 AM,,"Helipong-Chessore Road, Nagaland","Chessore Area GBÕs Union (CAGBU) has expressed gratitude to parliamentary secretary CAWD R. Tohanba for deploying his own excavator and men for clearing up the landslide along Helipong-Chessore road. The road was blockade due to heavy landslide since early June 2013. Following the clearance of landslide, vehicles can now pass through this road. In a press release, CAGBU general secretary R. Ramji and vice president S. Neoji also appealed to the department  of PWD (R& B) to look after the road condition of Helipong- Chessore for the welfare of the general public","Helipong-Chessore Road, Nagaland",10km,landslide,unknown,medium,unknown,,,,,,glc,4906.0,India,IN,Nāgāland,33748.0,Tuensang,20.17679,04/01/2014 12:00:00 AM,11/20/2017 03:17:00 PM,02/15/2018 03:51:00 PM,94.7499,26.0977
Thaindian News,http://www.thaindian.com/newsportal/uncategorized/seven-die-in-west-bengal-landslides-lead_100233301.html,1091,08/16/2009 09:00:00 AM,,"Kalimpong, Darjeeling, West Bengal","Landslide killed, occurred at various places, including in tea gardens, along the National Highway 65 connecting Kurseong with Siliguri and Darjeeling, as also in areas like Pankhabari and Rohini Sunday morning following heavy rains over the past two days, said Kurseong sub-divisional police officer Rakesh Singh.","Kalimpong, Darjeeling, West Bengal",25km,landslide,downpour,medium,above_river,2.0,,,,,glc,1091.0,India,IN,Bengal,43000.0,Kālimpang,1.39876,04/01/2014 12:00:00 AM,11/20/2017 03:17:00 PM,02/15/2018 03:51:00 PM,88.43849551,27.02459801
NTV,http://en.ntvbd.com/bangladesh/17930/Mudslide-at-Sylhet-stone-quarry-kills-worker,9333,02/25/2016 01:00:00 PM,,Jaflong,"A worker was killed in a mud collapse at a stone quarry in Jaflong area of Goainghat upazila in Sylhet on Thursday, reports UNB.  Local people said Kamal Mia, aged around 50, resident of Budhigaon village in Goainghat upazila, died on the spot when a chunk of mud collapsed on him while digging out stones at the quarry at about 1:00pm.  Habi Mia alias Chhoto Habi, lease holder of the stone quarry, said they provided Tk50,000 as compensation to the family members of the deceased.  Goainghat police sub-inspector Manjurul said no complaint was lodged yet in connection with the quarry worker’s death.",Jaflong,5km,landslide,mining,small,mine,1.0,0.0,,,,glc,9333.0,Bangladesh,BD,Sylhet,237000.0,Sylhet,32.32367,08/03/2016 01:33:00 PM,11/20/2017 03:17:00 PM,02/15/2018 03:51:00 PM,92.0104,25.1622
thestatesman.net,http://www.thestatesman.net/page.news.php?clid=1&theme=&usrsess=1&id=164902,151,08/02/2007 12:00:00 AM,,Kurseong,closest to predicted location of Ranchi (480.53),Kurseong,25km,mudslide,rain,medium,unknown,3.0,,,,,glc,151.0,India,IN,Bengal,46427.0,Kārsiyāng,0.89953,04/01/2014 12:00:00 AM,11/20/2017 03:17:00 PM,02/15/2018 03:51:00 PM,88.2789,26.8905
The Economic Times,http://economictimes.indiatimes.com/news/politics-and-nation/another-landslip-occurs-in-darjeeling-even-as-people-return-home-from-relief-shelters/articleshow/47945060.cms,7076,07/04/2015 06:00:00 PM,,near Kalijhora,Another landslip occurred in Darjeeling district even as people are returning home from relief camps where they had taken shelter following landslides since July 1 which claimed lives of 40 people. The landslip occurred near Kalijhora last evening but there was no house in that spot and no casualty or injury was reported.,near Kalijhora,1km,landslide,unknown,small,natural_slope,0.0,0.0,,,,glc,7076.0,India,IN,West Bengal,43000.0,Kālimpang,15.55312,07/06/2015 03:45:00 PM,11/20/2017 03:17:00 PM,02/15/2018 03:51:00 PM,88.4553,26.9282
thestatesman.net,http://www.thestatesman.net/page.arcview.php?clid=10&id=195422&usrsess=1,218,08/29/2007 12:00:00 AM,,"Ghayabari-Tindharia on National Highway 55, near Darjeeling hills",blocked Hwy 55 and railway transportation,"Ghayabari-Tindharia on National Highway 55, near Darjeeling hills",10km,landslide,rain,medium,unknown,,,,,,glc,218.0,India,IN,Bengal,123797.0,Dārjiling,2.88137,04/01/2014 12:00:00 AM,11/20/2017 03:17:00 PM,02/15/2018 03:51:00 PM,88.2548,27.0096
indiablooms,http://www.indiablooms.com/NewsDetailsPage/newsDetails170810t.php,2261,08/17/2010 08:00:00 AM,,"Hatisur(?), Sevok(Sevoke), Kalimpong sub-division, NH 31A between Siliguri and Gangtok, Sikkim","Sikkim on Tuesday was cut off from the rest of the country following landslides on the main artery, 31A National Highway, linking Gangtok and West Bengal's Siliguri town.  Border Roads Organisation (BRO) officials said the link between Gangtok and Siliguri, the nearest railhead of landlocked Sikkim, was breached early on Tuesday after mudslides washed away a portion of the metal road at Hatisur on Sevok under Kalimpong sub-division, resulting in suspension of traffic of Sikkim and Kalimpong.","Hatisur(?), Sevok(Sevoke), Kalimpong sub-division, NH 31A between Siliguri and Gangtok, Sikkim",10km,landslide,downpour,medium,unknown,0.0,,,,,glc,2261.0,India,IN,Bengal,43000.0,Kālimpang,13.98232,04/01/2014 12:00:00 AM,11/20/2017 03:17:00 PM,02/15/2018 03:51:00 PM,88.4445,26.9435
Liveleak.com,http://www.liveleak.com/view?i=6f2_1188615914&c=1,93,06/13/2007 12:00:00 AM,,"Indira Bypass, Amdo Golai","on-duty policeman injured, road blocked by rocks causing closure","Indira Bypass, Amdo Golai",25km,landslide,rain,small,unknown,,,,,,glc,93.0,India,IN,Bengal,515574.0,Shiliguri,3.15411,04/01/2014 12:00:00 AM,11/20/2017 03:17:00 PM,02/15/2018 03:51:00 PM,88.4089,26.7324
Indian Express,http://indianexpress.com/article/india/india-news-india/west-bengal-rains-landslips-affect-life-in-north-of-state-3079833/,9603,10/12/2016 12:00:00 AM,,Mirik,Another road also collapsed near Mirik in the district.,Mirik,10km,landslide,downpour,medium,below_road,0.0,0.0,,,,glc,9603.0,India,IN,West Bengal,10109.0,Mirik,1.96884,10/18/2016 11:37:00 AM,11/20/2017 03:17:00 PM,02/15/2018 03:51:00 PM,88.1704,26.8861
articles.timesofindia,http://articles.timesofindia.indiatimes.com/2011-03-23/guwahati/29178165_1_road-links-rainfall-source,3269,03/22/2011 12:00:00 AM,,"road from other districts to Hawai(Tawai?) which is  on Lojit river, near Hayuliang,  Anjaw district, Arunachal Pradesh","Mar 23, 2011, 11.15pm IST  ITANAGAR: Floods triggered by incessant rainfall for the last couple of days have snapped road links in several districts of Arunachal Pradesh. The water-level of Lohit and Dehing river have increased by two meters, posing threats to habitations in the catchments areas, a source said here on Wednesday.  Landslides triggered by flashfloods de-linked Hawai, the headquarters of Anjaw district, from the rest of the state on Monday, besides washing away a primary school building and a few houses near Hayuliang.","road from other districts to Hawai(Tawai?) which is  on Lojit river, near Hayuliang,  Anjaw district, Arunachal Pradesh",10km,landslide,downpour,medium,unknown,0.0,,,,,glc,3269.0,India,IN,Arunāchal Pradesh,14927.0,Tezu,43.03855,08/03/2016 08:40:00 PM,11/20/2017 03:17:00 PM,02/15/2018 03:51:00 PM,96.5242,28.0791
voiceofsikkim.com,http://voiceofsikkim.com/2010/04/18/rains-trigger-major-landslide-at-pani-house/,1755,04/17/2010 03:00:00 PM,,"Natl. Highway 31-A at Pani House(?), Gangtok","Much ahead of the Monsoon, Gangtok is already reeling under the ipact of incessant rains and resultant landslides.  The Gangtok traffic came to a stand still when a major landslide hit the road at Pani House this afternoon. The highway was blocked for several hours when a portion of the wall above Pani House came crashing down leaving hundreds of vehicle stranded off in the National Highway 31- A. It took almost an hour for Deorali OP Police and the local people to clear the debris for traffic.  However, no human causalities were reported except for the minor damage of a Mahindra Bolero which was parked below the landslide area. Besides, the rainwater entered into one of the hotels located at Pani House leaving the owner and the staff panic-stricken.","Natl. Highway 31-A at Pani House(?), Gangtok",5km,landslide,downpour,small,unknown,0.0,,,,,glc,1755.0,India,IN,Sikkim,30700.0,Gangtok,1.00195,04/01/2014 12:00:00 AM,11/20/2017 03:17:00 PM,02/15/2018 03:51:00 PM,88.6083,27.3341
Nagaland Post,http://www.nagalandpost.com/channelnews/state/StateNews.aspx?news=TkVXUzEwMDA4MjI0OA%3D%3D,6990,06/24/2015 12:00:00 AM,,"New Land (""""New Colony"""")","Incessant rain and heavy downpour took its toll, in the form of huge landslide which destroyed several houses, properties and road connectivity affecting the normal and regular life of the residents here in New Colony, Zunheboto.","New Land (""""New Colony"""")",5km,landslide,continuous_rain,medium,above_road,0.0,0.0,,,,glc,6990.0,India,IN,Nagaland,29499.0,Zunheboto,7.81915,06/26/2015 05:57:00 PM,11/20/2017 03:17:00 PM,02/15/2018 03:51:00 PM,94.5466,26.0319
indiavision,http://www.indiavision.com/news/article/national/67832/1/print/,1995,06/16/2010 12:00:00 AM,,Tripi (Tirpai?) road of Upper Gumfa area in Kalimpong,"Siliguri, (IANS) At least three people were killed Thursday when a landslide destroyed a house in West Bengal's Darjeeling district, police said. The incident occurred on the Tripi road of Upper Gumfa area in Kalimpong. The dead were identified as Surekha Bhutia (48) and her two children, Debita Bhutia (21) and Sanjong Bhutia (18). Two others in the house were seriously injured, said police officer Puran Subba.",Tripi (Tirpai?) road of Upper Gumfa area in Kalimpong,10km,landslide,rain,medium,unknown,3.0,,,,,glc,1995.0,India,IN,Bengal,43000.0,Kālimpang,1.80243,04/01/2014 12:00:00 AM,11/20/2017 03:17:00 PM,02/15/2018 03:51:00 PM,88.4808,27.0765
The Assam Tribune,http://www.assamtribune.com/scripts/detailsnew.asp?id=oct0214/oth052,6222,10/01/2014 11:00:00 AM,,Karsingsa block point,"The incident occurred around 11 am when a group of commuters were crossing the Karsingsa block point on foot towards Banderdewa, the gateway of Arunachal capital, Itanagar, when a massive landslide hit the victims and buried them alive after dragging them for about 100 metres.  The killed have been identified as 22-year-old Gichik Yake (Tagru) and her husband Tagru Tassa (27) of Tali in Kurung Kumey district, Kamgouthang Kipgen (29) and Jhon Kipgen (16) – both hailing from Manipur, and eight-year-old boy Hriky Dekam (Tamin) from Daporijo, Upper Subansiri district. The police later brought the bodies to the Arunachal State Hospital morgue for identification and later handed them over to their relatives after completing all formalities.",Karsingsa block point,5km,landslide,unknown,small,above_road,5.0,0.0,,,,glc,6222.0,India,IN,Arunachal Pradesh,26912.0,Naharlagun,7.80995,10/08/2014 09:31:00 PM,11/20/2017 03:17:00 PM,02/15/2018 03:51:00 PM,93.7706,27.1249
Nagaland Post,http://www.nagalandpost.com/channelnews/state/StateNews.aspx?news=TkVXUzEwMDA5ODM0Mg%3D%3D,9169,06/12/2016 12:00:00 AM,,"on road between Mon and Tobu near Telangsao Hydro project , Nagaland, India","Location estimated. Due to incessant rain for the last two days multiple landslide and mudslides near Telangsao Hydro project has once again caused blockage to vehicular movement from Mon to Tobu area. According to sources, Hongpi, DPRO Mon, two culverts have been completely washed away by the landslide while multiple mudslides occurred along the roads. He also informed that since the occurance of landslide, the BRO have been engaged to clear the road blockage.  It may be mentioned that there was a major mudslide in this particular area in the month of April. The situation is likely to deteriorate if it continues to rain in the days to come. This particular route is the life line of the Tobu subdivision of Mon district.","on road between Mon and Tobu near Telangsao Hydro project , Nagaland, India",100km,landslide,continuous_rain,unknown,above_road,0.0,0.0,,http://www.nagalandpost.com/cms/newsimages/MWGYGXNTVMJXULIEUCSP_resize.jpg,,glc,9169.0,India,IN,Nagaland,54010.0,Wokha,7.94213,07/25/2016 06:09:00 PM,11/20/2017 03:17:00 PM,02/15/2018 03:51:00 PM,94.2442,26.1677
articles.timesofindia,http://articles.timesofindia.indiatimes.com/2012-07-04/guwahati/32536229_1_massive-landslides-landslide-hit-road-blockade,4435,06/25/2012 12:00:00 AM,,"Tirap , Arunachal Pradesh",Landslides triggered by torrential rain have snapped road communication in Tirap district of Arunachal Pradesh for the past several days.,"Tirap , Arunachal Pradesh",10km,landslide,downpour,large,unknown,,,,,,glc,4435.0,India,IN,Arunāchal Pradesh,24428.0,Margherita,18.01926,04/01/2014 12:00:00 AM,11/20/2017 03:17:00 PM,02/15/2018 03:51:00 PM,95.8011,27.174
timesofindia.indiatimes,http://timesofindia.indiatimes.com/Landslides-snap-road-links-in-Dibang-Valley/articleshow/12601499.cms,4313,04/08/2012 12:00:00 AM,,"Endulin Nallah, Mayodia, 17-camp, 83-camp","ITANAGAR: Surface communication to Dibang Valley district in Arunachal Pradesh is cut off for the past few days following landslides at various locations of the Anini-Roing Road. Heavy landsides occurred at many locations, including Endulin Nallah, Mayodia, 17-camp, 83-camp. The whole 120-km stretch of road between Mayudia and Endulin has been hit by landslides and it is feared that the situation may aggravate further if the downpour continues for a few more days. The BRO has pressed its men and machineries into service. However, considering massive landslides in many locations, the restoration of road link may take some more time, a source said. The event occured over the past few days, date uncertain.","Endulin Nallah, Mayodia, 17-camp, 83-camp",50km,landslide,downpour,medium,unknown,0.0,,,,,glc,4313.0,India,IN,Arunāchal Pradesh,14927.0,Tezu,66.76148,04/01/2014 12:00:00 AM,11/20/2017 03:17:00 PM,02/15/2018 03:51:00 PM,95.86,28.4659
BurmaNet News,http://www.burmanet.org/news/2007/08/09/independent-mon-news-agency-floods-landslide-wreak-severe-damage-in-mon-and-karen-refugee-camp/,163,08/08/2007 12:00:00 AM,,Chaung,closest to predicted location of Kengtung (433.51 km),Chaung,25km,landslide,rain,medium,unknown,,,,,,glc,163.0,Myanmar [Burma],MM,Magway,126938.0,Pakokku,70.98718,04/01/2014 12:00:00 AM,11/20/2017 03:17:00 PM,02/15/2018 03:51:00 PM,94.4332,21.5332
e-pao,http://www.e-pao.net/GP.asp?src=27..280810.aug10,2344,08/27/2010 04:30:00 PM,,"NH-53 at Nungba police station, Kambirong(?), Manipur","Imphal, August 27 2010: The state was cut off from the rest of the country as landslides triggered by torrential rains blocked both NH-39 and 53.The disturbances on the highways are amidst the extended 25-day economic blockade imposed by UNC which entered the third day today.  The landslide blocking NH-39 occurred at Ekai village, two kilometer away from Tadubi at about 4.30 pm today while the traffic on NH-53 was blocked by a heavy landslide at Kambirong only 10 metres away from Nungba police station, official reports said.  The report said that due to the landslide at Ekai village, highway traffic has been totally blocked.  A portion of around 10 metres of the hill face has slid due to torrential rains in the last few days, it added.  The road has been totally blocked by rocks and mud forcing freight trucks and other vehicles stranded on both sides of the landslide area.","NH-53 at Nungba police station, Kambirong(?), Manipur",5km,landslide,downpour,medium,unknown,0.0,,,,,glc,2344.0,India,IN,Assam,12871.0,Lakhipur,42.03089,04/01/2014 12:00:00 AM,11/20/2017 03:17:00 PM,02/15/2018 03:51:00 PM,93.4221,24.7505
The Sangai Express,http://www.thesangaiexpress.com/page/items/54212/massive-landslide-along-maram-peren-road-downpour-creates-havoc-in-different-parts,7263,07/22/2015 12:00:00 AM,,"15 kms from Maram, National Highway-102/A (Maram Peren road)",Reports collected from different areas of the district said that massive landslide along the newly christened National Highway-102/A (Maram Peren road) has totally cut off villages in Willong and Yangkhullen circle. Sources specified of major landslides in different locations including 15 kms from Maram,"15 kms from Maram, National Highway-102/A (Maram Peren road)",1km,landslide,continuous_rain,medium,above_road,0.0,0.0,,,,glc,7263.0,India,IN,Manipur,92113.0,Kohima,25.91151,07/23/2015 04:27:00 PM,11/20/2017 03:17:00 PM,02/15/2018 03:51:00 PM,94.0489,25.4477
www.nagalandpost.com,http://www.nagalandpost.com/ChannelNews/State/StateNews.aspx?news=TkVXUzEwMDA0MjY4Nw%3D%3D-bSp8jh3okxw%3D,5271,08/04/2013 12:00:00 AM,,"Nanga, Nagaland","Incessant torrential rain, which began Sunday at around 11.30 p.m. has completely cut off Suruhuto town from the rest of the state. In a press release, NGZPMC joint secretary Hotoshe Sema said all three links connecting Zunheboto, Mokokchung and Tuensang have been cut off. Road to Zunheboto has been  blocked in 5-6 places and Mokokchung road has been blocked in two places near Zhekuto and Longsa. The valleys of Nanga (Dikhu), Phizo and Tizu, known as rice bowls of Suruhuto Area has been damaged by floods and landslides. Many terrace fields and canals have been washed away by flood. A team of Nanga (Dikhu) Greener Zone Project Management Committee (NGZPMC) who were on GPS mapping of Community Conserved Area (CCA) has been stranded at Nanga valley owing to flood. Log bridges connecting Phuye New/Old and Suruhuto/Surumi/Aichi Saghemi villages have been washed away. Travelers from Tuensang to Kohima/Dimapur via Suruhuto-Coco shortcut road have been requested to take the via Mokokchung rout","Nanga, Nagaland",5km,landslide,continuous_rain,medium,unknown,,,,,,glc,5271.0,India,IN,Nāgāland,34021.0,Mokokchūng,7.70289,04/01/2014 12:00:00 AM,11/20/2017 03:17:00 PM,02/15/2018 03:51:00 PM,94.5808,26.284
twocircles.net,http://twocircles.net/2012jun22/landslide_kills_three_assam.html,4424,06/20/2012 12:00:00 AM,,"Lalunggaon, Guwahati,  Assam","A man and his two minor sons were killed after their house here collapsed following a landslide Friday, police said. The accident took place in Lalunggaon area.Police said that incessant rains in the area since Thursday evening led to the landslide. ","Lalunggaon, Guwahati,  Assam",1km,landslide,downpour,medium,unknown,,,,,,glc,4424.0,India,IN,Assam,899094.0,Guwahati,4.06526,04/01/2014 12:00:00 AM,11/20/2017 03:17:00 PM,02/15/2018 03:51:00 PM,91.7351,26.149
e-pao,http://www.e-pao.net/GP.asp?src=15..240511.may11,3525,05/22/2011 12:00:00 AM,,"Kaiphundai(?)-Tousem(in Assam) road, Tamenglong district, Manipur","May 23 2011: Heavy rainfall caused landslides at three different places along Kaiphundai-Tousem road, the only lifeline of the villagers of restive Tousem Sub-Division of Tamenglong district.  The landslides occurred between New Mandeu and Mandeu village and at Tamenglong-Tousem-Haflong road, said a press release issued by Executive Member of Tamenglong ADC, MP Guang.","Kaiphundai(?)-Tousem(in Assam) road, Tamenglong district, Manipur",25km,landslide,downpour,medium,unknown,0.0,,,,,glc,3525.0,India,IN,Assam,7176.0,Mahur,32.48182,04/01/2014 12:00:00 AM,11/20/2017 03:17:00 PM,02/15/2018 03:51:00 PM,93.4093,25.0672
E-PAO,http://e-pao.net/GP.asp?src=21..020815.aug15,7369,08/01/2015 12:00:00 AM,,between Chalong and Paraolon,Two landslides between Chalong to Paraolon,between Chalong and Paraolon,10km,landslide,continuous_rain,medium,above_road,0.0,0.0,,,,glc,7369.0,India,IN,Manipur,30418.0,Kakching,28.99355,12/14/2015 08:47:00 PM,11/20/2017 03:17:00 PM,02/15/2018 03:51:00 PM,94.1016,24.1988
thehimalayantimes,http://www.thehimalayantimes.com/fullNews.php?headline=Landslides+pose+risk+to+45+houses+&NewsID=255910,2360,08/29/2010 10:00:00 PM,,"Batase and Sisne villages, Lelep VDC, ","2010-08-31 12:22 PM  TAPLEJUNG: Landslides triggered by heavy rainfall since the past few days in Lelep VDC of the district has put 45 houses at the risk of being buried.  The landslides that occurred at around 10:00 pm on Sunday night has affected the residents of Batase and Sisne villages of the VDC with around 45 houses at high risk of being swept away.  Maize, millet and cardamom crops near the village have also been destroyed in the landslide causing huge loss to the farmers, local resident Prakash Fungjela said.  Likewise, the landslide has also polluted water sources in the villages and thereby increases the risk of spread of diseases like diarrhoea.","Batase and Sisne villages, Lelep VDC, ",25km,landslide,downpour,medium,unknown,0.0,,,,,test,2360.0,Nepal,NP,Eastern Region,1464.0,Mangan,52.95616,04/01/2014 12:00:00 AM,11/20/2017 03:17:00 PM,02/15/2018 03:51:00 PM,88.0446,27.7276
articles.timesofindia.indiatimes.com,http://articles.timesofindia.indiatimes.com/2013-07-28/guwahati/40848148_1_daporijo-upper-subansiri-landslides,4892,06/01/2013 12:00:00 AM,,Upper Subansiri,"The Daporijo district headquarters is cut off from other circle headquarters of UpperSubansiri for the last two months due to landslides. Massive landslides triggered by heavy rainfall have blocked roads at numerous points, cutting off more than 60 villages under Gusar and Giba circles. There is acute shortage of essential items in the two circles, a source said here on Saturday. A samiti member of Tator Tani-V under Gusar Anchal block said about 3,000 people of the entire Tator Bango area have been affected by the choking of the lone PWD road. The authorities could not clear the road due to shortage of men and machinery, he said.",Upper Subansiri,50km,landslide,downpour,large,unknown,,,,,,glc,4892.0,India,IN,Arunāchal Pradesh,4157.0,Bāsār,45.49031,04/01/2014 12:00:00 AM,11/20/2017 03:17:00 PM,02/15/2018 03:51:00 PM,94.25,27.8776
ibnlive.in,http://ibnlive.in.com/generalnewsfeed/news/barrak-valley-cut-off-due-to-heavy-landslides/1007155.html,4377,06/02/2012 12:00:00 AM,,"Guwahati, Assam","South Assam's Barrak valley has been cut off from the rest of the country due to heavy landslides. Northeast Frontier Railway sources said heavy rain have caused landslide in five places between Haranjao and Mailongdifa railway stations. A ""small"" track will be cleared within a couple of hours but the bigger one will take time but the work is on full swing, officials said. Due to this normal train services between Silchar, Lumding and Guwahati will be suspended.","Guwahati, Assam",5km,landslide,downpour,large,unknown,,,,,,glc,4377.0,India,IN,Assam,899094.0,Guwahati,4.21344,04/01/2014 12:00:00 AM,11/20/2017 03:17:00 PM,02/15/2018 03:51:00 PM,91.7356,26.1475
e-pao.net,http://e-pao.net/GP.asp?src=24..050913.sep13,5430,09/01/2013 12:00:00 AM,,"Tamenglong- Khongsang Road, Manipur",Mudslides also occurred along Tamenglong- Khongsang road at many spots.,"Tamenglong- Khongsang Road, Manipur",25km,mudslide,continuous_rain,medium,unknown,0.0,,,,,glc,5430.0,India,IN,Manipur,223523.0,Imphal,47.40742,04/01/2014 12:00:00 AM,11/20/2017 03:17:00 PM,02/15/2018 03:51:00 PM,93.487,24.9037
The Sangai Express,http://www.thesangaiexpress.com/page/items/54212/massive-landslide-along-maram-peren-road-downpour-creates-havoc-in-different-parts,7264,07/22/2015 12:00:00 AM,,22 kms to 30 kms between Sangkungmai and Willong,"Torrential rain in the last many days has created havoc in many places of Senapati district. According to sources, vehicular and human movements have been completely halted. Removal of trees and loose soil are expected to take many weeks before normal movement along the road can begin. Sources specified of major landslides in different locations including 15 kms from Maram, 22 kms to 30 kms between Sangkhumai and Willong, Willong-Yangkhullen stretch and Yangkhullen-Tamphung road till Nagaland border.",22 kms to 30 kms between Sangkungmai and Willong,5km,landslide,continuous_rain,medium,above_road,0.0,0.0,,,,glc,7264.0,India,IN,Manipur,92113.0,Kohima,27.6588,07/23/2015 04:32:00 PM,11/20/2017 03:17:00 PM,02/15/2018 03:51:00 PM,93.9827,25.4538
I Love Siliguri,http://ilovesiliguri.com/landslides-last-night-threatens-6-more-homes-at-finchaytaar-lodhoma-in-darjeeling/,9220,07/26/2016 11:00:00 PM,,"Finchaytaar, Lodhoma, Darjeeling, India","Landslide in Finchaytaar, Lodhoma, Darjeeling. There was a landslide nearby recently that killed three. Locals think this is caused from the nearby hydro project that uses explosives. Those impacted by landslide were moved to community hall.","Finchaytaar, Lodhoma, Darjeeling, India",1km,landslide,downpour,unknown,unknown,0.0,0.0,,,,glc,9220.0,India,IN,West Bengal,1035.0,Naya Bāzār,12.10327,07/28/2016 06:12:00 PM,11/20/2017 03:17:00 PM,02/15/2018 03:51:00 PM,88.1218,27.1027
www.nagalandpost.com,http://www.nagalandpost.com/ChannelNews/State/StateNews.aspx?news=TkVXUzEwMDA0MDQ4MQ%3D%3D-gEvw8J4DIOI%3D,5006,07/01/2013 12:00:00 AM,,"Thillong Village, Doyang Along State Highway 1, Wokha To Merapani Road","Meanwhile, a massive landslide occurred at Thillong Village, Doyang along the state highway 1, Wokha to Merapani road. Chairman, Thillong Village Council, Wokha, Samuel, Y. Patton in a press release stated five residential buildings have been destroyed and human lives are put at stake if immediate steps are not initiated to clear this landslide.","Thillong Village, Doyang Along State Highway 1, Wokha To Merapani Road",1km,landslide,downpour,medium,unknown,0.0,,,,,glc,5006.0,India,IN,Nāgāland,54010.0,Wokha,12.97304,04/01/2014 12:00:00 AM,11/20/2017 03:17:00 PM,02/15/2018 03:51:00 PM,94.3864,26.1147
Red Cross - Field reports,http://en.wikipedia.org/wiki/2007_Chittagong_mudslide,85,06/11/2007 12:00:00 AM,,Rangamati,Kaptai Lake overflowed,Rangamati,10km,mudslide,downpour,medium,unknown,3.0,,,,,glc,85.0,Bangladesh,BD,Chittagong,25708.0,Raojān,25.83472,04/01/2014 12:00:00 AM,11/20/2017 03:17:00 PM,02/15/2018 03:51:00 PM,92.1453,22.6368
The Daily Star,http://www.thedailystar.net/country/ctg-landslide-kills-mother-daughter-146551,8280,09/21/2015 07:00:00 AM,,"Chittagong, Bangladesh","A woman and her five-year-old daughter were killed in a rain-triggered landslide in Chittagong this morning.  The deceased were identified as Parveen Akthar, 30, and her daughter Urmi Akthar, our Chittagong correspondent reports quoting Manosh Barua, a sub-inspector of Bayejid Police Station.  The landslide took place when a chunk of earth of rain-soaked hill fell on their house in Majhirgona area around 7:00am, the SI said.","Chittagong, Bangladesh",10km,landslide,rain,medium,unknown,2.0,0.0,,,,glc,8280.0,Bangladesh,BD,Chittagong,3920222.0,Chittagong,2.2269,07/05/2016 06:58:00 PM,11/20/2017 03:17:00 PM,02/15/2018 03:51:00 PM,91.8138,22.3496
BD News 24,http://bdnews24.com/bangladesh/2015/06/26/child-killed-four-injured-in-coxs-bazar-landslide,7000,06/26/2015 02:00:00 PM,,Konarpara,"Fire Service’s Majid said torrential rains over the past several days softened the earth of Ghonar Parha Hill.  A part of the hill subsided on some tin-shed houses next to it. Assistant Meteorologist AKM Nasir said it had been raining in the district since June 23. The Met office recorded 123 millimetres rainfall on Friday until afternoon.;Powerful landslides triggered by heavy rains killed at least 49 people, including six army personnel, on Tuesday in two southeastern districts of Cox’s Bazar and Bandarban.  In Cox’s Bazar, the mudslides occurred at different parts including the district town and Himchhari ECB camp, leaving 45 people dead.  Superintendent of Police Nibash Chandra Majhi said 31 people were killed in Teknaf, six in Ukhia, two in the district headquarters and six in the Himchhari army camp.  Of the army men buried under the mud, three bodies were recovered while search was going on for the rest, reports a correspondent from Cox’s Bazar.  Deputy Commissioner Md Gias Uddi",Konarpara,1km,landslide,monsoon,medium,natural_slope,1.0,4.0,,http://d30fl32nd2baj9.cloudfront.net/media/2015/06/26/coxs-bazar-pahar.jpg/ALTERNATES/w640/coxs-bazar-pahar.jpg,,glc,7000.0,Bangladesh,BD,Chittagong,253788.0,Cox’s Bāzār,4.53556,01/14/2016 07:36:00 PM,11/20/2017 03:17:00 PM,02/15/2018 03:51:00 PM,92.0074,21.4409
Telegraph India,http://www.telegraphindia.com/1070911/asp/siliguri/story_8300563.asp,256,09/10/2007 12:00:00 AM,,Rhodong village near Rhey in East Sikkim,"destroyed a house, killed 1 and injured 1",Rhodong village near Rhey in East Sikkim,10km,landslide,rain,medium,unknown,,,,,,glc,256.0,India,IN,Sikkim,30700.0,Gangtok,2.17536,04/01/2014 12:00:00 AM,11/20/2017 03:17:00 PM,02/15/2018 03:51:00 PM,88.6236,27.3425
Indian Express,http://indianexpress.com/article/india/india-news-india/at-least-10-killed-in-landslides-in-assam-rescue-operations-underway-2806810/,9335,05/18/2016 08:00:00 AM,,"Bilaipur, Hailakandi district, Assam, India","One of two landslides in Bilaipur triggered by the same rainfall event. Ten people were killed in landslides in Karimganj and Hailakandi districts in Barak Valley in Assam on Wednesday following incessant rains. In neighbouring Hailakandi district, two incidents of landslide killed four persons at Bilaipur and a six-year old boy at Ramchandi area, police officials said. The debris fell on two houses where the victims were sleeping early in the morning, they said. NDRF and police have been engaged in rescue and relief operations.","Bilaipur, Hailakandi district, Assam, India",1km,landslide,continuous_rain,unknown,unknown,2.0,0.0,,,,glc,9335.0,India,IN,Assam,10942.0,Lāla,11.569,08/03/2016 01:38:00 PM,11/20/2017 03:17:00 PM,02/15/2018 03:51:00 PM,92.7239,24.5202
E-PAO,http://e-pao.net/GP.asp?src=Snipp16..250715.jul15,7279,07/24/2015 12:00:00 AM,,Tamenglong Ward No-IV,"Due to incessant rainfalls in the last few days, a huge mudslide occurred on Friday which destroyed a garage along with a Bolero jeep and other belongings of one Namthiurai Daimei of Tamenglong Ward No-IV.",Tamenglong Ward No-IV,50km,mudslide,monsoon,medium,other,0.0,0.0,,,,glc,7279.0,India,IN,Manipur,7176.0,Mahur,46.17661,08/12/2015 07:17:00 PM,11/20/2017 03:17:00 PM,02/15/2018 03:51:00 PM,93.5142,24.9818
news.oneindia,http://news.oneindia.in/2010/06/12/sikkimcut-off-from-west-bengal-due-to-massivelandslide.html,1963,06/11/2010 12:00:00 AM,,"near Sevok(Sevoke), Highway 31A to Sikkimand Kalimpong, Hatisura(?), Darjeeling","Sevoke (West Bengal), June 12 (ANI): Sikkim was cut off from West Bengal after landslides blocked National Highway 31 A on Friday.  The landslide occurred at Hatisura under Kurseong police station as rocks and boulders accompanied by mud came down the hills blocking the highway.  Scores of vehicles and tourists  were stranded on the both sides of the slide.  ""It is a big landslide and it will take three more hours to clear the way. We are facing problems as we don't have food or water. We were not prepared for this,"" said Dipankar Das, a tourist. 1 hour of rains.","near Sevok(Sevoke), Highway 31A to Sikkimand Kalimpong, Hatisura(?), Darjeeling",10km,landslide,downpour,medium,unknown,0.0,,1 hour of rain,,,glc,1963.0,India,IN,Bengal,43000.0,Kālimpang,13.93339,04/01/2014 12:00:00 AM,11/20/2017 03:17:00 PM,02/15/2018 03:51:00 PM,88.4441,26.944
Assam Tribune,http://www.assamtribune.com/scripts/detailsnew.asp?id=sep2414/at051,6288,09/22/2014 12:00:00 AM,,Noonmati,"On the other hand, several incidents of landslides were reported from Dhirenpara, Koinadhara, Gorhchuk, Noonmati and Pamohi.",Noonmati,5km,landslide,rain,small,unknown,0.0,0.0,,,,glc,6288.0,India,IN,Assam,899094.0,Guwahati,5.61963,10/21/2014 03:40:00 PM,11/20/2017 03:17:00 PM,02/15/2018 03:51:00 PM,91.7998,26.1985
www.thehindubusinessline.com,http://www.thehindubusinessline.com/news/states/landslides-disrupt-vehicular-movement-on-nh29/article4912110.ece,5087,07/12/2013 12:00:00 AM,,"National Highway 29 Near Phesama Village, Nagaland","A large number of vehicles were stranded on National Highway-29 near Phesama village in Nagaland following landslides triggered by rain, official sources said on Saturday. The highway connecting Nagaland and Manipur was badly damaged along a 200m stretch in rains last night, Commanding Officer of Border Roads Organisation, Kohima, Col Tejpal Singh, said. The 15 Border Road Task Force worked hard to clear the road for passage of only light vehicles this afternoon. The landslide also affected around 40-50 paddy fields situated below the road, President of Southern Angami Youth Organisation (SAYO), Kekhruhol Mekro, said.","National Highway 29 Near Phesama Village, Nagaland",10km,landslide,downpour,medium,unknown,0.0,,,,,glc,5087.0,India,IN,Nāgāland,92113.0,Kohima,5.30049,04/01/2014 12:00:00 AM,11/20/2017 03:17:00 PM,02/15/2018 03:51:00 PM,94.1139,25.6269
The Statesman,http://www.thestatesman.com/news/northeast/landslides-snap-siliguri-gangtok-road-link/70121.html,6966,06/17/2015 12:00:00 AM,,"National Highway 31A, Darjeeling Hills","Note: one article listed multiple landslides, unspecific. Following heavy rainfall in the Darjeeling hills, there were three landslides at three spots on National Highway 31A, considered the lifeline of Sikkim.","National Highway 31A, Darjeeling Hills",50km,landslide,downpour,small,unknown,0.0,0.0,,,,glc,6966.0,India,IN,West Bengal,43000.0,Kālimpang,8.53707,06/25/2015 07:44:00 PM,11/20/2017 03:17:00 PM,02/15/2018 03:51:00 PM,88.4314,26.9974
kanglaonline.com,http://www.kanglaonline.com/index.php?template=headline&newsid=39255&typeid=1,258,09/11/2007 12:00:00 AM,,"NH-39 at Imphal-Moreh section, Lokchao largest event","multiple landslides (6 locations) along NH 39, blocked traffic","NH-39 at Imphal-Moreh section, Lokchao largest event",50km,landslide,rain,medium,unknown,3.0,,,,,glc,258.0,India,IN,Manipur,30418.0,Kakching,10.89373,04/01/2014 12:00:00 AM,11/20/2017 03:17:00 PM,02/15/2018 03:51:00 PM,94.0564,24.4279
www.nagalandpost.com,http://www.nagalandpost.com/channelnews/state/StateNews.aspx?news=TkVXUzEwMDA0NDE4MQ%3D%3D-6hneqQH1frg%3D,5338,08/16/2013 12:00:00 AM,,"Longlem, Nagaland","Two villages- Oting and Longlem under 41 Tizit A/C remained  cut-off from the rest of the district due to heavy mudslide that occurred on August 16 last. The mudslide covered about 60-70 metre stretch of road near Longlem village. It has been reported that the residents of both the villages were facing shortage of essential commodities as their life-line has been blocked by the mudslide for more than 10 days. It may be mentioned that a JCB had reached the major mudslide site on August 20 to clear the road. However, according to a villager, the JCB which had gone for refueling on August 22, before clearing even 1/3 (one third) of the affected road, never returned.","Longlem, Nagaland",25km,landslide,rain,medium,unknown,,,,,,glc,5338.0,India,IN,Assam,19672.0,Sonāri,19.00178,04/01/2014 12:00:00 AM,11/20/2017 03:17:00 PM,02/15/2018 03:51:00 PM,94.9275,26.8727
timesofindia.indiatimes,http://timesofindia.indiatimes.com/india/13-killed-as-rains-wrack-havoc-in-north-and-eastern-India-/articleshow/6532367.cms,2411,09/10/2010 12:00:00 AM,,"districts Lakhimpur, Dhemaji, Golaghat, and Sonitpur, Assam province","Sep 10, 2010, 09.40pm IST  NEW DELHI: Thirteen people were killed as heavy monsoon rains wracked havoc in north and east India, triggering landslides and inundating lakhs of acres of farmland on Friday.  At least eight people were buried alive under the debris following massive landslides triggered by incessant rains in Arunachal Pradesh.  One person was drowned and around 1.5 lakh people were affected in the flash floods which hit the northern Assam districts of Lakhimpur, Dhemaji, Golaghat and Sonitpur following incessant rains in the upper reaches.","districts Lakhimpur, Dhemaji, Golaghat, and Sonitpur, Assam province",unknown,landslide,downpour,medium,unknown,0.0,,,,,glc,2411.0,India,IN,Arunāchal Pradesh,26912.0,Naharlagun,11.91035,04/01/2014 12:00:00 AM,11/20/2017 03:17:00 PM,02/15/2018 03:51:00 PM,93.7273,27.0011
Business Standard,http://www.business-standard.com/article/pti-stories/rescue-operations-for-woman-swept-away-by-landslide-continue-114071500831_1.html,6143,07/14/2014 06:00:00 PM,,"Zembabawk, Aizawl","The State Disaster Response Force and volunteers from Falkland locality and other places continued their operation to search the body of a 30-year-old woman, swept away by a massive landslide last evening near Aizawl, despite inclement weather. Six persons, including Munna Begum, were inside a house at Falkland area of Zemabawk when the landslide swept it away, Aizawl district Additional SP Remsanga told PTI. A building construction worker Amar Hussein, from Duttapur in neighbouring Cachar district of Assam, had rented the house and was living there with two of his helpers while his wife Begum and two children recently joined them, he said. The landslide, during a heavy downpour, swept away the house and Begum was still missing while the two children sustained minor injuries, Remsanga added. Except her sarees, Begum was yet to be found and the volunteers suspected that the flash flood has swept her body to river Chite, he said.","Zembabawk, Aizawl",5km,landslide,downpour,medium,unknown,1.0,2.0,,,,glc,6143.0,India,IN,Mizoram,265331.0,Aizawl,2.92778,08/24/2014 12:00:00 AM,11/20/2017 03:17:00 PM,02/15/2018 03:51:00 PM,92.7463,23.7327
www.business-standard.com,http://www.business-standard.com/article/news-ani/tourists-stranded-due-to-landslide-in-gangtok-113060900319_1.html,4908,06/08/2013 05:00:00 PM,,"15 Km From Gangtok, Himalayans","Hundreds of tourists were stranded near Gangtok, following a landslide. ""We faced many problems there was nothing to protect us (from cold). The person, who slept in the vehicle in night, might fall sick. Military persons gave food to everybody to eat. Locals helped us,"" a tourist, Sanjay Suri, said. Nearly 100 vehicles were struck as slush and the debris blocked the road nearly 15 kilometres off Gangtok after heavy rain. Gangtok is located in the Himalayans at an altitude of nearly 5,600 feet. Military personnel and locals aided the visitors, who slept either in cars or a nearby temple. The Border Roads Organisation (BRO) has started the clearing operations to make the road commutable for the travelers to leave for their destination. (2nd link) Around 600 tourists returning to Gangtok from Chhangu Lake, Baba Mandir and Nathu-la were stranded at 5th Mile, 15km from Gangtok, following a landslide on Jawaharlal Nehru Marg on Saturday evening, official sources said. ""Around 5pm, when t","15 Km From Gangtok, Himalayans",25km,landslide,downpour,medium,unknown,0.0,,,,,glc,4908.0,India,IN,Sikkim,30700.0,Gangtok,10.78558,04/01/2014 12:00:00 AM,11/20/2017 03:17:00 PM,02/15/2018 03:51:00 PM,88.708,27.3721
Business Standard,http://www.business-standard.com/article/news-ani/over-hundred-homes-displaced-due-to-landslide-in-meghalaya-116072100406_1.html,9124,07/19/2016 12:00:00 AM,,"Rongthragittim Songittal village, near Sibbari, South Garo Hills District, Meghalaya, India",At least three houses were destroyed and over a hundred others displaced by a massive landslide near Sibbari in Meghalaya's South Garo Hills District. A large portion of a hill came sliding down on Tuesday at Rongthragittim Songittal village due to incessant rains in the region for over six days. Such was the force with which the portion of the hill came down that some of the displaced houses were pushed as far away as hundred meters from their original position. No causalities have been reported due to the incident.,"Rongthragittim Songittal village, near Sibbari, South Garo Hills District, Meghalaya, India",5km,translational_slide,continuous_rain,large,natural_slope,0.0,0.0,,,,glc,9124.0,India,IN,Meghalaya,79016.0,Netrakona,39.40241,07/22/2016 01:49:00 PM,11/20/2017 03:17:00 PM,02/15/2018 03:51:00 PM,90.5573,25.203
thefinancialexpress-bd,http://www.thefinancialexpress-bd.com/index.php?ref=MjBfMTBfMzFfMTJfMV85MV8xNDg0MjQ=,4598,10/30/2012 09:00:00 AM,,"Cox's Bazar,","A person was killed and nine others, including four members of a family, were injured in a mudslide in Sadar upazila on Tuesday afternoon. The deceased was identified as Amzad, 25, son of Osman Gani of South Jurain in the capital.","Cox's Bazar,",10km,landslide,rain,medium,unknown,1.0,,,,,glc,4598.0,Bangladesh,BD,Chittagong,253788.0,Cox’s Bāzār,4.31226,04/01/2014 12:00:00 AM,11/20/2017 03:17:00 PM,02/15/2018 03:51:00 PM,92.0076,21.443
indiablooms,http://www.indiablooms.com/EnvironmentDetailsPage/environmentDetails190810a.php,2282,08/19/2010 06:30:00 AM,,"Tuensang-Kohima rd, 3 km outside Tuensang, Nagaland","Even in Tuensang town, a couple of roads have to be cleared daily due to mudslides. On Thursday morning, the Kohima-bound NST bus left Tuensang station around 9.30 am, three hours behind schedule due to mudslides near GREF camp, some 3km from the station.   People cross a portion of the landslide area, along the National Highway 39, below Kohima, on Saturday, August 21, 2010. The calamities which affect the National Highway 39 started from August 7 after continuous heavy rainfall in the hilly state of Nagaland.  ","Tuensang-Kohima rd, 3 km outside Tuensang, Nagaland",1km,landslide,downpour,medium,unknown,0.0,,,,,glc,2282.0,India,IN,Nāgāland,33748.0,Tuensang,7.65096,04/01/2014 12:00:00 AM,11/20/2017 03:17:00 PM,02/15/2018 03:51:00 PM,94.8158,26.1984
Indian Express,http://indianexpress.com/article/india/india-news-india/at-least-10-killed-in-landslides-in-assam-rescue-operations-underway-2806810/,9338,05/18/2016 08:00:00 AM,,"Sonachirra, Karimganj district, Assam, India","Estimated location. Ten people were killed in landslides in Karimganj and Hailakandi districts in Barak Valley in Assam on Wednesday following incessant rains. Five members of a family were killed in a landslide at Sonachirra in Karimganj district in the wee hours, a police official said. The landslip, triggered by incessant rains, buried a house on the edge of a hill killing the five people. Among the victims are a man, his wife and their daughter and two sons. The area has been hit by continuous rains for the past three days.","Sonachirra, Karimganj district, Assam, India",10km,landslide,continuous_rain,medium,natural_slope,5.0,0.0,,,,glc,9338.0,India,IN,Assam,10942.0,Lāla,15.88512,08/03/2016 01:59:00 PM,11/20/2017 03:17:00 PM,02/15/2018 03:51:00 PM,92.4943,24.4638
Mizoram Express,http://mizoramexpress.com/index.php/2010/09/mizoram-landslides-kill-one-woman/,2421,09/13/2010 09:00:00 AM,,"road to Muanna Godown, Zuangtui, Mizoram",The heavy rain also caused landslides in several places blocking the road. The approach road to Muanna Godown in Zuangtui was blocked by a landslide since this morning.  It is expected to be restored this evening. ,"road to Muanna Godown, Zuangtui, Mizoram",1km,landslide,downpour,medium,above_road,,,,,,glc,2421.0,India,IN,Mizoram,20244.0,Serchhīp,8.59507,04/01/2014 12:00:00 AM,11/20/2017 03:17:00 PM,02/15/2018 03:51:00 PM,92.74128531,23.75406693
morungexpress,http://www.morungexpress.com/frontpage/53726.html,2249,08/14/2010 12:00:00 AM,,"Kiphire-Tuensang rd, Nagaland","People cross a portion of the landslide area, along the National Highway 39, below Kohima, on Saturday, August 21, 2010. The calamities which affect the National Highway 39 started from August 7 after continuous heavy rainfall in the hilly state of Nagaland.   Almost all roads in Tuensang district including those connecting the district headquarters have become unpliable for both the Nagaland State Transport (NST) buses and private vehicles. Some of the roads worst hit by landslides and land-sinking are Tuensang-Shamatore road, Noklak-Tuensang road, Kiphire-Tuensang road and Tuensang-Mokokchung road. (Very unclear about the date, anytime between August 7th and August 21st)","Kiphire-Tuensang rd, Nagaland",25km,landslide,downpour,medium,unknown,0.0,,,,,glc,2249.0,India,IN,Nāgāland,33748.0,Tuensang,20.67617,04/01/2014 12:00:00 AM,11/20/2017 03:17:00 PM,02/15/2018 03:51:00 PM,94.803,26.0814
Business Standard,http://www.business-standard.com/article/news-ians/landslide-blocks-nh2-disrupting-traffic-to-and-from-manipur-116071000262_1.html,8901,07/10/2016 12:00:00 AM,,"National Highway 2, near Kohima, Nagaland, India","Manipur's road-link with the rest of the country was severely disrupted on Sunday as a landslide blocked National Highway 2 near the Nagaland capital Kohima. ""All available personnel and machinery are being used to remove the debris from the road,"" an official told IANS over phone from Kohima. NH 2 and NH 37 are the two main road links between the state and the rest of the country. However, it is feared that there may be fresh landlsides as heavy downpour continued to lash most of the northeastern states.","National Highway 2, near Kohima, Nagaland, India",25km,landslide,downpour,medium,above_road,0.0,0.0,,,,glc,8901.0,India,IN,Nagaland,92113.0,Kohima,12.96831,07/11/2016 08:08:00 PM,11/20/2017 03:17:00 PM,02/15/2018 03:51:00 PM,94.1318,25.7902
e-pao.net,http://e-pao.net/GP.asp?src=21..210810.aug10,2283,08/19/2010 12:00:00 AM,,"2 km from Khongsang village(?), road between Tamenglong and Imphal or Nungba, Manipur","Imphal, August 20 2010:   At the same time, another landslide had occurred yesterday near Kisima between Mao Gate and Kohima which virtually cut off the Nagaland capital from the rest of the country.  Meanwhile, our Tamenglong correspondent, Daniel Kamei reported that following heavy rains during the past week, a massive mud slide has occurred at Khongsang village which completely cut off the road between Tamenglong and Imphal.  The mudslide occurred 2 km from Khongsang.  Many vehicles bound for Imphal or Nungba have returned to Tamenglong. Uncertain date: 13 - 19th.","2 km from Khongsang village(?), road between Tamenglong and Imphal or Nungba, Manipur",5km,mudslide,downpour,medium,unknown,0.0,,,,,glc,2283.0,India,IN,Manipur,223523.0,Imphal,46.36778,04/01/2014 12:00:00 AM,11/20/2017 03:17:00 PM,02/15/2018 03:51:00 PM,93.4957,24.8961
Telegraph India,http://www.telegraphindia.com/1120915/jsp/siliguri/story_15979380.jsp#.UQ8y7h2x-3I,4552,09/14/2012 12:00:00 AM,,"Takdah, West Bengal","Landslides triggered by heavy overnight rain in the hills caused extensive damage in six tea gardens but planters said the digging being done under the 100-day rural job scheme was making the soil come loose.While work had to be stopped for the day in Takdah and Lopchu gardens because of the slides, Bannockburn, Phoobshering, Ging and Pussimbing reported loss of many tea bushes.“Takdah received around 18 inches of rainfall in the last 24 hours. Around 160 labourer quarters have suffered damage. A 40ft road in Takdah has been washed away in four places and five culverts have been damaged in landslides. There is no approach road to the garden factory now,” said Sandeep Mukherjee, the principal advisor to the Darjeeling Tea Association.","Takdah, West Bengal",5km,landslide,downpour,medium,unknown,,,,,,glc,4552.0,India,IN,Sikkim,3596.0,Jorethang,8.50592,04/01/2014 12:00:00 AM,11/20/2017 03:17:00 PM,02/15/2018 03:51:00 PM,88.3603,27.0377
myrepublica,http://www.myrepublica.com/portal/index.php?action=news_details&news_id=8836,1099,08/18/2009 01:00:00 PM,,"Takti,(near Chukha) along Phuentsholing-Thimphu highway ","A massive landslide yesterday around 1 pm at Takti, on the Phuentsholing-Thimphu highway, killed a Dantak site supervisor on the spot and swept away a tipper truck with its driver and assistant.","Takti,(near Chukha) along Phuentsholing-Thimphu highway ",5km,landslide,downpour,medium,unknown,1.0,,,,,glc,1099.0,Bhutan,BT,Chhukha,2855.0,Tsimasham,7.17535,04/01/2014 12:00:00 AM,11/20/2017 03:17:00 PM,02/15/2018 03:51:00 PM,89.5744,27.044
Sciency Thoughts,http://sciencythoughts.blogspot.com/2014/05/seven-members-of-one-family-killed-by.html,6016,05/09/2014 11:00:00 PM,,"Satgarakul Village, Karimganj, Assam State","Seven members of a single family have been killed by a landslide that struck their home in the village of Satkoragool in the Karimganj District of Assam State, India, overnight between Friday 9 May and Saturday 10 May/2014. Nobody witnessed the incident, which occurred during heavy rain, but neighbours found that part of a hillside had collapsed onto the home, burying it under a debris heap of mud rocks and trees. The bodies of Lubub Uddin (45), his wife Saina Begam (35). and their five children, aged between two and eleven were all recovered from the site.","Satgarakul Village, Karimganj, Assam State",1km,landslide,rain,small,unknown,7.0,0.0,,,,glc,6016.0,India,IN,Assam,55290.0,Karīmganj,0.3326,08/24/2014 12:00:00 AM,11/20/2017 03:17:00 PM,02/15/2018 03:51:00 PM,92.3576,24.8669
Newkerala,http://www.newkerala.com/july.php?action=fullnews&id=56364,215,08/28/2007 12:00:00 AM,,Phesema area at National Highway 39,multiple landslides in  the area causing road closures,Phesema area at National Highway 39,50km,landslide,rain,medium,unknown,1.0,,,,,glc,215.0,India,IN,Nāgāland,92113.0,Kohima,21.1995,04/01/2014 12:00:00 AM,11/20/2017 03:17:00 PM,02/15/2018 03:51:00 PM,93.9136,25.7428
eKantipur,http://www.ekantipur.com/2015/07/01/top-story/mechi-highway-obstructed-by-landslide/407280.html,7044,07/01/2015 09:00:00 AM,,Harkate-Kiteni section of Mechi highway,Landslides at five locations along roads,Harkate-Kiteni section of Mechi highway,25km,landslide,downpour,medium,above_road,0.0,0.0,,,,glc,7044.0,Nepal,NP,Eastern Region,10109.0,Mirik,12.00003,07/01/2015 09:01:00 PM,11/20/2017 03:17:00 PM,02/15/2018 03:51:00 PM,88.0839,26.8366
sciencythoughts.blogspot.com,http://sciencythoughts.blogspot.com/2013/09/man-killed-in-darjeeling-landslide.html,5533,09/16/2013 03:00:00 PM,,"Kalimpong, West Bengal","A construction worker has been killed in a landslide at Kalimpong in the Darjeeling District of West Bengal State, India. Witnesses report the landslip was quite small, and buried two men, one of whom was able to dig himself out. However the second man was trapped beneath an iron mesh, used to contain building materials, causing delays in digging him out. The worker was taken to a local hospital but declared dead on arrival. He has been named as Ritesh Chettri, a 30 year old man from Bhalukhop. The incident happened on Monday 16 September 2013 following heavy rain in the area over the weekend","Kalimpong, West Bengal",5km,landslide,downpour,small,unknown,1.0,,,,,glc,5533.0,India,IN,Bengal,43000.0,Kālimpang,0.96259,04/01/2014 12:00:00 AM,11/20/2017 03:17:00 PM,02/15/2018 03:51:00 PM,88.4674,27.0599
Indian Express,http://indianexpress.com/article/india/india-others/several-houses-swept-away-in-mudslide-in-the-mizoram-town-of-phullen/,7780,08/26/2015 12:00:00 AM,,Sailam village,"A few casualties have been reported, including a driver in his 20s who later died in a hospital after the vehicle he was driving was buried by a landslide near Sailam village, about 75 kms south of Aizawl, this past weekend.",Sailam village,5km,landslide,continuous_rain,medium,above_road,1.0,0.0,,,,glc,7780.0,India,IN,Mizoram,5963.0,Thenzawl,5.91871,06/20/2016 05:45:00 PM,11/20/2017 03:17:00 PM,02/15/2018 03:51:00 PM,92.7878,23.3572
E-PAO,http://www.indiablooms.com/EnvironmentDetailsPage/environmentDetails190810a.php,2281,08/19/2010 06:00:00 PM,,"Kisima, Nagaland","At the same time, another landslide had occurred yesterday near Kisima between Mao Gate and Kohima which virtually cut off the Nagaland capital from the rest of the country.","Kisima, Nagaland",5km,landslide,downpour,medium,above_road,,,,,,glc,2281.0,India,IN,Nāgāland,92113.0,Kohima,11.44167,04/01/2014 12:00:00 AM,11/20/2017 03:17:00 PM,02/15/2018 03:51:00 PM,94.11603493,25.61560252
morungexpress,http://www.morungexpress.com/local/50546.html,1996,06/17/2010 07:30:00 PM,,"Shayoung Ward(?), Longleng, Nagaland","Longleng, June 18 (MExN): Property worth lakh of rupees was destroyed when a thatched house belonging to one Hemshi Phiom was washed away by landslide at Longleng district. The incident occurred at Shayoung Ward around 7.30 pm last night due to monsoon rain. None of the household goods could be saved as it was washed away completely by the landslide. There was no report of human causality.","Shayoung Ward(?), Longleng, Nagaland",25km,landslide,downpour,medium,unknown,0.0,,,,,glc,1996.0,India,IN,Nāgāland,33748.0,Tuensang,19.34297,04/01/2014 12:00:00 AM,11/20/2017 03:17:00 PM,02/15/2018 03:51:00 PM,94.8833,26.4333
thestatesman.net,http://www.thestatesman.net/page.news.php?clid=10&theme=&usrsess=1&id=169578,260,09/11/2007 12:00:00 AM,,"National Highway 31A, between Singtam and Rangpo","occurred in afternoon, slide was 40 m long, disrupted traffic","National Highway 31A, between Singtam and Rangpo",5km,debris_flow,rain,medium,unknown,,,,,,glc,260.0,India,IN,,6133.0,Singtām,2.84126,04/01/2014 12:00:00 AM,11/20/2017 03:17:00 PM,02/15/2018 03:51:00 PM,88.4909,27.2084
Assam Tribune,http://www.assamtribune.com/scripts/detailsnew.asp?id=sep2414/at051,6283,09/22/2014 12:00:00 AM,,Dakhingaon,"Flash flood and landslides continued to cause devastation in Guwahati for the second day today with the death toll due to landslip rising to four. Two persons died in two separate incidents of landslides in Lalmati and Dakhingaon, whereas a woman was injured in another landslide incident at Batahghuli.",Dakhingaon,1km,landslide,rain,small,unknown,0.0,0.0,,,,glc,6283.0,India,IN,Assam,2000.0,Dispur,4.61338,10/21/2014 02:27:00 PM,11/20/2017 03:17:00 PM,02/15/2018 03:51:00 PM,91.7548,26.1314
Nagaland Post,https://issuu.com/nagalandpost90/docs/july_13__2016,8930,07/11/2016 11:00:00 PM,,"North Point Colony, Akuluto, Nagaland, India","A massive landslide occurred at North Point Colony, Akuluto on July 11 at around 11p.m. According an official bulletin, SDO (civil) Akuluto, Kikumsangla Jamir, who visited the affected area, said five houses were damaged badly and the road leading to colony was also blocked.  Local residents and personnel of 8th NAP, B Coy helped in clearing the road and also the affected families.","North Point Colony, Akuluto, Nagaland, India",1km,landslide,unknown,large,unknown,0.0,0.0,,,,glc,8930.0,India,IN,Nagaland,34021.0,Mokokchūng,17.35373,07/13/2016 04:47:00 PM,11/20/2017 03:17:00 PM,02/15/2018 03:51:00 PM,94.4922,26.1699
rttnews,http://www.rttnews.com/ArticleView.aspx?Id=758386&SMap=1,869,10/29/2008 12:00:00 AM,,North Lakhimpur ,"flooding and landslides, Floods and landslides caused by heavy rains over the last three days have killed at least seven people and displaced thousands more in the northeastern states of India",North Lakhimpur ,50km,landslide,downpour,medium,unknown,,,,,,glc,869.0,India,IN,Assam,59841.0,North Lakhimpur,1.31739,04/01/2014 12:00:00 AM,11/20/2017 03:17:00 PM,02/15/2018 03:51:00 PM,94.1167,27.2333
Business Standard,http://www.business-standard.com/article/pti-stories/2-dead-unknown-number-missing-in-myanmar-jade-mine-landslide-115010800596_1.html,6656,01/06/2015 07:05:00 PM,,"Mawmaungbon village, Hpakant",The landslide is believed to have occurred after debris heaped beside the mine collapsed after it was loosened by heavy rains.,"Mawmaungbon village, Hpakant",5km,other,downpour,medium,mine,4.0,0.0,,http://i1.tribune.com.pk/wp-content/uploads/2015/01/818688-landslideee-1420718204-124-640x480.jpg,,glc,6656.0,Myanmar [Burma],MM,Kachin,90894.0,Myitkyina,112.91296,03/22/2015 08:04:00 PM,11/20/2017 03:17:00 PM,02/15/2018 03:51:00 PM,96.3005,25.6172
Newkerala,http://www.newkerala.com/oct.php?action=fullnews&id=7498,285,09/29/2007 12:00:00 AM,,"National Highway, 45 Aizwal (Mizoram)","unsure of exact day, landslides blocked road somewhere in province","National Highway, 45 Aizwal (Mizoram)",50km,landslide,rain,medium,unknown,,,,,,glc,285.0,India,IN,Mizoram,25000.0,Kolasib,10.56357,04/01/2014 12:00:00 AM,11/20/2017 03:17:00 PM,02/15/2018 03:51:00 PM,92.6921,24.1293
E-PAO,http://e-pao.net/GP.asp?src=7..290611.jun11,3662,06/28/2011 12:00:00 AM,,"Ikou-Gangpijang road, near: Ikou, Saikul, and Gangpijang; Imphal India","June 28 2011: Ikou-Gangpijang road, development work of which was left incomplete following some disputes in awarding the contract, has been disconnected following landslide.  Consequent upon the landslide, passenger buses travelling from Imphal could not proceed beyond Ikou.  The passengers travelling to Saikul have to cross the landslide area on foot, and then travel forward till Saikul from Gangpijang in passenger jeeps.  In case passenger jeeps are not available, people have to walk all the way to Saikul which is about 2.5 Kms away.  Development work on Sagolmang-Saikul road which passes through Ikou and Gangpijang was abandoned after completing around 80 per cent of the following disputes in the contract deals.  The development work of the road was abandoned after the work order was given to a second contractor.  Notably, taking serious note of the abandonment of the road development work, KSO Saikul and Kuki Inpi Saikul appealed to the Chief Minister to finish the work before ons","Ikou-Gangpijang road, near: Ikou, Saikul, and Gangpijang; Imphal India",25km,landslide,rain,medium,below_road,,,,,,glc,3662.0,India,IN,Manipur,223523.0,Imphal,0.44836,04/01/2014 12:00:00 AM,11/20/2017 03:17:00 PM,02/15/2018 03:51:00 PM,94.0144205,25.03561729
e-pao.net,http://e-pao.net/GP.asp?src=Snipp8..230813.aug13,5427,08/15/2013 12:00:00 AM,,"Koide Government High School, Senapati, Manipur","The heavy downpour in Senapati during the past weeks has caused landslides and flood like situation in low land areas in many parts of the district. Besides the National Highway, State highway and Inter Village Roads were badly affected by the downpour. Meanwhile, a press note issued by the Headmaster of Koide Government High School stated that vast portion of school compound in its Southern side has been washed away due to heavy downpour in recent past. It stated that approximately 118 ft in length and 20 ft in height portion of land was washed away. The villagers sought the immediate action of the concerned department to save the lone school building in the village from further collapse and damage, maintained the press note.","Koide Government High School, Senapati, Manipur",5km,landslide,downpour,medium,unknown,,,,,,glc,5427.0,India,IN,Nāgāland,92113.0,Kohima,33.20312,04/01/2014 12:00:00 AM,11/20/2017 03:17:00 PM,02/15/2018 03:51:00 PM,94.1884,25.3833
Assam Times,http://www.assamtimes.org/node/15150,8339,09/23/2015 12:00:00 AM,,Kamakhya Temple,Surface communication remains heavily disrupted atop the Nilachal Hill when a huge rock collapsed on the road leading to the historic Kamakhya temple on Wednesday.It took several hours for PWD and forest officials to clear the road after the rock along with uprooted trees blocked a portion of the hillside road in the morning. There is no report of casualty. Local residents fear the repeat of more landslide in view of the non stopped rains during the last 48 hours. The authority have asked the residents in the hillock to come down to the safe places to avoid further disaster.Tourists from the far flung areas have been remaining stranded on way to the historic Kamakhya temple from early in the morning.,Kamakhya Temple,1km,landslide,continuous_rain,medium,above_road,0.0,0.0,,,,glc,8339.0,India,IN,Assam,17516.0,North Guwāhāti,3.77975,07/06/2016 12:43:00 PM,11/20/2017 03:17:00 PM,02/15/2018 03:51:00 PM,91.7042,26.1666
www.nagalandpost.com,http://www.nagalandpost.com/channelnews/state/StateNews.aspx?news=TkVXUzEwMDA0NjAwNw%3D%3D-%2FtfIAOw1uMk%3D,4905,06/07/2013 12:00:00 AM,,"Kuthur – Huker Road Via Y Anner, Chessore, Nagaland","Chessore  Area  Village  Councils  and VDBs comprising  of five villages _ Chessore, Huker, Aiponger, Y. Anner and  Kuthur villages _ after thoroughly deliberating on the issue of road blockade caused by heavy landslide from Kuthur to Huker road via Y/ Anner and  Chessore village, have resolved to clear the blockade road. S. Neoji and R. Ramji said a joint meeting of Chessore area village councils and VDBs held meeting August 31 at Chessore village wherein it was resolved to deploy bulldozer to clear landslide along the road. They also stated that expenditure would be contributed from each VDB of five villages under MGNRES scheme under 2013- 14, as the road was the lifeline of the people of the area.","Kuthur – Huker Road Via Y Anner, Chessore, Nagaland",25km,landslide,unknown,medium,unknown,,,,,,glc,4905.0,India,IN,Nāgāland,33748.0,Tuensang,22.32574,04/01/2014 12:00:00 AM,11/20/2017 03:17:00 PM,02/15/2018 03:51:00 PM,94.7031,26.0977
E-Pao,http://www.e-pao.net/GP.asp?src=Snipp1..260716.jul16,9186,07/25/2016 12:30:00 PM,,"Imphal-Dimapur road  in Tadubi, Senapati district, Manipur, India","Continuous downpour in the past three days led to a massive mudslide along Imphal-Dimapur road (NH-2) and destroyed 6 stalls constructed at the heart of Tadubi town at around 12.30pm today, reports NNN.  An 81 year old woman identified as S Koshuni, who was in one of the shops miraculously escaped with minor injuries.","Imphal-Dimapur road  in Tadubi, Senapati district, Manipur, India",1km,landslide,continuous_rain,medium,above_road,0.0,1.0,,,,glc,9186.0,India,IN,Manipur,92113.0,Kohima,21.74404,07/26/2016 04:05:00 PM,11/20/2017 03:17:00 PM,02/15/2018 03:51:00 PM,94.1383,25.48
The Financial Express,http://print.thefinancialexpress-bd.com/2015/11/17/118258,8955,11/16/2015 12:00:00 AM,,Companiganj upazila of Sylhet district,"A labourer was killed in an incident of landslide while doing work of stone lifting in Companiganj upazila of Sylhet district on Monday. The deceased was identified as Anwar, 35. Witnesses said Anwar, along with other labourers, was lifting stone from Shah Arefin Hill at noon. At a stage, a chunk of mud from the hill crashed on Anwar around 12pm, leaving him injured. Later, he was rushed to Companiganj health complex where on-duty doctors declared him dead, according to a news agency.",Companiganj upazila of Sylhet district,1km,landslide,unknown,small,mine,1.0,0.0,,,,glc,8955.0,Bangladesh,BD,Sylhet,39218.0,Chhātak,10.8974,07/14/2016 02:49:00 PM,11/20/2017 03:17:00 PM,02/15/2018 03:51:00 PM,91.7783,25.0821
articles.timesofindia.indiatimes.com,http://articles.timesofindia.indiatimes.com/2013-07-15/guwahati/40589516_1_southern-angami-youth-organization-jessami-tadubi,5107,07/15/2013 12:00:00 AM,,"National Highway 29 Near Phesama Village, Nagaland","Heavy landslide caused by incessant rain for the last couple of weeks has blocked National Highway 29 along Phesama village, about 12 km from here. This has affected Manipur as it is one of the main highways connecting the state with the rest of the country. A stretch of about 200 feet of the highway has been swept down to a distance of 500 to 600 feet into the valley. The landslide has completely cut off movement of vehicles, secluding the southern Angami areas and neighbouring state of Manipur.","National Highway 29 Near Phesama Village, Nagaland",10km,landslide,rain,medium,unknown,0.0,,,,,glc,5107.0,India,IN,Nāgāland,92113.0,Kohima,5.30049,04/01/2014 12:00:00 AM,11/20/2017 03:17:00 PM,02/15/2018 03:51:00 PM,94.1139,25.6269
Dhaka Tribune,http://www.dhakatribune.com/bangladesh/2015/feb/23/4-died-sylhet-landslide,6792,02/22/2015 08:30:00 PM,,Bholaganj stone quarry in Companyganj upazila,"Witnesses said a chunk of mud collapsed on them around 8:30pm, while the labourers were digging up stones at the quarry, leaving them dead on the spot.",Bholaganj stone quarry in Companyganj upazila,5km,mudslide,mining,medium,mine,4.0,0.0,,,,glc,6792.0,Bangladesh,BD,Sylhet,39218.0,Chhātak,13.78623,02/24/2015 05:25:00 PM,11/20/2017 03:17:00 PM,02/15/2018 03:51:00 PM,91.7483,25.1472
Assam Times,http://www.assamtimes.org/node/14309,7253,07/22/2015 12:00:00 AM,,Lakhipur,"Five persons of a family were buried alive when a huge hillock collapsed on their house in Cachar district on Wednesday. The incident took place in the wee hours at Lakhipur are when a huge hillock slipped into the house where Zubeda Khatun along with her four children lived in.  “It came to light at around 10 in the morning as the local residents had to keep themselves confined to their homes because of the incessant rains,” a local resident told Assam Times over telephone.",Lakhipur,5km,landslide,continuous_rain,medium,urban,5.0,0.0,,,,glc,7253.0,India,IN,Assam,12871.0,Lakhipur,1.31262,07/22/2015 03:44:00 PM,11/20/2017 03:17:00 PM,02/15/2018 03:51:00 PM,92.9974,24.7979
news4u.co,http://news4u.co.in/?tag=darjeeling,1089,08/16/2009 01:30:00 AM,,"Gourishankar tea estate premises, Darjeeling, West Bengal","At least five persons including three members of a family were killed and the National Highway number 55 which connects Darjeeling hills with the plains was cut off following a series of landslides on Sunday.   Three members of a family were killed when their house collapsed in a landslide in the wee hours of today (Monday) at Gouri Shankar Tea Garden, Darjeeling District Magistrate Surendera Gupta said. Other report: Padam Thami, a resident of Gauri Shankar garden, said the landslide struck around 1.30am today. “The hillside came tumbling down when the Bhujels were sleeping in their house. The hills came down so fast that neither of the three could escape,” said Thami. Two cows owned by Bhujel were also buried in the debris.In the same garden, but 1.5km away at Lower Sirubari, Kala Sherpa, 40, could not flee his house in time. His family members, however, escaped. ","Gourishankar tea estate premises, Darjeeling, West Bengal",10km,landslide,downpour,medium,unknown,4.0,,,,,glc,1089.0,India,IN,Bengal,515574.0,Shiliguri,11.12389,04/01/2014 12:00:00 AM,11/20/2017 03:17:00 PM,02/15/2018 03:51:00 PM,88.363,26.7914
Assam Tribune,http://www.assamtribune.com/scripts/detailsnew.asp?id=sep2414/at051,6286,09/22/2014 12:00:00 AM,,Garchuk,another road in Garchuk was also blocked due to landslide.,Garchuk,5km,landslide,rain,small,unknown,0.0,0.0,,,,glc,6286.0,India,IN,Assam,899094.0,Guwahati,9.63258,10/21/2014 03:30:00 PM,11/20/2017 03:17:00 PM,02/15/2018 03:51:00 PM,91.7082,26.1044
Hindustan Times,http://www.hindustantimes.com/india-news/at-least-30-killed-houses-swept-away-in-darjeeling-landslides/article1-1364708.aspx,7040,07/01/2015 12:00:00 AM,,Sukhiapokhari,At least 30 people were killed in landslides triggered by heavy rainfall in West Bengal's Darjeeling district early on Wednesday even as more reports of major damages were pouring in.,Sukhiapokhari,1km,landslide,downpour,medium,unknown,1.0,0.0,,,,glc,7040.0,India,IN,West Bengal,123797.0,Dārjiling,10.64172,10/15/2015 09:40:00 PM,11/20/2017 03:17:00 PM,02/15/2018 03:51:00 PM,88.167,26.9978
Telegraph,http://www.telegraphindia.com/1150218/jsp/siliguri/story_3972.jsp#.VOUXUPnF98E,6782,09/28/2011 12:00:00 AM,,NH55 at Tindharia,"Before the Paglajhora stretch could be mended, two landslides - in September 2011 and July 2012 - washed away another section of NH55 at Tindharia, which is 10km from Paglajhora.",NH55 at Tindharia,exact,landslide,rain,medium,below_road,0.0,0.0,,http://dhrs.org/wpimages/wpd7e7f178_05_06.jpg,,glc,6782.0,India,IN,West Bengal,46427.0,Kārsiyāng,6.71494,02/18/2015 11:23:00 PM,11/20/2017 03:17:00 PM,02/15/2018 03:51:00 PM,88.3372,26.8545
kanglaonline,http://www.kanglaonline.com/index.php?template=headline&newsid=42473&typeid=2,594,06/19/2008 12:00:00 AM,,"Namkaoluang village, Tamenglong-Sangrung (Khongsang) road, NH-53, Manipur",mudslide 30-40 feet long,"Namkaoluang village, Tamenglong-Sangrung (Khongsang) road, NH-53, Manipur",25km,mudslide,monsoon,medium,unknown,,,,,,glc,594.0,India,IN,Manipur,223523.0,Imphal,18.23429,04/01/2014 12:00:00 AM,11/20/2017 03:17:00 PM,02/15/2018 03:51:00 PM,93.8275,24.9336
www.morungexpress.com,http://www.morungexpress.com/local/103875.html,5337,08/16/2013 12:00:00 AM,,"Yakshu, Nagaland","The Deputy Commissioner Mon, Angau I Thou, IAS accompanied by ADC Tobu, SDO Civil Mon, DPRO and DBs visited the major landslide area near Yakshu field, which occurred on August 16 last and cut off the Tobu area from the district Hq. The mudslide had damaged the Telangso Hydro Project Channel, resulting in non-functioning of the hydro project. The DC Mon interacted with the leaders of Tobu at Telangso Hydro Project rest house. She expressed her appreciation to the people of the area for taking the initiatives in bringing essential commodities through alternative route via Longleng district without any complaint. She also urged upon the people of the area to continue to extend their cooperation in maintaining peace and tranquility in the area for development. She also informed that road to Monyakshu headquarter is via Chen area and trucks carrying essential commodity are plying normally. On the inquiry of the DC, it was learnt that the road would be cleared only after retrieving the JCB ","Yakshu, Nagaland",5km,landslide,rain,medium,unknown,,,,,,glc,5337.0,India,IN,Nāgāland,33748.0,Tuensang,22.58609,04/01/2014 12:00:00 AM,11/20/2017 03:17:00 PM,02/15/2018 03:51:00 PM,94.9731,26.4205
articles.timesofindia,http://articles.timesofindia.indiatimes.com/2011-08-06/guwahati/29861700_1_water-supply-drinking-water-landslides,3881,08/05/2011 12:00:00 AM,,Itanagar,"ITANAGAR: Heavy rainfall in the past 12 hours wrecked havoc in the Arunachal Pradesh capital with almost all major roads leading to the town being snapped off in many areas on the NH 52-A.  Rain induced landslides have cut off several places from the rest of the state, while many places within the capital complex near Karsingsa sinking zone, Lekhi village, A-sector Naharlagun and the Papunallah area have been severely affected by the calamity.  A bridge at Abotani Colony in Itanagar has been rendered unusable as siltation on the banks of the stream gave away. The onus for maintaining the bridge, which is frequented by VIPs, has fallen on the PWD as the urban department has expressed its inability to maintain the structure, official sources informed.",Itanagar,5km,landslide,downpour,medium,unknown,0.0,,,,,glc,3881.0,India,IN,Arunāchal Pradesh,26912.0,Naharlagun,0.67751,04/01/2014 12:00:00 AM,11/20/2017 03:17:00 PM,02/15/2018 03:51:00 PM,93.6885,27.1034
indianexpress,http://www.indianexpress.com/news/landslides-cut-off-arunachal-districts-iaf-to-the-rescue/833599/,3925,08/15/2011 12:00:00 AM,,"East Kameng, Arunachal Pradesh","landslides triggered off by heavy rain cutting off road communication in several districts of Arunachal Pradesh The situation has been particularly cut off in the East Kameng district in western Arunachal Pradesh, where incessant rains have played havoc with people's lives, washing away roads and disrupting power supply","East Kameng, Arunachal Pradesh",50km,landslide,downpour,medium,unknown,0.0,,,,,glc,3925.0,India,IN,Arunāchal Pradesh,7121.0,Bomdila,63.47818,04/01/2014 12:00:00 AM,11/20/2017 03:17:00 PM,02/15/2018 03:51:00 PM,93.0153,27.4888
Hindustan Times,http://www.hindustantimes.com/india/20-dead-several-houses-swept-away-in-manipur-landslide/story-KoP6OouFBWhqxSdcnLrXJN.html,7383,08/01/2015 12:00:00 AM,,"Tuitung village, Khengjoi","Several houses of Hollenjang, Wayang and Tuitung village under Khengjoi were also swept away by the landslide. The total number of casualties from these areas, if any, are not known so far.","Tuitung village, Khengjoi",5km,landslide,rain,medium,unknown,0.0,0.0,,,,glc,7383.0,India,IN,Manipur,44540.0,Mawlaik,38.95051,12/14/2015 08:53:00 PM,11/20/2017 03:17:00 PM,02/15/2018 03:51:00 PM,94.1434,23.899
Eastern Mirror,http://www.easternmirrornagaland.com/landslide-hampers-nh-102-traffic-restored/,8900,07/07/2016 12:00:00 AM,,"Imphal-Ukhrul sector of National Highway 102, Manipur, India","Estimated Date. Heavy landslide along the busy Imphal-Ukhrul sector of the National Highway 102 hampered vehicular traffic along the route forcing passenger buses to stop normal services since the last four days.  However smaller-sized vehicles such as cars, vans and gypsies managed to cross the landslide-hit Finch Corner area, 65 km north of Imphal only after the Border Road Task Force (BRTF) machinery cleared the area this afternoon, reports from Ukhrul said.  Earlier in the morning, most of the residents of Ukhrul district who usually takes 2-3 hours, took 6 hours to reach Imphal town by exchanging their vehicles at the two ends of the landslide-hit Finch corner area, according to a resident.  The picturesque Finch Corner areas witnessed heavy landslide measuring around 150 metres following continuous rain in the areas since the last few days.  Sources reaching here said that the BRTF personnel were currently taking all out efforts to restore normal traffic along the highway.","Imphal-Ukhrul sector of National Highway 102, Manipur, India",25km,landslide,monsoon,large,above_road,0.0,0.0,,,,glc,8900.0,India,IN,Manipur,223523.0,Imphal,43.61406,07/11/2016 07:51:00 PM,11/20/2017 03:17:00 PM,02/15/2018 03:51:00 PM,94.3136,25.0118
articles.timesofindia.indiatimes.com,http://articles.timesofindia.indiatimes.com/2013-02-20/guwahati/37199432_1_fire-mishap-east-siang-massive-landslide,4757,02/18/2013 12:00:00 AM,,"East Siang, Arunachal Pradesh","At least three persons died on the spot while two were seriously injured in a massive landslide that occurred in East Siang district.The accident occurred at 20 mile, which is 38 km from Pasighat town in East Siang district on Monday, sources said here on Tuesday.","East Siang, Arunachal Pradesh",5km,landslide,rain,medium,unknown,3.0,2.0,,,,glc,4757.0,India,IN,Arunāchal Pradesh,25581.0,Pāsighāt,16.99553,04/01/2014 12:00:00 AM,11/20/2017 03:17:00 PM,02/15/2018 03:51:00 PM,95.1645,28.1193
myrepublica,http://www.myrepublica.com/portal/index.php?action=news_details&news_id=42789,4579,10/01/2012 12:00:00 AM,,"Mechi Highway, Kolbung VDC,Ilam ","At least six people were killed and eight are missing when a massive landslide buried five vehicles along the Mechi Highway in Kolbung VDC of Ilam district Sunday night.  Only one of the six bodies recovered from the landslide was identified as that of Sharan Pradhan, a resident of Fikkal bazaar in Ilam district, while the five bodies remained unidentified till Monday evening, according to DSP Police Bishnu KC, chief of District Police Office of Ilam. ","Mechi Highway, Kolbung VDC,Ilam ",5km,landslide,downpour,large,unknown,11.0,,,,,test,4579.0,Nepal,NP,Eastern Region,10109.0,Mirik,16.91398,04/01/2014 12:00:00 AM,11/20/2017 03:17:00 PM,02/15/2018 03:51:00 PM,88.0499,26.8016
E-PAO,http://e-pao.net/GP.asp?src=26..120815.aug15,7666,08/11/2015 12:00:00 AM,,Tousem,"In a press statement, ZB-AMN General Secretary Dr Gairiangmei Maringmei said due to recent incessant rain, several areas of the Zeliangrong region have experienced landslides.",Tousem,5km,landslide,continuous_rain,medium,unknown,0.0,0.0,,,,glc,7666.0,India,IN,Manipur,7176.0,Mahur,27.66664,04/28/2016 09:01:00 PM,11/20/2017 03:17:00 PM,02/15/2018 03:51:00 PM,93.3729,25.1019
foxnews,http://www.foxnews.com/world/2012/06/27/landslides-kill-30-in-southern-bangladesh513572/,4432,06/24/2012 12:00:00 AM,,Chittagong,"Landslides and floods caused by heavy monsoon rains killed at least 91 people in southern Bangladesh and many more were missing, the government said Wednesday.  At least 37 died in Cox's Bazar, 33 in neighboring Bandarban and another 21 in Chittagong, mostly in a series of landslides, the Disaster Management Ministry said. It said soldiers were joining the search for the missing. Three days of torrential rain in the region of small hills and forests dislodged huge chunks of earth which buried flimsy huts where families were sleeping late Tuesday and early Wednesday. Many homeless people live at the foot of the hills or close to them despite warnings from authorities.  Read more: http://www.foxnews.com/world/2012/06/27/landslides-kill-30-in-southern-bangladesh513572/#ixzz2HgIbeaxQ  Read more: http://www.foxnews.com/world/2012/06/27/landslides-kill-30-in-southern-bangladesh513572/#ixzz2HgIT0LvN",Chittagong,10km,landslide,downpour,large,unknown,31.0,,,,,glc,4432.0,Bangladesh,BD,Chittagong,3920222.0,Chittagong,1.03985,04/01/2014 12:00:00 AM,11/20/2017 03:17:00 PM,02/15/2018 03:51:00 PM,91.8252,22.3312
The Daily Star,http://www.thedailystar.net/city/woman-dies-sylhet-landslide-573988,9308,02/16/2016 11:00:00 PM,,Sylhet,"A woman was killed and her husband injured in a landslide at a stone quarry in Balughat area of Sylhet's Gowainghat upazila on Tuesday night.  The victims were Saina Begum, 34, and her husband Kala Miah of the upazila's Shoti village.  Injured Kala Miah was taken to Sylhet Osmani Medical College Hospital.  Md Delowar Hossain, officer-in-charge of Gowainghat police, confirmed the incident to The Daily Star.  The OC said a chunk of the quarry suddenly fell on the duo when they were collecting stones, leaving Sania dead on the spot and her husband injured.",Sylhet,5km,rock_fall,mining,small,mine,1.0,1.0,,,,glc,9308.0,Bangladesh,BD,Sylhet,237000.0,Sylhet,0.78886,08/02/2016 05:30:00 PM,11/20/2017 03:17:00 PM,02/15/2018 03:51:00 PM,91.8644,24.9007
twocircles.net,http://twocircles.net/2011jul20/landslide_snaps_siligurisikkim_highway_link.html,3813,07/20/2011 12:00:00 AM,,National Highway 31A in West Bengal's Darjeeling district,"Siliguri : The road link between Siliguri and Sikkim was snapped for about six hours Wednesday after heavy overnight rains triggered a landslide on National Highway 31A in West Bengal's Darjeeling district, police said.  Hundreds of vehicles remained stalled for six hours following the landslide, which resulted in a 20-foot wide crater on the highway, considered the lifeline to Sikkim.  ""Around 500 vehicles were stranded on both sides. However, a few vehicles took other longer routes,"" said a police officer.  The General Reserve Engineer Force personnel managed to repair the road after a six-hour effort.  ""The road was opened at 1.40 p.m.,"" said the officer.  National Highway 31A runs along the banks of the Teesta river linking the Sikkim capital Gangtok with Sevoke, near Siliguri, on National Highway 31.",National Highway 31A in West Bengal's Darjeeling district,25km,landslide,rain,small,unknown,0.0,,,,,glc,3813.0,India,IN,Bengal,43000.0,Kālimpang,5.07138,04/01/2014 12:00:00 AM,11/20/2017 03:17:00 PM,02/15/2018 03:51:00 PM,88.4658,27.1141
Daily Star,http://www.thedailystar.net/newDesign/latest_news.php?nid=24242,1975,06/15/2010 12:00:00 AM,,"Ukhia, Cox's Bazar","Powerful landslides triggered by heavy rains killed at least 49 people, including six army personnel, on Tuesday in two southeastern districts of Cox’s Bazar and Bandarban.  In Cox’s Bazar, the mudslides occurred at different parts including the district town and Himchhari ECB camp, leaving 45 people dead.  Superintendent of Police Nibash Chandra Majhi said 31 people were killed in Teknaf, six in Ukhia, two in the district headquarters and six in the Himchhari army camp.  Of the army men buried under the mud, three bodies were recovered while search was going on for the rest, reports a correspondent from Cox’s Bazar.  Deputy Commissioner Md Gias Uddin Ahmed said they were urging people through loudhailers to evacuate the hilly areas. ","Ukhia, Cox's Bazar",5km,landslide,downpour,medium,unknown,6.0,,,,,glc,1975.0,Bangladesh,BD,Chittagong,253788.0,Cox’s Bāzār,32.54732,04/01/2014 12:00:00 AM,11/20/2017 03:17:00 PM,02/15/2018 03:51:00 PM,92.19530189,21.23704301
kuenselonline,http://www.kuenselonline.com/modules.php?name=News&file=article&sid=16186,2113,07/21/2010 08:00:00 AM,,"Singtam-Mangan rd, Sikkim","Five houses were destroyed by landslides triggered by incessant rain at Zang in East Sikkim early this morning. Nobody was hurt as families living in these houses could escape just before the slides struck.  The mud slides also blocked the Singtam-Mangan road, which is an alternative route to North Sikkim Highway. The rubbles were cleared by the Border Roads Organisation for light vehicles later in the afternoon","Singtam-Mangan rd, Sikkim",25km,landslide,downpour,medium,unknown,0.0,,,,,glc,2113.0,India,IN,Sikkim,30700.0,Gangtok,7.76559,04/01/2014 12:00:00 AM,11/20/2017 03:17:00 PM,02/15/2018 03:51:00 PM,88.559,27.3773
morungexpress,http://www.morungexpress.com/local/51540.html,2045,07/06/2010 12:00:00 AM,,"Tuensang, Nagaland","Dimapur| July 12  : Yet another monsoon season in Nagaland and one has to batter bad roads.    This year’s monsoon has been the worse by far.  Most interior villagers of Mon, Tuensang and Kiphire are cut out from the rest of the state. With good roads beyond their dreams even on dry days, rainy days are a nightmare for the people. Journey to places like Mimi in Kiphire, Pangsha in Tuensang and parts of Mon and Peren can be made only on four wheel drive vehicles or on foot. Mud slides are common in almost all the highways leading to district headquarters. Exploitation of natural resources like boulders and deforestation is causing more landslides than before. The use of roads by all size vehicles has spoilt most of the soiled roads making it difficult for smaller vehicles to ply. ","Tuensang, Nagaland",5km,mudslide,monsoon,medium,unknown,0.0,,,,,glc,2045.0,India,IN,Nāgāland,33748.0,Tuensang,3.57473,04/01/2014 12:00:00 AM,11/20/2017 03:17:00 PM,02/15/2018 03:51:00 PM,94.8133,26.2363
Nagaland Post,http://nagalandpost.com/ChannelNews/State/StateNews.aspx?news=TkVXUzEwMDA4NTE4Nw%3D%3D,7701,08/19/2015 03:00:00 PM,,Phesama,Over 200 vehicles were stranded along NH-29 Phesama landslide area for almost four hours on Wednesday.,Phesama,5km,landslide,continuous_rain,medium,above_road,0.0,0.0,,http://morungexpress.com/wp-content/uploads/2015/08/119.jpg,,glc,7701.0,India,IN,Nagaland,92113.0,Kohima,5.22778,05/27/2016 02:48:00 PM,11/20/2017 03:17:00 PM,02/15/2018 03:51:00 PM,94.1051,25.6278
Business News 24 BD,http://businessnews24bd.com/landslide-kills-mother-daughter-in-ctg/,9321,05/21/2016 09:00:00 AM,,"Jangle Salimpur area, Sitakunda upazila, Chittagong, Balngladesh","A woman and her daughter were killed in a rain-triggered landslide at Sitakunda upazila of Chittagong on Saturday morning. The deceased were identified as–Kajal Begum, 45, and her son Belal Hossain, 10. Mamunur Rashid, an official of Chittagong Fire Service Control Room, said the incident took place at Jangle Salimpur area when a chunk of mud collapsed on their thatched house early today during rainfalls, leaving the duo dead on the spot.","Jangle Salimpur area, Sitakunda upazila, Chittagong, Balngladesh",5km,landslide,tropical_cyclone,small,unknown,2.0,0.0,Roanu,,,glc,9321.0,Bangladesh,BD,Chittagong,33200.0,Fatikchari,13.06101,08/02/2016 07:22:00 PM,11/20/2017 03:17:00 PM,02/15/2018 03:51:00 PM,91.6743,22.6239
Mizoram Express,http://mizoramexpress.com/index.php/2010/09/mizoram-landslides-kill-one-woman/,2422,09/13/2010 12:00:00 AM,,"Hunthar Veng, Mizoram","In Hunthar Veng, the kitchen side of H. Lalchhanhima’s house was damaged by a landslide while the road to Kanan Veng was blocked by a landslide. ","Hunthar Veng, Mizoram",1km,landslide,downpour,medium,urban,,,,,,glc,2422.0,India,IN,Mizoram,20244.0,Serchhīp,8.59507,04/01/2014 12:00:00 AM,11/20/2017 03:17:00 PM,02/15/2018 03:51:00 PM,92.7141905,23.74182634
New Indian Express,http://www.newindianexpress.com/nation/Landslide-Kills-Three-in-Tripura/2014/08/15/article2381042.ece,6513,08/14/2014 11:00:00 PM,,Sabroom,"A woman and her two children were killed when a landslide buried their house in Tripura, police said here Friday.",Sabroom,5km,mudslide,downpour,medium,unknown,3.0,0.0,,,,glc,6513.0,India,IN,Tripura,6205.0,Sabrūm,1.52162,12/15/2014 10:50:00 PM,11/20/2017 03:17:00 PM,02/15/2018 03:51:00 PM,91.7174,23.0137
Allheadlinenews.com,http://www.allheadlinenews.com/articles/7008891877,318,10/19/2007 12:00:00 AM,,Madamdevihat in Chittagong and Dolhajra in Chokoria upazila,"occurred at 10:50 pm, severed a fiber optic cable, ",Madamdevihat in Chittagong and Dolhajra in Chokoria upazila,unknown,landslide,unknown,medium,unknown,,,,,,glc,318.0,Bangladesh,BD,Chittagong,39335.0,Chhāgalnāiya,14.65105,04/01/2014 12:00:00 AM,11/20/2017 03:17:00 PM,02/15/2018 03:51:00 PM,91.5327,22.894
www.indiatvnews.com,http://www.indiatvnews.com/news/india/sikkim-landslide-army-rescues-tourists-stranded-near-nathu-la-24315.html,4990,06/27/2013 11:00:00 PM,,"Near Changu Lake, 15Km Away From Nathu La, On India-China Border In Eastern Sikkim","The Mountain Black Cat Division of the Indian Army has rescued 230 tourists last night when they were stranded near Changu Lake (13300 ft height) , 15 km away from Nathu La, on India-China border in eastern Sikkim. Heavy rain and landslides in this area has cut off traffic. The nearest regiment of army jawans noticed nearly 47 vehicles carrying tourists who were stranded at night.","Near Changu Lake, 15Km Away From Nathu La, On India-China Border In Eastern Sikkim",1km,landslide,downpour,medium,unknown,0.0,,,,,glc,4990.0,India,IN,Sikkim,30700.0,Gangtok,15.93151,04/01/2014 12:00:00 AM,11/20/2017 03:17:00 PM,02/15/2018 03:51:00 PM,88.7628,27.3765
morungexpress,http://www.morungexpress.com/frontpage/53726.html,2248,08/14/2010 12:00:00 AM,,"Noklak-Tuensang road, Nagaland","People cross a portion of the landslide area, along the National Highway 39, below Kohima, on Saturday, August 21, 2010. The calamities which affect the National Highway 39 started from August 7 after continuous heavy rainfall in the hilly state of Nagaland.   Almost all roads in Tuensang district including those connecting the district headquarters have become unpliable for both the Nagaland State Transport (NST) buses and private vehicles. Some of the roads worst hit by landslides and land-sinking are Tuensang-Shamatore road, Noklak-Tuensang road, Kiphire-Tuensang road and Tuensang-Mokokchung road. (Very unclear about the date, anytime between August 7th and August 21st)","Noklak-Tuensang road, Nagaland",25km,landslide,downpour,medium,unknown,0.0,,,,,glc,2248.0,India,IN,Nāgāland,33748.0,Tuensang,10.37545,04/01/2014 12:00:00 AM,11/20/2017 03:17:00 PM,02/15/2018 03:51:00 PM,94.9152,26.222
www.morungexpress.com,http://www.morungexpress.com/local/101605.html,5268,08/04/2013 12:00:00 AM,,"Zunheboto, Nagaland","The Chief Engineer, PHED Er Kevisekho Kruse along with Superintending Engineer, Er Moa Longchar and a host of field officers and staff on August 22 conducted a physical verification of the huge damages of the main pipeline for water supply to Zunheboto town caused by natureÕs fury on August 4. It stated in a press release that the site visit took stock of the whole situation and made a detailed assessment of the materials that can be salvaged and the additional pipes etc that would be required for restoration of the disrupted water supply.  The Chief Engineer observed the damage caused to be most unexpected and first occurrence of such fierce landslides and flood in the area since the commissioning of the water supply scheme in the year 2000. He added that a total of 790 metres of 150 mm dia main pipelines have either being totally damaged or carried downhill, resulting in complete stoppage of water supply to the town. He also stated that steps have been already initiated to restore th","Zunheboto, Nagaland",25km,landslide,continuous_rain,medium,unknown,,,,,,glc,5268.0,India,IN,Nāgāland,29499.0,Zunheboto,5.21085,04/01/2014 12:00:00 AM,11/20/2017 03:17:00 PM,02/15/2018 03:51:00 PM,94.5163,26.0137
Two Circles,http://twocircles.net/2014jun27/8_killed_assam_landslides_electrocution.html#.U70ydPldU1L,6106,06/26/2014 11:00:00 PM,,Narakasur,"At least eight people, including three members of a family, were killed here due to landslides and flash floods triggered by incessant rain since Thursday night, officials said Friday. Four persons were killed due to landslides in two places while another four died due to electrocution in four different locations, the officials said. Another person remained missing after he was washed away by the surging waters of the Bharalu river. ""Three members of a family Kanak Barman (45), Pratima Barman (12) and Tulasi Barman (8) lost their lives in a landslide that took place Thursday night in Narakasur area,"" said Rajib Prakash Baruah, deputy commissioner in-charge of Kamrup (Metro) district. He said another woman died in Bamunimaidam area due to landslide. Baruah said Bhaskarjyoti Das (48), Dinesh Das (55), Prafulla Das (46) and Suren Bharali (57) died due to electrocution.",Narakasur,5km,landslide,continuous_rain,small,unknown,3.0,0.0,,,,glc,6106.0,India,IN,Assam,2000.0,Dispur,3.66283,08/24/2014 12:00:00 AM,11/20/2017 03:17:00 PM,02/15/2018 03:51:00 PM,91.7645,26.1407
e-pao.net,http://e-pao.net/GP.asp?src=Snipp8..080911.sep11,3965,09/06/2011 08:00:00 AM,,NH 37 at Awang Khul ,A massive landslide along the NH 37 at Awang Khul has cut off Imphal and Jiribam,NH 37 at Awang Khul ,1km,landslide,rain,medium,unknown,3.0,,,,,glc,3965.0,India,IN,Assam,12871.0,Lakhipur,11.03875,04/01/2014 12:00:00 AM,11/20/2017 03:17:00 PM,02/15/2018 03:51:00 PM,93.117,24.808
Indian Express,http://indianexpress.com/article/india/india-others/mizoram-aizawl-houses-swept-away-graves-damaged-by-rain-and-landslide/,7838,08/27/2015 12:00:00 AM,,the state highway which links the rest of the state to eastern Champhai district,"Landslides have also blocked the state highway which links the rest of the state to eastern Champhai district, which hosts the main route to Myanmar, in several places.",the state highway which links the rest of the state to eastern Champhai district,50km,landslide,downpour,medium,above_road,0.0,0.0,,,,,,,,,,,,06/24/2016 07:43:00 PM,11/20/2017 03:17:00 PM,02/15/2018 03:51:00 PM,93.017,23.6866
Bengal Newz,http://bengalnewz.blogspot.com/2009/08/top-bengal-news-of-moment_16.html,1092,08/16/2009 09:00:00 AM,,near the Rohini-Sirubari road,"Another person died in a remote tea garden, while the 5th death occurred near the Rohini-Sirubari road,” Singh said.",near the Rohini-Sirubari road,5km,landslide,downpour,medium,above_road,1.0,,,,,glc,1092.0,India,IN,Bengal,515574.0,Shiliguri,11.12389,04/01/2014 12:00:00 AM,11/20/2017 03:17:00 PM,02/15/2018 03:51:00 PM,88.40011959,26.74452462
beacononline.wordpress,http://beacononline.wordpress.com/2009/08/21/sikkim-landslides-disturb-power-lines-link-roads/,1111,08/20/2009 12:00:00 AM,,"Melli Chalisey, Sikkim","Minor landslides have also occurred at Melli Chalisey where one kachha house belonging to Khem Bahadur Ghataney has been affected. According to the residents, the house belonging to Khem Bahadur, which has been tilting is likely to affect other nearby houses if the rain continues in the same pace and gravity. “There is a possibility that another house belonging to P Biswakarma located in the same area will be damaged in the same manner,” the locals said. The torrential rains have also affected several roads linking to villages. Some of the damaged roads were cleared within the stipulated time while some roads are under the process of clearance.","Melli Chalisey, Sikkim",5km,landslide,downpour,medium,unknown,0.0,,,,,glc,1111.0,India,IN,Bengal,43000.0,Kālimpang,7.35875,04/01/2014 12:00:00 AM,11/20/2017 03:17:00 PM,02/15/2018 03:51:00 PM,88.4575,27.1344
International Business Times,http://www.ibtimes.co.in/west-bengal-landslide-kills-20-darjeeling-district-637669,7035,06/30/2015 12:00:00 AM,,Mahindra,At least 25 people were reported dead in various parts of West Bengal's Darjeeling district on Wednesday in landslides triggered by heavy rainfall the previous night.,Mahindra,1km,landslide,downpour,medium,unknown,3.0,0.0,,,,glc,7035.0,India,IN,West Bengal,7620.0,Daulatpur,12.22335,07/01/2015 06:31:00 PM,11/20/2017 03:17:00 PM,02/15/2018 03:51:00 PM,88.2746,25.4243
The Shillong Times,http://www.theshillongtimes.com/2015/06/17/entire-family-among-5-dead-in-tura-landslides/,6969,06/16/2015 06:15:00 AM,,"Nakham Bazaar, Tura, Meghalaya",Huge tons of mud and boulders came crashing down from the above cliffs completely destroying the home.,"Nakham Bazaar, Tura, Meghalaya",1km,landslide,downpour,medium,urban,4.0,0.0,,,,glc,6969.0,India,IN,Meghalaya,63645.0,Tura,1.30159,06/25/2015 08:11:00 PM,11/20/2017 03:17:00 PM,02/15/2018 03:51:00 PM,90.215,25.5114
morungexpress,http://www.morungexpress.com/local/51540.html,2044,07/06/2010 12:00:00 AM,,"Kiphire,  Nagaland","Dimapur| July 12  : Yet another monsoon season in Nagaland and one has to batter bad roads.    This year’s monsoon has been the worse by far.  Most interior villagers of Mon, Tuensang and Kiphire are cut out from the rest of the state. With good roads beyond their dreams even on dry days, rainy days are a nightmare for the people. Journey to places like Mimi in Kiphire, Pangsha in Tuensang and parts of Mon and Peren can be made only on four wheel drive vehicles or on foot. Mud slides are common in almost all the highways leading to district headquarters. Exploitation of natural resources like boulders and deforestation is causing more landslides than before. The use of roads by all size vehicles has spoilt most of the soiled roads making it difficult for smaller vehicles to ply. ","Kiphire,  Nagaland",5km,mudslide,monsoon,medium,unknown,0.0,,,,,glc,2044.0,India,IN,Nāgāland,29499.0,Zunheboto,28.37402,04/01/2014 12:00:00 AM,11/20/2017 03:17:00 PM,02/15/2018 03:51:00 PM,94.7861,25.8877
morungexpress,http://www.morungexpress.com/local/56264.html,2587,10/10/2010 06:00:00 AM,,"Lower Chandmari area, PWD department, Kohima, Manipur","Today, a government quarter belonging to PWD department and three private houses in Lower Chandmari area, Kohima started to sink around 6 am. Informing the media, a concerned citizen, Temjentiba, stated “I want to make the concerned authority aware of the damage and arrange necessary measures to help the effected victims who are like you and me. As a responsible citizen I’m sharing this with the rest of the people.” It was estimated that altogether, four houses were completely sunk and damages estimated to be worth 40 to 50 lakhs of rupees.","Lower Chandmari area, PWD department, Kohima, Manipur",1km,landslide,downpour,medium,unknown,0.0,,,,,glc,2587.0,India,IN,Nāgāland,92113.0,Kohima,1.4225,04/01/2014 12:00:00 AM,11/20/2017 03:17:00 PM,02/15/2018 03:51:00 PM,94.1072,25.6623
Hindustan Times,http://www.hindustantimes.com/india-news/two-killed-due-to-landslide-in-assam/story-iWPiQmWinCDc8gZotcTmFM.html,8684,07/07/2016 12:00:00 AM,,"Kamrup district, Assam, India","Two persons including a minor were killed and two others injured on Thursday due to a landslide in Assam’s Kamrup district.           Police said the incident took place at 11 Mile Area under Sonapur police station in the district. “A guard wall caved in on the house of Bishal Sharma due to landslide triggered by incessant rains since last night,” police said adding that while Bishal Sharma and his daughter Nanu Sharma (13) were killed on the spot, his wife Radha Sharma and another daughter Puja Sharma were injured during the incident.","Kamrup district, Assam, India",50km,landslide,continuous_rain,medium,retaining_wall,2.0,2.0,,,,glc,8684.0,India,IN,Assam,4713.0,Palāsbāri,24.91092,07/07/2016 08:34:00 PM,11/20/2017 03:17:00 PM,02/15/2018 03:51:00 PM,91.3681,25.9611
news.oneindia,http://news.oneindia.in/2010/03/29/rainsstorm-cause-havoc-inmanipur.html,1596,03/27/2010 08:00:00 PM,,"LangthAbal Khoupum, Imphal, Manipur","Pre-monsoon rains and a heavy storm  have created havoc in Manipur state.  Sudden sporadic downpours accompanied by heavy storm, which struck late on Saturday (March 27), left a trail of mass destruction in both the valley and hilly areas, as several rooftops were blown away and houses collapsed. Several houses along Mayai Lambi, in the vicinity of Loktak Lake, are reported to have been either blown away, or damaged.  One house at LangthAbal Khoupum in Imphal has been completely damaged due to landslide.  No loss of human lives has been reported from anywhere in the State.  Locals are helping rescuers to help restore the damaged buildings.  ""At that time, those who woke up early morning, including my mother, survived the landslide. But two persons who were sleeping at that time were buried. So, all the villagers joined hands and rescued the two from the debris. No loss of lives was there but some have sustained injuries,"" said Thawaijao Kamei, a local resident, on Monday (March 29). ","LangthAbal Khoupum, Imphal, Manipur",5km,mudslide,downpour,medium,unknown,0.0,,,,,glc,1596.0,India,IN,Manipur,223523.0,Imphal,8.69174,04/01/2014 12:00:00 AM,11/20/2017 03:17:00 PM,02/15/2018 03:51:00 PM,93.9161,24.7339
bdnews24,http://www.bdnews24.com/details.php?id=199829&cid=2,3680,07/01/2011 06:00:00 AM,,"Batali, Chittagong","Chittagong, July 2 (bdnews24.com)—The government is investigating Friday's hillslide at Batali in the port city that has claimed at least 16 lives as rescue operations ran well past midnight, with the body counts likely to rise.  Twelve people were killed in a landslide in southeastern Bangladesh on Friday, Xinhua reported. The rain-triggered landslide occurred in Chittagong city, about 240 km from Dhaka. ""We have retrieved 12 bodies,"" fire service official Ruhul Amin said. A big chunk of earth. Death toll was revised as 17.  Heavy rains for the past few days caused a huge chunk of earth and a retaining wall to collapse around 6am, burying six hillside shanties and leaving scores of people trapped.   A five-strong probe committee, headed by additional deputy commissioner (general) Ehsan Elahi, has been given five days to submit the report on the landslide in Tigerpass. The investigators have started work.   One member each from the eastern zone of Bangladesh Railway, Chittagong Metro","Batali, Chittagong",10km,landslide,downpour,large,unknown,17.0,,,,,glc,3680.0,Bangladesh,BD,Chittagong,3920222.0,Chittagong,1.72122,04/01/2014 12:00:00 AM,11/20/2017 03:17:00 PM,02/15/2018 03:51:00 PM,91.8161,22.344
assamtribune,http://www.assamtribune.com/scripts/detailsnew.asp?id=apr2110/at06,1771,04/20/2010 12:00:00 AM,,"Raj Bhavan Guwahati, Assam","GUWAHATI, April 20 – Civic woes of Guwahatians is continuing to unfold its murkier side with incessant downpour today forcing district administration to engage National Disaster Response Force (NDRF) to facilitate movement of residents of low-lying areas at the heart of the capital city.   The incessant rains also led to landslide in the hilly areas of the city, including at Kharghuli hillside and the hills adjoining the Raj Bhavan. ","Raj Bhavan Guwahati, Assam",exact,landslide,downpour,medium,unknown,0.0,,,,,glc,1771.0,India,IN,Assam,899094.0,Guwahati,2.54658,04/01/2014 12:00:00 AM,11/20/2017 03:17:00 PM,02/15/2018 03:51:00 PM,91.7665,26.1978
E-PAO,http://e-pao.net/GP.asp?src=22..010815.aug15,7364,07/31/2015 09:00:00 AM,,Phungyar road,Massive landslide along the Phungyar road under Ukhrul District cut off Phungya Sub-Division from the rest the state on Friday.,Phungyar road,10km,landslide,continuous_rain,medium,below_road,0.0,0.0,,http://www.e-pao.org/galleries/images/News_Related/2015/08/Landslide_20150801.jpg,,glc,7364.0,India,IN,Manipur,8797.0,Yairipok,34.80209,11/03/2015 07:37:00 PM,11/20/2017 03:17:00 PM,02/15/2018 03:51:00 PM,94.3551,24.819
Daily Sun,http://www.daily-sun.com/post/63189/5-killed-2-missing-in-Bandarban-landslide-,7365,08/01/2015 03:00:00 AM,,Hospital Para in Lama upazila,"At least seven people, including a children, were killed, two went missing and at least three others injured in a landslide, caused by incessant rainfall for the last nine days at Hospital Para in Lama upazila of Bandarban district on early Saturday.",Hospital Para in Lama upazila,50km,mudslide,continuous_rain,small,unknown,7.0,3.0,,http://www.thedailystar.net/sites/default/files/styles/big_4/public/feature/images/bandarban-landslide.jpg?itok=ZtfCTgJl,,glc,7365.0,Bangladesh,BD,Chittagong,52005.0,Sātkania,36.54669,12/14/2015 10:59:00 PM,11/20/2017 03:17:00 PM,02/15/2018 03:51:00 PM,92.1991,21.7773
The Assam Tribune,http://www.assamtribune.com/scripts/detailsnew.asp?id=jul1117/city050,10007,07/10/2017 02:21:00 PM,,Landslide in Chandmari,"Landslide after rains and flooding throughout Assam State damages a few houses in Chandmari, Guwahati city","Chandmari, Guwahati, Kamrup Metropolitan, Assam, 781003",1km,landslide,continuous_rain,small,urban,0.0,0.0,,,,,,,,,,,,07/11/2017 02:21:00 PM,11/20/2017 03:17:00 PM,02/15/2018 03:51:00 PM,91.77306002,26.19037705
newKarala,http://www.newkerala.com/news/2015/fullnews-73439.html,6968,06/13/2015 12:00:00 AM,,"Ratacherra village along the NH-44 connecting to Barak Valley in Assam and Tripura, Meghalaya, Mizoramon",At least four people including three women were killed and two others injured in landslide following heavy rainfall…when a tea shop was buried,"Ratacherra village along the NH-44 connecting to Barak Valley in Assam and Tripura, Meghalaya, Mizoramon",5km,landslide,continuous_rain,medium,unknown,4.0,2.0,,,,glc,6968.0,India,IN,Meghalaya,132842.0,Shillong,35.09387,06/25/2015 08:05:00 PM,11/20/2017 03:17:00 PM,02/15/2018 03:51:00 PM,92.2121,25.463
E-PAO,http://e-pao.net/GP.asp?src=22..020815.aug15,7373,08/01/2015 12:00:00 AM,,between Maku village and Kamjong sub division,"Meanwhile, Kamjong- Ukhrul BRTF road connecting 30 villages under Kamjong block has remained cut off for the past three days following heavy landslides at various locations in between Maku village and Kamjong sub division spanning a stretch of abour 9 kilometres.",between Maku village and Kamjong sub division,10km,landslide,continuous_rain,medium,above_road,,,,,,glc,7373.0,India,IN,Manipur,8797.0,Yairipok,50.42405,11/21/2015 01:43:00 AM,11/20/2017 03:17:00 PM,02/15/2018 03:51:00 PM,94.4759,24.9111
articles.timesofindia,http://articles.timesofindia.indiatimes.com/2012-09-19/guwahati/33951873_1_landslides-road-communication-water-tank,4570,09/19/2012 12:00:00 AM,, Arunachal Pradesh ,"Landslides blocked the main road culvert (PWD) near the beat office causing soil erosion from lower portion of the compound. Beat officer Bapak Koyu said if such rain continues, government quarters and office buildings may get washed away. He added that the staff, along with office files and documents, have been shifted to a safe place for the time being. Stating that the matter has been intimated to the higher authorities, Koyu urged for hiring one JCB immediately to divert the nullah passing through the forest compound.", Arunachal Pradesh ,1km,landslide,downpour,medium,unknown,,,,,,glc,4570.0,India,IN,Arunāchal Pradesh,25581.0,Pāsighāt,26.39832,04/01/2014 12:00:00 AM,11/20/2017 03:17:00 PM,02/15/2018 03:51:00 PM,95.2253,27.8458
Telegraph India,http://www.telegraphindia.com/1100605/jsp/northeast/story_12529386.jsp,1935,06/03/2010 12:00:00 AM,,"atharamura hills, Highway 44, Tripura","Heavy rainfall across Tripura with the onset of monsoon has created serious transportation problems, intensified by landslides along National Highway 44, and disruption of power supply.  The monsoon hit the state on Wednesday, nearly a week early, and till today 69mm rainfall has been recorded by the Met office. The road connectivity has also been adversely affected by frequent landslides caused by rain along NH44 and other important link roads within the state. Yesterday, massive landslides in the Atharomura hill range on the national highway held up traffic for more than six hours. ","atharamura hills, Highway 44, Tripura",5km,landslide,downpour,medium,unknown,0.0,,,,,glc,1935.0,India,IN,Tripura,6373.0,Āmbāsa,10.47164,04/01/2014 12:00:00 AM,11/20/2017 03:17:00 PM,02/15/2018 03:51:00 PM,91.7599,23.8986
e-pao,http://www.e-pao.net/GP.asp?src=5..101010.oct10,2577,10/09/2010 12:00:00 AM,,"NH-39 near Khongnem(?) village, between Imphal and Dimapur, Manipur",Landslide has also been reported at a spot near Khongnem village while there are at least three landslides at Karong area.,"NH-39 near Khongnem(?) village, between Imphal and Dimapur, Manipur",50km,landslide,downpour,medium,unknown,0.0,,,,,glc,2577.0,India,IN,Nāgāland,92113.0,Kohima,29.47352,04/01/2014 12:00:00 AM,11/20/2017 03:17:00 PM,02/15/2018 03:51:00 PM,93.8673,25.5265
ASSAM Talks,http://www.assamtalks.com/2-killed-in-jorabat-landslide.html,7276,07/25/2015 09:00:00 AM,,"Dispur : According to report, a huge hillock slipped into the house after heavy rain where Dinesh Bodo along with his wife and daughter lived in. Thi*","According to report, a huge hillock slipped into the house after heavy rain where Dinesh Bodo along with his wife and daughter lived in. This incident occurred at Tamulkuchi village of Jorabat.  Bodo’s wife Bharati Bodo and his daughter were died and other more houses got damaged",,5km,landslide,continuous_rain,medium,natural_slope,2.0,0.0,,,,glc,7276.0,India,IN,Assam,2000.0,Dispur,7.81437,07/27/2015 02:01:00 PM,11/20/2017 03:17:00 PM,02/15/2018 03:51:00 PM,91.8717,26.1062
The Himalayan Times,https://thehimalayantimes.com/nepal/landslides-displace-nine-families-ilam/,10008,08/09/2016 04:00:00 AM,,"Landslide at Jirmale, Ilam Province, Nepal",,"Jirmale, Ilam Province, Nepal",10km,landslide,continuous_rain,medium,natural_slope,0.0,0.0,,,"A landslip at Jirmale-5 damaged six houses in the locality, displacing the families. Likewise, other seven houses in the area are at high risk of displacement due to landslide.",,,,,,,,,06/29/2017 01:37:00 PM,11/20/2017 03:17:00 PM,02/15/2018 03:51:00 PM,88.1389,26.7973
e-pao,http://www.e-pao.net/GP.asp?src=5..101010.oct10,2576,10/09/2010 12:00:00 AM,,"NH-39 at Tobio village(?), 7 km form Tadubi, Manipur","Owing to landslides, triggered by incessant rainfall, at various points along the National highway vehicular movement on the ImphalDimapur section has come to a grinding halt today.  An informed source said that a massive landslide had washed away substantial portion of the highway at Tobio village, which is about 7 kilometres from Tadubi.  Even though there are reports about clearance of the debris and repairing of the road link at about 4.30 pm today heavy vehicle ceased plying on the route for the day.","NH-39 at Tobio village(?), 7 km form Tadubi, Manipur",10km,landslide,downpour,medium,unknown,0.0,,,,,glc,2576.0,India,IN,Nāgāland,92113.0,Kohima,21.89269,04/01/2014 12:00:00 AM,11/20/2017 03:17:00 PM,02/15/2018 03:51:00 PM,94.1399,25.4788
beacononline.wordpress,http://beacononline.wordpress.com/2009/08/21/sikkim-landslides-disturb-power-lines-link-roads/,1102,08/19/2009 08:30:00 PM,,"Sombaria, West Sikkim","Two persons were killed and 10 others were injured following a series of landslides and flashfloods triggered by incessant rains in Sombaria and Daramdin in west Sikkim since last night. According to the SDO, Soreng, Mr Bhim Thatal, Puspa Mani Pradhan and Sameer Subba died on the spot when flashfloods washed at least 10 houses and claimed a dozen cattles at Sombaria at 8.30 p.m. last evening.","Sombaria, West Sikkim",10km,landslide,downpour,medium,unknown,2.0,,,,,glc,1102.0,India,IN,,1035.0,Naya Bāzār,17.99072,04/01/2014 12:00:00 AM,11/20/2017 03:17:00 PM,02/15/2018 03:51:00 PM,88.1365,27.2644
blog.taragana,http://blog.taragana.com/n/darjeeling-toy-train-suspended-118172/,1056,07/22/2009 12:00:00 AM,,"Darjeeling, West Bengal ","The disruption of popular toy train services in Darjeeling disappointed the tourists as the rail track was damaged by the landslides in the region. The track has been washed away at Gayabari, Kerseong and Darjeeling due to heavy incessant rainfall and landslides from the hills.","Darjeeling, West Bengal ",10km,landslide,downpour,medium,below_road,0.0,,,,,glc,1056.0,India,IN,Bengal,123797.0,Dārjiling,0.78466,04/01/2014 12:00:00 AM,11/20/2017 03:17:00 PM,02/15/2018 03:51:00 PM,88.264,27.04
Democracy for Burma,http://democracyforburma.wordpress.com/2009/07/08/the-death-toll-has-risen-to-70-in-the-aftermath-of-floods-and-landslides-in-burmas-hpakant-jade-mining-area-in-the-countrys-northern-kachin-state-on-july-4-and-5/,6124,07/04/2014 12:00:00 AM,,"Hpakan, Kachin","The death toll has risen to 70 in the aftermath of floods and landslides in Burma’s Hpakant jade mining area in the country’s northern Kachin State on July 4 and 5. Hundreds have been injured including over 10 people from local Kachin Baptist Churches, according to official figures available from Burmese Army authorities. The floods and mudslides were the biggest ever witnessed in Hpakant jade land. The devastation was said to have been caused because the ruling junta has been allowing indiscriminate jade mining activities with sophisticated machines following the ceasefire agreement between the regime and the Kachin Independence Organization (KIO) in 1994, said local environmentalists. The death toll was compiled till yesterday by the administrative office of the Hpakant Jade Mining City also called the City Peace and Development Council (Ma Ya Ka) of the junta, said Hpakant residents. The search for bodies in jade land is underway and an additional 30 bodies were found under soil and","Hpakan, Kachin",5km,landslide,rain,large,mine,70.0,100.0,,,,glc,6124.0,Myanmar [Burma],MM,Kachin,90894.0,Myitkyina,111.28858,09/12/2014 08:57:00 PM,11/20/2017 03:17:00 PM,02/15/2018 03:51:00 PM,96.3167,25.6157
TIMES OF INDIA,http://timesofindia.indiatimes.com/city/guwahati/Landslide-deluge-kill-7-in-Meghalayas-Garo-Hills/articleshow/43174646.cms,6293,10/20/2014 12:00:00 AM,,South West Garo Hills,Deputy commissioner of South West Garo Hills district Ram Singh said six people were killed by a landslide and one was swept away by floodwaters.,South West Garo Hills,50km,landslide,rain,medium,unknown,6.0,0.0,,,,glc,6293.0,India,IN,Meghalaya,63645.0,Tura,11.43798,10/21/2014 08:00:00 PM,11/20/2017 03:17:00 PM,02/15/2018 03:51:00 PM,90.0896,25.5006
articles.timesofindia.indiatimes.com,http://articles.timesofindia.indiatimes.com/2013-05-12/guwahati/39203561_1_artificial-floods-guwahati-municipal-corporation-gs-road,4858,05/11/2013 09:00:00 AM,,"Nursery, North Guwahati, Guwahati, Assam,","Landslides occurred in the Nursery area and Maligaon in Nilachal Hills, Sarania Hills and Boragaon on Saturday, alarming hill residents, whose number has crossed two lakh in Guwahati, said sources. Junu Chakraborty (50) was injured in the Nursery area after a wall of her house collapsed on Saturday morning. However, she is out of danger. There are no reports of injury from other parts of the city. A family miraculously escaped unhurt when earth fell on their house in the Sarania Hills.","Nursery, North Guwahati, Guwahati, Assam,",50km,landslide,rain,medium,unknown,,,,,,glc,4858.0,India,IN,Assam,17516.0,North Guwāhāti,3.52578,04/01/2014 12:00:00 AM,11/20/2017 03:17:00 PM,02/15/2018 03:51:00 PM,91.7138,26.1662
www.nagalandpost.com,http://www.nagalandpost.com/ChannelNews/State/StateNews.aspx?news=TkVXUzEwMDA0MjY4Nw%3D%3D-bSp8jh3okxw%3D,5269,08/04/2013 12:00:00 AM,,"Tizu, Nagaland","Incessant torrential rain, which began Sunday at around 11.30 p.m. has completely cut off Suruhuto town from the rest of the state. In a press release, NGZPMC joint secretary Hotoshe Sema said all three links connecting Zunheboto, Mokokchung and Tuensang have been cut off. Road to Zunheboto has been  blocked in 5-6 places and Mokokchung road has been blocked in two places near Zhekuto and Longsa. The valleys of Nanga (Dikhu), Phizo and Tizu, known as rice bowls of Suruhuto Area has been damaged by floods and landslides. Many terrace fields and canals have been washed away by flood. A team of Nanga (Dikhu) Greener Zone Project Management Committee (NGZPMC) who were on GPS mapping of Community Conserved Area (CCA) has been stranded at Nanga valley owing to flood. Log bridges connecting Phuye New/Old and Suruhuto/Surumi/Aichi Saghemi villages have been washed away. Travelers from Tuensang to Kohima/Dimapur via Suruhuto-Coco shortcut road have been requested to take the via Mokokchung rout","Tizu, Nagaland",unknown,landslide,continuous_rain,medium,unknown,,,,,,glc,5269.0,India,IN,Nāgāland,29499.0,Zunheboto,14.31476,04/01/2014 12:00:00 AM,11/20/2017 03:17:00 PM,02/15/2018 03:51:00 PM,94.5234,25.8376
www.nagalandpost.com,http://www.nagalandpost.com/ChannelNews/State/StateNews.aspx?news=TkVXUzEwMDA0MjY4Nw%3D%3D-bSp8jh3okxw%3D,5270,08/04/2013 12:00:00 AM,,"Phizo, Nagaland","Incessant torrential rain, which began Sunday at around 11.30 p.m. has completely cut off Suruhuto town from the rest of the state. In a press release, NGZPMC joint secretary Hotoshe Sema said all three links connecting Zunheboto, Mokokchung and Tuensang have been cut off. Road to Zunheboto has been  blocked in 5-6 places and Mokokchung road has been blocked in two places near Zhekuto and Longsa. The valleys of Nanga (Dikhu), Phizo and Tizu, known as rice bowls of Suruhuto Area has been damaged by floods and landslides. Many terrace fields and canals have been washed away by flood. A team of Nanga (Dikhu) Greener Zone Project Management Committee (NGZPMC) who were on GPS mapping of Community Conserved Area (CCA) has been stranded at Nanga valley owing to flood. Log bridges connecting Phuye New/Old and Suruhuto/Surumi/Aichi Saghemi villages have been washed away. Travelers from Tuensang to Kohima/Dimapur via Suruhuto-Coco shortcut road have been requested to take the via Mokokchung rout","Phizo, Nagaland",unknown,landslide,continuous_rain,medium,unknown,,,,,,glc,5270.0,India,IN,Nāgāland,29499.0,Zunheboto,10.5572,04/01/2014 12:00:00 AM,11/20/2017 03:17:00 PM,02/15/2018 03:51:00 PM,94.4619,26.0481
bdnews24.com,http://bdnews24.com/bangladesh/2013/01/30/landslide-in-sitakunda,4743,01/30/2013 12:00:00 AM,,"Sitakunda, Chittagong Division,",At least one worker was injured and some others feared trapped under a landslide during the digging of a hill at Sitakunda upazila of Chittagong on Wednesday.,"Sitakunda, Chittagong Division,",5km,landslide,rain,large,unknown,,,,,,glc,4743.0,Bangladesh,BD,Chittagong,33200.0,Fatikchari,14.59203,04/01/2014 12:00:00 AM,11/20/2017 03:17:00 PM,02/15/2018 03:51:00 PM,91.6591,22.6205
Assam Tribune,http://www.assamtribune.com/scripts/detailsnew.asp?id=sep2414/at051,6284,09/22/2014 12:00:00 AM,,Batahghuli,"Flash flood and landslides continued to cause devastation in Guwahati for the second day today with the death toll due to landslip rising to four. Two persons died in two separate incidents of landslides in Lalmati and Dakhingaon, whereas a woman was injured in another landslide incident at Batahghuli.",Batahghuli,5km,landslide,rain,small,unknown,0.0,1.0,,,,glc,6284.0,India,IN,Assam,2000.0,Dispur,3.3724,10/21/2014 03:22:00 PM,11/20/2017 03:17:00 PM,02/15/2018 03:51:00 PM,91.8342,26.1324
Telegraph India,http://www.telegraphindia.com/1120608/jsp/siliguri/story_15584321.jsp#.UN_I7eSx_K0com,4394,06/07/2012 04:30:00 AM,,"Rolep, South Sikkim( Mapping to Rhenock 12 miles from Rolep)","Seven persons, three of them children, were killed when landslides struck a village in East Sikkim after a spate of rain lashed the area last night. Four members of a family were also among those wiped out in the early morning strikes.","Rolep, South Sikkim( Mapping to Rhenock 12 miles from Rolep)",25km,landslide,rain,large,unknown,7.0,,,,,glc,4394.0,India,IN,Sikkim,4026.0,Rangpo,11.12431,04/01/2014 12:00:00 AM,11/20/2017 03:17:00 PM,02/15/2018 03:51:00 PM,88.6458,27.1748
Business Standard,http://www.business-standard.com/article/news-ians/sikkim-s-nh31-a-lifeline-closed-for-repairs-114071501335_1.html,6146,07/15/2014 12:00:00 AM,,"Kalimpong, West Bengal","With a landslide badly disrupting traffic, National Highway 31-A connecting Gangtok with Siliguri in West Bengal and considered Sikkim's ""lifeline"" will be closed for a day from Wednesday for repairs. With a major chunk of the highway caving in near Kalimpong in Darjeeling district and threatening to cut off Sikkim from the rest of the country, the administration has roped in the services of General Reserve Engineer Force (GREF). According to the district administration, the highway will be closed for 24 hours from 6 a.m. Wednesday to enable the GREF to construct a Bailey bridge on the landslide-affected area for the traffic to resume. Both the Sikkim and Darjeeling administration have warned tourists and drivers against using the highway to avert any tragedy.","Kalimpong, West Bengal",1km,landslide,rain,small,above_road,0.0,0.0,,,,glc,6146.0,India,IN,West Bengal,43000.0,Kālimpang,1.12347,08/24/2014 12:00:00 AM,11/20/2017 03:17:00 PM,02/15/2018 03:51:00 PM,88.4694,27.059
Nagaland Post,http://nagalandpost.com/ChannelNews/State/StateNews.aspx?news=TkVXUzEwMDEwMDI0Mw%3D%3D,9251,07/28/2016 11:00:00 PM,,"Government Middle School (GMS) Kiphire station “B”, Kiphire, Nagaland, India","Owing to heavy downpour in Kiphire, a retaining wall and water tank collapsed and destroyed the classrooms of Government Middle School (GMS) Kiphire station “B” on the night of July 28. According to the head teacher GMS Kiphire station “B” Lisecho Sangtam, class 6 and 7 classrooms have been completely damaged for which classes could not be held.  Sangtam has also informed that until the building was renovated classes would not resume. He also appealed the school education department to urgently look into the matter as students cannot attend schools if necessary action was not taken. Meanwhile, district administration and School education department Kiphire visited the school.","Government Middle School (GMS) Kiphire station “B”, Kiphire, Nagaland, India",1km,landslide,downpour,medium,retaining_wall,0.0,0.0,,http://www.nagalandpost.com/cms/newsimages/EJPFZHFCZPOBDIMBOOTY_resize.jpg,,glc,9251.0,India,IN,Nagaland,29499.0,Zunheboto,28.86795,08/01/2016 02:44:00 PM,11/20/2017 03:17:00 PM,02/15/2018 03:51:00 PM,94.7844,25.8702
Web India 123,http://news.webindia123.com/news/Articles/India/20150819/2663754.html,7699,08/19/2015 12:00:00 AM,,Zunheboto district,"Sources said in Zunheboto district the rainfall had caused several landslides damaging scores of houses, roads, bridges, cultivation areas and paddy/terrace fields.",Zunheboto district,50km,landslide,continuous_rain,medium,unknown,0.0,0.0,,,,glc,7699.0,India,IN,Nagaland,29499.0,Zunheboto,2.73624,05/10/2016 07:57:00 PM,11/20/2017 03:17:00 PM,02/15/2018 03:51:00 PM,94.5224,26.0214
E-PAO,http://e-pao.net/GP.asp?src=26..120815.aug15,7664,08/11/2015 12:00:00 AM,,Nungba,"In a press statement, ZB-AMN General Secretary Dr Gairiangmei Maringmei said due to recent incessant rain, several areas of the Zeliangrong region have experienced landslides.",Nungba,10km,landslide,continuous_rain,medium,unknown,0.0,0.0,,,,glc,7664.0,India,IN,Manipur,0.0,Bishnupur,36.47706,04/28/2016 08:48:00 PM,11/20/2017 03:17:00 PM,02/15/2018 03:51:00 PM,93.4251,24.7459
kuenselonline,http://www.kuenselonline.com/2010/modules.php?name=News&file=article&sid=20186,3816,07/21/2011 11:00:00 PM,,"Bagochen near, Trongsa near, Bumthang, Bhutan","Kills a child, injures two other  Landslide 23 July, 2011 - A six-month-old baby died inside a hut it was living in after a sudden landslide carried the hut along with it and damaged it.  The incident that occurred on the night of July 21 also caused injuries to two other children, five and eight years living in the same hut.  The incident occurred in Bagochen, about 3km away from Trongsa town towards Bumthang around 8:25pm.  Sources said the hut, which was located on a slope was eroded about 100m and all the nine people living in the hut were injured.  “But adults were not that seriously injured,” a Trongsa resident said.  Trongsa police officials said the six-month-old baby died of head injury.  “The relatives managed to take the baby to the hospital but he died there,” the police officer-in-command said.  The baby’s five-year-old brother suffered fractures in his hands and their eight-year-old cousin sister’s also had fractures on one of her legs.  Both children were referred to Thi","Bagochen near, Trongsa near, Bumthang, Bhutan",25km,landslide,downpour,medium,unknown,1.0,,,,,glc,3816.0,Bhutan,BT,Tongsa,2805.0,Trongsa,0.27126,04/01/2014 12:00:00 AM,11/20/2017 03:17:00 PM,02/15/2018 03:51:00 PM,90.5081,27.5003
hamaraphotos.com,http://hamaraphotos.com/news/national/massive-landslide-kills-at-least-five-people-in-siliguri.html,1088,08/16/2009 02:00:00 AM,,"Kerseong, Sub-division, Siliguri district, West Bengal","At least five people were killed in West Bengal’s Siliguri district in a massive landslide, which was triggered by incessant overnight rains, officials said on Sunday.","Kerseong, Sub-division, Siliguri district, West Bengal",5km,landslide,downpour,medium,unknown,5.0,,,,,glc,1088.0,India,IN,Bengal,46427.0,Kārsiyāng,0.21657,04/01/2014 12:00:00 AM,11/20/2017 03:17:00 PM,02/15/2018 03:51:00 PM,88.28044714,26.8867642
NBC Daily,http://www.nbcdaily.com/separate-landslides-kill-two-in-assam/85170/,10972,12/15/2016 02:22:00 PM,,Landslide at Noonmati Nijarapar,"In Noonmati Nijarapar area of the city, a class IV girl student was buried in another landslide which came crashing on her house.","Noonmati Nijarapar, Assam, India",1km,landslide,unknown,small,natural_slope,1.0,0.0,,,,,,,,,,,,07/26/2017 01:22:00 PM,12/08/2017 08:37:00 PM,02/15/2018 03:51:00 PM,91.810079,26.191688
International Business Times,http://www.ibtimes.co.in/meghalaya-massive-landslide-east-jaintia-hills-flash-floods-shillong-hit-normal-life-643439,7589,08/19/2015 12:00:00 AM,,National Highway 44,"The landslide disrupted traffic on National Highway 44, which connects Assam, Mizoram and Tripura.",National Highway 44,25km,landslide,rain,medium,above_road,0.0,0.0,,,,glc,7589.0,India,IN,Meghalaya,55290.0,Karīmganj,43.02536,03/24/2016 12:48:00 AM,11/20/2017 03:17:00 PM,02/15/2018 03:51:00 PM,92.3825,25.2568
The Times of India,http://timesofindia.indiatimes.com/city/guwahati/Landslide-cuts-off-Anjaw-district-food-prices-rise/articleshow/48715682.cms,7887,08/16/2015 12:00:00 AM,,Hawai,"The state's Anjaw district remains cut off from the rest of the state after a heavy landslide at Tiding Point, 88 km away from the district headquarters, blocked the road on August 16.",Hawai,50km,landslide,continuous_rain,medium,above_road,0.0,0.0,,,,glc,7887.0,India,IN,Arunachal Pradesh,0.0,Hawai,12.26381,06/28/2016 08:17:00 PM,11/20/2017 03:17:00 PM,02/15/2018 03:51:00 PM,96.9262,27.8835
Business Standard,http://www.business-standard.com/article/pti-stories/landslides-in-arunachal-district-no-loss-of-life-116050200846_1.html,9404,05/01/2016 12:00:00 AM,,"Hayuliang, Anjaw district,Arunachal Pradesh, India",Landslide triggered by heavy rains have cut off road communication to Hayuliang in remote Anjaw district of Arunachal Pradesh but there was no report of any loss of life.   Heavy rains have lashed Anjaw for the past 26 days and official sources said Hayuliang has remained cut off since yesterday.,"Hayuliang, Anjaw district,Arunachal Pradesh, India",1km,landslide,downpour,medium,above_road,0.0,0.0,,,,glc,9404.0,India,IN,Arunachal Pradesh,1834.0,Hayuliang,1.5198,08/03/2016 08:34:00 PM,11/20/2017 03:17:00 PM,02/15/2018 03:51:00 PM,96.5316,28.0822
The Daily Star,http://www.thedailystar.net/city/nasir-hit-landslides-first-day-office-117430,7283,07/26/2015 07:00:00 AM,,"Manila Hill, Chittagong District Shilpakala Academy","Around 7:00am yesterday, a chunk of earth from the adjacent Manila Hill collapsed onto Chittagong District Shilpakala Academy.  Breaking the wall and the windows of a classroom of the academy's main building, mud spread in an office and two classrooms, said district cultural officer Moslem Uddin Shikdar.","Manila Hill, Chittagong District Shilpakala Academy",1km,landslide,continuous_rain,small,urban,0.0,0.0,,,,glc,7283.0,Bangladesh,BD,Chittagong,3920222.0,Chittagong,2.31697,07/29/2015 08:42:00 PM,11/20/2017 03:17:00 PM,02/15/2018 03:51:00 PM,91.8022,22.4254
Assam Tribune,http://www.assamtribune.com/scripts/detailsnew.asp?id=sep2414/at051,6287,09/22/2014 12:00:00 AM,,Dhirenpara,"On the other hand, several incidents of landslides were reported from Dhirenpara, Koinadhara, Gorhchuk, Noonmati and Pamohi.",Dhirenpara,5km,landslide,rain,small,unknown,0.0,0.0,,,,glc,6287.0,India,IN,Assam,899094.0,Guwahati,7.29559,10/21/2014 03:33:00 PM,11/20/2017 03:17:00 PM,02/15/2018 03:51:00 PM,91.7056,26.1295
thehimalayanbeacon.com,http://thehimalayanbeacon.com/magazine/2010/08/21/sikkim-landslides-heavy-toll-2-gpus-completely-cut/,2296,08/20/2010 12:00:00 AM,,"many locations around Namchi, Sikkim","Posted by Barun Roy on August 21st, 2010  Namchi: The heavy down pour last two days resulted in much damages at two Gram Panchayat units Lingee-Sokpay and Payoung-Kaw under Yangyany Block Administrative Centre. Kubernath Timshina, Panchayat President of Payoung-Kaw GPU, informs that in the wake of a huge landslide the family members and live stock of Ambika Prashad Adhakari of Millde Payoung have been shifted to other safe place since his house was heavily damaged by the slide.  The houses of Hemlal Adhakari and Rabilal Adhakari of Middle Payoung are also on the verge of collapse due to a heavy mud slip from the new cutting of PWD road. At Lingee village, following heavy rainfall the kitchen of Bhakti Maya Dabhari was completely buried by landslide and her house was also partly damaged. In Dara Karhaha ward of Payoung-Kaw Gram Panchayat Unit, the house of Tek Bdr. Rai was heavily damaged by the new cutting of PMGSY road and if the rain continues for one more day he has to be shifted to","many locations around Namchi, Sikkim",10km,complex,downpour,medium,unknown,0.0,,,,,glc,2296.0,India,IN,Sikkim,1147.0,Namchi,0.47225,04/01/2014 12:00:00 AM,11/20/2017 03:17:00 PM,02/15/2018 03:51:00 PM,88.3652,27.167
Myanmar Times,http://www.mmtimes.com/index.php/national-news/20486-hpakant-landslide-kills-14-leaves-up-to-200-missing.html,9309,05/23/2016 08:15:00 PM,,"Hpakant, Kachin State, Myanmar","Over a dozen people have been killed and as many as 200 itinerant workers may have been buried after a tailings collapse in jade-rich Hpakant on the night of May 23. Fourteen bodies had been removed from the rubble as of yesterday evening, according to those involved in the search and rescue. The lucrative and shadowy sector has been plagued by a series of deadly accidents, mostly caused by slag heaps that collapse on itinerant miners searching for overlooked scraps of the luxury stone. The latest disaster to strike the landslide-prone mining town occurred around 8:15pm, and was caused by heavy rain, according to Daw Nilar Myint, a deputy officer of the Hpakant township government.  After the company had ceased operations for the day, as many as 200 freelance scavengers continued the search for precious stones on the banks of the mine. “The survivors said there were about 200 people working the mine when the landslide happened,” he said. Authorities from Hpakant had estimated more than","Hpakant, Kachin State, Myanmar",5km,landslide,downpour,medium,mine,14.0,10.0,,,,glc,9309.0,Myanmar [Burma],MM,Kachin,90894.0,Myitkyina,113.50672,08/02/2016 05:33:00 PM,11/20/2017 03:17:00 PM,02/15/2018 03:51:00 PM,96.2961,25.6127
e-pao,http://www.e-pao.net/GP.asp?src=21..210810.aug10,2304,08/21/2010 06:00:00 PM,,"NH 39 at Kigwema(?), between Mao Gate and Kohima, Nagaland","Kohima, August 22 2010: Fresh landslide has occurred between Mao Gate and Kohima on Saturday evening.  The landslide occurred near Kigwema but the authorities are clearing it on war-footing.","NH 39 at Kigwema(?), between Mao Gate and Kohima, Nagaland",10km,landslide,downpour,medium,unknown,0.0,,,,,glc,2304.0,India,IN,Nāgāland,92113.0,Kohima,11.44167,04/01/2014 12:00:00 AM,11/20/2017 03:17:00 PM,02/15/2018 03:51:00 PM,94.1211,25.5718
www.nagalandpost.com,http://www.nagalandpost.com/ChannelNews/State/StateNews.aspx?news=TkVXUzEwMDA0MjY4Nw%3D%3D-bSp8jh3okxw%3D,5273,08/04/2013 12:00:00 AM,,"Zhekuto, Nagaland","Incessant torrential rain, which began Sunday at around 11.30 p.m. has completely cut off Suruhuto town from the rest of the state. In a press release, NGZPMC joint secretary Hotoshe Sema said all three links connecting Zunheboto, Mokokchung and Tuensang have been cut off. Road to Zunheboto has been  blocked in 5-6 places and Mokokchung road has been blocked in two places near Zhekuto and Longsa. The valleys of Nanga (Dikhu), Phizo and Tizu, known as rice bowls of Suruhuto Area has been damaged by floods and landslides. Many terrace fields and canals have been washed away by flood. A team of Nanga (Dikhu) Greener Zone Project Management Committee (NGZPMC) who were on GPS mapping of Community Conserved Area (CCA) has been stranded at Nanga valley owing to flood. Log bridges connecting Phuye New/Old and Suruhuto/Surumi/Aichi Saghemi villages have been washed away. Travelers from Tuensang to Kohima/Dimapur via Suruhuto-Coco shortcut road have been requested to take the via Mokokchung rout","Zhekuto, Nagaland",5km,landslide,monsoon,medium,unknown,,,,,,glc,5273.0,India,IN,Nāgāland,34021.0,Mokokchūng,16.2695,04/01/2014 12:00:00 AM,11/20/2017 03:17:00 PM,02/15/2018 03:51:00 PM,94.5497,26.1807
beacononline.wordpress,http://beacononline.wordpress.com/2009/08/28/sikkim-landslides-at-17th-mile-%E2%80%93-the-bane-of-tourism/,1125,08/26/2009 12:00:00 AM,,"17th Mile towards Tsomgo Lake, near Kyongsala, Sikkim ","A major landslide at 17th Mile towards Tsomgo Lake has become a major factor of disappointment for the tourists visiting Sikkim. Almost all the tourists visiting Sikkim have expressed dissatisfaction for losing their chance to visit the famous high altitude lake. The State Police Department, Check Post has stopped issuing permits to tourists visiting Tsomgo Lake, Baba Mandir and Nathu-La border following massive landslides, which occurred near Kyongsala on July 26.","17th Mile towards Tsomgo Lake, near Kyongsala, Sikkim ",25km,landslide,rain,medium,unknown,,,,,,glc,1125.0,India,IN,Sikkim,30700.0,Gangtok,16.04466,04/01/2014 12:00:00 AM,11/20/2017 03:17:00 PM,02/15/2018 03:51:00 PM,88.7648,27.3746
Indian Express,http://indianexpress.com/article/india/india-news-india/separate-landslides-kill-two-in-assam-2913748/,8995,07/14/2016 12:00:00 AM,,"Noonmati Nijarapar area of the city, Guwahati, Assam, India","Trigger is most likely monsoon since this incident occurred during monsoon season.Two persons, including a girl, were killed in landslides in Assam on Thursday. In Noonmati Nijarapar area of the city, a class IV girl student was buried in another landslide which came crashing on her house.","Noonmati Nijarapar area of the city, Guwahati, Assam, India",5km,landslide,monsoon,small,unknown,1.0,0.0,,,,glc,8995.0,India,IN,Assam,899094.0,Guwahati,6.2948,07/18/2016 01:24:00 PM,11/20/2017 03:17:00 PM,02/15/2018 03:51:00 PM,91.8074,26.1963
himalnews.wordpress,http://himalnews.wordpress.com/2010/07/22/natural-disasters-landslides-destroy-houses/,2112,07/21/2010 08:00:00 AM,,"Zang(?), east Sikkim","Gangtok, July 21: Five houses were destroyed by landslides triggered by incessant rain at Zang in East Sikkim early this morning. Nobody was hurt as families living in these houses could escape just before the slides struck.","Zang(?), east Sikkim",unknown,landslide,downpour,medium,unknown,0.0,,,,,glc,2112.0,India,IN,,1464.0,Mangan,13.20788,04/01/2014 12:00:00 AM,11/20/2017 03:17:00 PM,02/15/2018 03:51:00 PM,88.6475,27.5509
The Daily Star,http://www.thedailystar.net/country/2-buried-while-cutting-hill-ctg-90934,7023,06/01/2015 02:00:00 PM,,"Dakkhin Para, Banshkhali upazila of Chittagong","Two workers were killed and another injured as a chunk of earth fell on them while they were cutting hill. They were cutting the hill illegally, police said.","Dakkhin Para, Banshkhali upazila of Chittagong",25km,landslide,mining,medium,natural_slope,2.0,1.0,,,,glc,7023.0,Bangladesh,BD,Chittagong,52005.0,Sātkania,12.29665,02/23/2016 09:04:00 PM,11/20/2017 03:17:00 PM,02/15/2018 03:51:00 PM,91.9538,22.0104
Sangai Express,http://www.thesangaiexpress.com/page/items/55203/healing-touch-to-flood-landslide-affected-victims,7313,08/01/2015 06:30:00 AM,,Joumol of Chandel district,"Joumol is a small hamlet in the remotest corner of Chandel district of Manipur. On Aug 1, the tranquillity of the village was shattered by a thunderous roar. A massive landslide during the early morning hours swept away the entire village resulting in numerous deaths and considerable loss of property.",Joumol of Chandel district,25km,landslide,continuous_rain,large,deforested_slope,21.0,0.0,,http://www.e-pao.org/galleries/images/News_Related/2015/08/Joumoul_20150803.jpg,,glc,7313.0,Myanmar [Burma],MM,Chin,44540.0,Mawlaik,36.1952,02/04/2016 01:42:00 AM,11/20/2017 03:17:00 PM,02/15/2018 03:51:00 PM,94.0396,24.1077
morungexpress,http://www.morungexpress.com/local/56264.html,2567,10/08/2010 12:00:00 AM,,"Phek, Manipur","Also in Phek, due to incessant rains over the last few weeks apart from the paddy fields, landslides/mudslides occurred at different places of the district head quarter town leading to the damage of houses and properties of the denizens. Several parts of the town face dangerous apprehensions if the rains continue in the same manner. The natural calamity scheme which prove futile to the genuine applicants for the last few years reminds the public leaders of the aggrieved farmers. ","Phek, Manipur",5km,complex,downpour,medium,unknown,0.0,,,,,glc,2567.0,India,IN,Manipur,15118.0,Phek,3.00511,04/01/2014 12:00:00 AM,11/20/2017 03:17:00 PM,02/15/2018 03:51:00 PM,94.4703,25.6633
thestatesman.net,http://www.thestatesman.net/page.news.php?clid=10&id=169368&usrsess=1,241,09/07/2007 12:00:00 AM,,"National Highway 31A between Rangpo and Tarkhola, in East Sikkim",over 18 places along road disrupted traffic and blocked areas,"National Highway 31A between Rangpo and Tarkhola, in East Sikkim",25km,landslide,rain,large,unknown,,,,,,glc,241.0,India,IN,,6133.0,Singtām,3.70067,04/01/2014 12:00:00 AM,11/20/2017 03:17:00 PM,02/15/2018 03:51:00 PM,88.4883,27.201
Fox News,http://www.foxnews.com/world/2012/06/27/landslides-kill-30-in-southern-bangladesh513572/,4430,06/24/2012 12:00:00 AM,,Cox's Bazar,"Landslides and floods caused by heavy monsoon rains killed at least 91 people in southern Bangladesh and many more were missing, the government said Wednesday.  At least 37 died in Cox's Bazar, 33 in neighboring Bandarban and another 21 in Chittagong, mostly in a series of landslides, the Disaster Management Ministry said. It said soldiers were joining the search for the missing. Three days of torrential rain in the region of small hills and forests dislodged huge chunks of earth which buried flimsy huts where families were sleeping late Tuesday and early Wednesday. Many homeless people live at the foot of the hills or close to them despite warnings from authorities.  Read more: http://www.foxnews.com/world/2012/06/27/landslides-kill-30-in-southern-bangladesh513572/#ixzz2HgIbeaxQ  Read more: http://www.foxnews.com/world/2012/06/27/landslides-kill-30-in-southern-bangladesh513572/#ixzz2HgIT0LvN",Cox's Bazar,unknown,landslide,downpour,large,unknown,41.0,,,,,glc,4430.0,Bangladesh,BD,Chittagong,253788.0,Cox’s Bāzār,4.36333,04/01/2014 12:00:00 AM,11/20/2017 03:17:00 PM,02/15/2018 03:51:00 PM,92.01072983,21.38070054
Hindu,https://web.archive.org/web/20110722180056/http://www.thehindu.com/news/states/other-states/article2276615.ece,3794,07/17/2011 12:00:00 AM,,West Bengal-Sikkim at highway Rambi,"The ongoing monsoons have once again started to take its toll along NH-31A, with various places along the West Bengal-Sikkim highway being blocked because of landslides, police said.  After closing down the highway for over 12 hours at Rambi in the West Bengal side on June 17, the rains have once again disrupted traffic along the highway since Tuesday.  “The highway is blocked at a place around 200 meters from Teesta Bridge towards Siliguri. The spot which is near the Shiv Mandir at the infamous Likhey Bhir is informed to have lost a section of the road due to heavy rains,” Janmukti Chalak Mahasangh’s (JCM) president Milan Pradhan said.  The section of the road broke down at around mid-night on Tuesday after which traffic came to a standstill with vehicles on either side returning back to their destinations or taking alternative routes via Darjeeling, Kurseong or Mirik, police said.  Drivers are also taking the route via Kalimpong-Lava-Gurubathan and Damdim and entering Siliguri throug",West Bengal-Sikkim at highway Rambi,5km,landslide,rain,medium,above_road,,,,,,glc,3794.0,India,IN,Sikkim,3596.0,Jorethang,4.44389,04/01/2014 12:00:00 AM,11/20/2017 03:17:00 PM,02/15/2018 03:51:00 PM,88.42280921,26.99195749
Assam Tribune,http://www.assamtribune.com/scripts/detailsnew.asp?id=sep2414/at051,6285,09/22/2014 12:00:00 AM,,VIP Road,A portion of VIP Road was blocked due to landslide,VIP Road,5km,landslide,rain,small,above_road,0.0,0.0,,,,glc,6285.0,India,IN,Assam,2000.0,Dispur,3.10164,10/21/2014 03:25:00 PM,11/20/2017 03:17:00 PM,02/15/2018 03:51:00 PM,91.8178,26.159
in.reuters,http://in.reuters.com/article/topNews/idINIndia-36198420081029,868,10/29/2008 12:00:00 AM,,"Kamrup, and Sonitpur, Assam","flooding and landslides, Floods and landslides caused by heavy rains over the last three days have killed at least seven people and displaced thousands more in the northeastern states of India","Kamrup, and Sonitpur, Assam",50km,landslide,downpour,medium,unknown,7.0,,,,,glc,868.0,India,IN,Assam,48824.0,Barpeta,24.35615,04/01/2014 12:00:00 AM,11/20/2017 03:17:00 PM,02/15/2018 03:51:00 PM,91.25,26.3333
www.nagalandpost.com,http://www.nagalandpost.com/ChannelNews/State/StateNews.aspx?news=TkVXUzEwMDA0MDQ4MQ%3D%3D-gEvw8J4DIOI%3D,5005,07/01/2013 12:00:00 AM,,"Walo Ward, Mon Town, Wokha District, Nagaland","Six houses have been damaged by landslide at Walo ward of Mon town. According to an official bulletin, the incident took place on July 1. In order to take note of the situation, the district administration led by deputy commissioner, Mon, Angau I Thou, SDO Civil Mon Sadar, Keyirangding Hgui and DBs visited the affected side and inspected the damaged area on July 2. After interacting with the people, the deputy commissioner announced to release Rs. 5000/- each as an immediate relief to the affected families. ÒIf heavy rain continues, more landslides are likely to occur in the area because there are many cracks in the earth due to unstable soilÓ, added the official bulletin. ","Walo Ward, Mon Town, Wokha District, Nagaland",5km,landslide,downpour,medium,unknown,0.0,,,,,glc,5005.0,India,IN,Nāgāland,18742.0,Mon,3.41152,04/01/2014 12:00:00 AM,11/20/2017 03:17:00 PM,02/15/2018 03:51:00 PM,95.029,26.72
kanglaonline.com,http://kanglaonline.com/2011/07/works-minister-visits-landslide-hit-maram-stretch-of-nh2/,3860,07/29/2011 12:00:00 AM,,"Maram, Manipur","IMPHAL July 29: Several external factors are severely hindering the progress of road repair works being undertaken at the landslide affected area of Maram in Senapati and other developmental works being undertaken along the National Highway, stated works minister K Ranjit after a personal inspection tour of landslide affected area of Maram in Senapati.  Deliberating on the issue faced by the officials and personnel working at the sites, he told media persons accompanying hin that there have been several reported incidents of monetary demands on the officials made by anti-social individuals besides threatening and afflicting physical harms to the labourers working at the Maram landslide area.  Further elaborating, minister K Ranjit stated that the Border Road Organization has been controlling the renovation and repairing of the 27 kms long stretch from Mao to Maram in Senapati for the past 40 years, however considering the failure of the BRO to maintained the highway which is also the m","Maram, Manipur",10km,landslide,rain,medium,unknown,0.0,,,,,glc,3860.0,India,IN,Nāgāland,92113.0,Kohima,28.30317,04/01/2014 12:00:00 AM,11/20/2017 03:17:00 PM,02/15/2018 03:51:00 PM,94.108,25.4192
articles.timesofindia.indiatimes.com,http://articles.timesofindia.indiatimes.com/2013-09-10/india/41936154_1_east-and-north-sikkim-chungthang-gangtok,5476,09/07/2013 03:00:00 PM,,14 Milestone Of J N Marg Near Kyangnosola (East Sikkim),"The Army launched massive rescue operations in east and north Sikkim since Saturday and rescued 40 stranded tourists and several injured workers of an engineering firm caught in landslides. While the tourists were on their way to Nathu La, the engineering firm was based in Chungthang. ""Around 3pm on Saturday, a massive landslide occurred at 14 Milestone of J N Marg near Kyangnosola (East Sikkim). A convoy of 11 vehicles ferrying 40 tourists to Nathu La were stranded in rain and bad weather. The group comprised five small children and 11 women. On receiving an alert, the Army swung into action and escorted the tourists to safety at the nearest camp. There, they were made comfortable. Milk was arranged for the children. They were also provided with bedding, blankets and medical aid to tide over the harsh weather during the night,"" said Gr Capt T K Singha, CPRO, Ministry of Defence, Kolkata. The following day, the landslides were cleared by the Border Roads personnel and the tourists we",14 Milestone Of J N Marg Near Kyangnosola (East Sikkim),25km,landslide,rain,medium,unknown,0.0,,,,,glc,5476.0,India,IN,Sikkim,30700.0,Gangtok,13.01721,04/01/2014 12:00:00 AM,11/20/2017 03:17:00 PM,02/15/2018 03:51:00 PM,88.7323,27.3736
headlinesindia,http://www.headlinesindia.com/natural-disasters/flood/darjeeling-landslide-toll-reaches-27-12747.html,1032,05/26/2009 12:00:00 AM,,"Rangiabong (Jorbungalow), Darjeeling, West Bengal","With the recovery of three more bodies, the toll in the landslides in West Bengal's hill district of Darjeeling due to Cyclone Aila has risen to 27, police said today.   ""We have recovered three bodies from the debris at Rangiabong under Jorbungalow police station area this (Thursday) morning. One of the bodies has been identified as Pramila Rai, 68,"" a senior official of the Jorbungalow police station said.   He said the teams of Natural Disaster Management Authority have started rescue operations in the cyclone-hit areas.   Meanwhile, state Home Secretary Ardhendu Sen reached Darjeeling Thursday morning to hold meetings with the district administration. He is likely to visit the landslide-affected zones and will also survey the situation there.   ""Search operations are on in some areas as at least four people are still missing from the Darjeeling district after the cyclonic storm,"" the police officer said.   According to district administration sources, 14 bodies were found in ar","Rangiabong (Jorbungalow), Darjeeling, West Bengal",5km,landslide,tropical_cyclone,medium,unknown,6.0,,Cyclone Aila,,,glc,1032.0,India,IN,Bengal,123797.0,Dārjiling,2.7428,04/01/2014 12:00:00 AM,11/20/2017 03:17:00 PM,02/15/2018 03:51:00 PM,88.2592,27.0095
prokerala,http://www.prokerala.com/news/articles/a75292.html,1127,08/27/2009 12:00:00 AM,,between Mahur and Phaiding railway stations on Barail hills (Mahur and Barail hills located),"The landslides, triggered by torrential rains, took place between Mahur and Phaiding railway stations. The landslides and rock slips damaged the tracks extensively. A 100-metre stretch of track between Mahur and Phaiding had gone under the mud and soil that came down the Barail hills.",between Mahur and Phaiding railway stations on Barail hills (Mahur and Barail hills located),10km,landslide,downpour,medium,unknown,,,,,,glc,1127.0,India,IN,Assam,7176.0,Mahur,1.57696,04/01/2014 12:00:00 AM,11/20/2017 03:17:00 PM,02/15/2018 03:51:00 PM,93.123,25.1718
ExpressIndia,http://cities.expressindia.com/fullstory.php?newsid=254038,221,08/31/2007 12:00:00 AM,,between Bally Halt and Rajchandrapur stations in Kolkata,"blocked railway, 8 feet deep and occurred at 4:40am",between Bally Halt and Rajchandrapur stations in Kolkata,10km,landslide,rain,medium,unknown,,,,,,glc,221.0,India,IN,Bengal,296973.0,Bāli,0.28925,04/01/2014 12:00:00 AM,11/20/2017 03:17:00 PM,02/15/2018 03:51:00 PM,88.3403,22.6461
congoo,http://www.congoo.com/news/2012September14/Mudslide-crushes-land-cruiser,4549,09/14/2012 12:00:00 AM,,"Lamperi, Punakha,","The land cruiser was buried by the slide Lamperi, Punakha:  A mudslide near Lamperi, Punakha, crushed a Land Cruiser, while it was trying to cross the area around 4:20pm yesterday. The car was at the front of hundreds of vehicles from Thimphu that were stranded at the slide, following a heavy downp..","Lamperi, Punakha,",5km,landslide,downpour,medium,unknown,,,,,,glc,4549.0,Bhutan,BT,Thimphu,98676.0,Thimphu,11.97367,04/01/2014 12:00:00 AM,11/20/2017 03:17:00 PM,02/15/2018 03:51:00 PM,89.7466,27.5205
beacononline.wordpress,http://beacononline.wordpress.com/2009/08/21/darjeeling-hillssikkim-landslides-claim-five-in-hills/,1107,08/20/2009 12:00:00 AM,,"Geetkolbong, Kalimpong sub-division, Darjeeling, West Bengal",Four-years-old Ashish Rai of Geetkolbong in Kalimpong sub-division was also killed by the landslide in that area.,"Geetkolbong, Kalimpong sub-division, Darjeeling, West Bengal",25km,landslide,continuous_rain,medium,unknown,1.0,,,,,glc,1107.0,India,IN,Bengal,43000.0,Kālimpang,1.39876,04/01/2014 12:00:00 AM,11/20/2017 03:17:00 PM,02/15/2018 03:51:00 PM,88.4779,27.0736
indiavision,http://www.indiavision.com/news/article/national/88496/,2201,08/05/2010 12:00:00 AM,,"Darjeeling district, West Bengal, Toy Train route","Landslide in West Bengal's Darjeeling district caused the roads to cave in, which in turn severely damaged the narrow gauge track on which the famous Toy train runs. Massive landslide occurred due to heavy downpour on Thursday. The landslide has upset all road links from Siliguri to various other places in Darjeeling district such as the hill resort of Darjeeling, Kalimpong, Kurseong and Sukna.","Darjeeling district, West Bengal, Toy Train route",5km,landslide,downpour,medium,unknown,0.0,,,,,glc,2201.0,India,IN,Bengal,123797.0,Dārjiling,0.51321,04/01/2014 12:00:00 AM,11/20/2017 03:17:00 PM,02/15/2018 03:51:00 PM,88.263,27.0366
www.indiatvnews.com,http://www.indiatvnews.com/news/india/people-in-manipur-evacuate-due-to-landslides-volcanic-eruption-fear-baseless-29544.html,5603,10/13/2013 07:30:00 PM,,"Tusom, Manipur",Heavy rains have been lashing Tusom village of Ukhrul in Manipur for the past three days which resulted in a massive landslide here. Ukhrul district of Manipur lies close to the Indo-Myanmar border. Villagers immediately evacuated the area fearing volcanic eruptions after the massive landslide here. The mudslide was followed by eruption of black soil from a village hill by which the road linked between the districts headquarter and Tusom have been badly affected. Though this disaster took place on October 13 but it took several days for the villagers to inform the officials. A media team took two days to reach the spot due to disturbed connectivity between local areas. Some local media even wrongly reported the mudslide as volcanic eruptions.,"Tusom, Manipur",5km,mudslide,downpour,medium,unknown,0.0,,,,,glc,5603.0,India,IN,Manipur,15118.0,Phek,28.57853,04/01/2014 12:00:00 AM,11/20/2017 03:17:00 PM,02/15/2018 03:51:00 PM,94.6024,25.426
morungexpress,http://www.morungexpress.com/local/51540.html,2042,07/06/2010 12:00:00 AM,,"Zunheboto, Nagaland","Dimapur| July 12  : Yet another monsoon season in Nagaland and one has to batter bad roads.    This year’s monsoon has been the worse by far.  The scenario is no different inside the towns. A glimpse is all you need to notice the neglected state of roads in Zunheboto town. A fast growing town with increasing migration, the condition of roads in Zunheboto town is in total despair. The town wears the look of potholes, poor drainage system and shabby road repairs. With monsoon, the roads are a mess and there is not a patch of good road to spare in the main town. ","Zunheboto, Nagaland",5km,mudslide,monsoon,medium,unknown,0.0,,,,,glc,2042.0,India,IN,Nāgāland,29499.0,Zunheboto,4.77695,04/01/2014 12:00:00 AM,11/20/2017 03:17:00 PM,02/15/2018 03:51:00 PM,94.5238,26.0093
ibnlive.in.com,http://ibnlive.in.com/news/massive-landslide-in-arunachal-due-to-rainfall-2-districts-remain-cut-off/420409-3-229.html,5442,09/02/2013 12:00:00 AM,,Arunachal Pradesh,"With improvement in the weather, the water level of major rivers in Eastern Arunachal showed a receding trend even as West and Upper Siang districts in the state remained cut off due to massive landslides triggered by torrential rain. Chief Minister Nabam Tuki on Saturday undertook an aerial survey of the affected areas accompanied by Chief Secretary Hari Krishna and Secretary, Disaster Management, Kapa Kholie, officials said on Sunday. Reports had poured in of the Noa Dihing River rising over danger level and inundating portions of Dumpani and four other villages under Diyun circle in Changlang district. At least 13,246 people of eleven villages have been affected by the current wave of flood. Landing at Diyun, Tuki took first hand report of the situation from local Legislator C C Singpho and officials of the district administration, sources said. The swollen river has triggered landslides in at least seven villages while about 85 hectares have been submerged in five villages, they sa",Arunachal Pradesh,unknown,landslide,downpour,large,unknown,,,,,,glc,5442.0,India,IN,Arunāchal Pradesh,26912.0,Naharlagun,8.47346,04/01/2014 12:00:00 AM,11/20/2017 03:17:00 PM,02/15/2018 03:51:00 PM,93.7525,27.1614
Assam Times,http://www.assamtimes.org/node/14780,7933,09/01/2015 12:00:00 AM,,Maligaon,"The incessant rains that lashed Guwahati and its adjoining areas are likely to result in landslide soon. Local residents in Amingaon, Thirteenth Mile, Nineth Mile, Maligaon areas fear the tragic rerun of landslide incidents in near future. The district administration has yet to keep the denizens on alert in view of the incessant rains to be followed by massive landslide. Notably, a woman and her 2 year old daughter died a tragic death when a huge rock slipped into the hut where they were sleeping in Amingaon area on Tuesday wee hours.",Maligaon,1km,rock_fall,rain,medium,unknown,2.0,0.0,,,,glc,7933.0,India,IN,Assam,17516.0,North Guwāhāti,4.7809,06/30/2016 01:12:00 PM,11/20/2017 03:17:00 PM,02/15/2018 03:51:00 PM,91.6739,26.1868
Morung Express,https://web.archive.org/web/20110627132314/http://www.morungexpress.com/regional/67365.html,3637,06/21/2011 12:00:00 AM,,"Lasumi village in Phek district, Kohima","June 24 : A major landslide damaged a residential building including paddy fields at Lasumi village in Phek district on June 21 last, destroying properties and crops worth nearly Rs. 16 lakhs. The landslide carried away the whole residential building of Dipelo, G.B, Lasumi village, costing an estimated amount of Rs 4,07,000.   Besides damaging the residential building, about 30 households rice paddy fields where paddy transplantation already been done, also badly affected worth Rs 10,70,000. Meanwhile, the Zuketsa Area Public Organization (ZAPO) expressed its appreciation to the EAC Zuketsa, Police OC Khezhak committee, BDO Pfutsero, entire Lasumi villagers, neighbouring villages for coming forward to extend helping hand to retrieve the properties though it was not possible to rescue or take out anything.  ","Lasumi village in Phek district, Kohima",1km,landslide,rain,medium,deforested_slope,,,,,,glc,3637.0,India,IN,Nāgāland,92113.0,Kohima,0.50696,04/01/2014 12:00:00 AM,11/20/2017 03:17:00 PM,02/15/2018 03:51:00 PM,94.2341227,25.51614662
The Statesman,http://www.thestatesman.com/news/northeast/landslides-snap-siliguri-gangtok-road-link/70121.html,6965,06/17/2015 12:00:00 AM,,"National Highway 31A, Darjeeling Hills","Note: one article listed multiple landslides, unspecific. Following heavy rainfall in the Darjeeling hills, there were three landslides at three spots on National Highway 31A, considered the lifeline of Sikkim.","National Highway 31A, Darjeeling Hills",50km,landslide,downpour,small,unknown,0.0,0.0,,,,glc,6965.0,India,IN,West Bengal,43000.0,Kālimpang,5.85756,06/25/2015 07:40:00 PM,11/20/2017 03:17:00 PM,02/15/2018 03:51:00 PM,88.4301,27.0257
thehimalayantimes,http://www.thehimalayantimes.com/fullNews.php?headline=Landslide+kills+7+Nepali-speaking+people+in+Sikkim&NewsID=335265,4393,06/07/2012 12:00:00 AM,,"Nathang Maong, Sikkim","As many as seven Nepali-speaking people have been killed in the landslide induced by downpour at Nathang Maong region in Sikkim on Thursday night. The deceased have been identified as Tika Rai, Dil Man Rai, Madi Maya Rai, Mahendra Rai, Neha Rai, Chandra Kumar Rai, and Mohan Rai, Indian media reported. ","Nathang Maong, Sikkim",25km,landslide,downpour,large,unknown,7.0,,,,,glc,4393.0,India,IN,,1464.0,Mangan,29.42771,04/01/2014 12:00:00 AM,11/20/2017 03:17:00 PM,02/15/2018 03:51:00 PM,88.632,27.7565
e-pao.net,http://e-pao.net/GP.asp?src=17..250711.jul11,3837,07/24/2011 12:30:00 PM,,NH 37,"Mudslide blocks Imphal-Jiri Road Source: Hueiyen News Service  Imphal, July 24 2011: Apart from vast land agricultural areas of the state submerged under water, the incessant rain in the past few days has began to take its toll to the people of the state which in the most recent has blocked the Imphal-Jiri Highway near Barak River.  The mudslide which block the NH 37 between Barak River and Santi Khunou was occurred today afternoon at around 12.30 pm.  The huge mudslide which covered an area of more than 200 feet has totally blocked the NH 37 from Imphal to Jiri make it impossible for vehicles to ply along the highway.  According to BRTF officials, the clearing works of the mudslide will take at least two or three days depending on the weather condition.  Adding the woe of the BRTF officials in clearing the mudslide area is the incessant rain which still keeps pouring in the area.  In order to avoid any disturbances in the clearing work, BRTF officials appealed to the transporters and ",NH 37,50km,landslide,downpour,medium,unknown,0.0,,,,,glc,3837.0,India,IN,Assam,58851.0,Tezpur,21.03239,04/01/2014 12:00:00 AM,11/20/2017 03:17:00 PM,02/15/2018 03:51:00 PM,93.0038,26.5836
kanglaonline.com,http://www.kanglaonline.com/index.php?template=headline&newsid=39138&typeid=2,220,08/31/2007 12:00:00 AM,,"Velnal village, Tamei sub-division and Toribari village (3 kilometer toward Tamei from Kangpokpi)","multiple events occurring over 3 days, isolated 70 villages along IT roadway","Velnal village, Tamei sub-division and Toribari village (3 kilometer toward Tamei from Kangpokpi)",25km,landslide,rain,medium,unknown,,,,,,glc,220.0,India,IN,Manipur,223523.0,Imphal,36.09995,04/01/2014 12:00:00 AM,11/20/2017 03:17:00 PM,02/15/2018 03:51:00 PM,93.9667,25.1333
Newspost India.com,http://newspostindia.com/report-12963,212,08/26/2007 12:00:00 AM,,National Highway No 44 at Sonarpur in Meghalaya,"blocked road for several days, 2 days continuous rain, event occurred at 3:30pm",National Highway No 44 at Sonarpur in Meghalaya,unknown,complex,rain,medium,unknown,,,,,,glc,212.0,India,IN,Meghālaya,132842.0,Shillong,3.50078,04/01/2014 12:00:00 AM,11/20/2017 03:17:00 PM,02/15/2018 03:51:00 PM,91.8506,25.5576
E-PAO,http://e-pao.net/GP.asp?src=22..020815.aug15,7372,07/31/2015 11:00:00 PM,,Naga Gate along the Ukhrul-Imphal route,"Reports reaching here have said that massive landslides that occurred last night at several points like New Haven, Finch Corner, Nungshang Kong and Naga Gate along the Ukhrul-Imphal route have brought vehicular movements to a standstill since early morning on Saturday.",Naga Gate along the Ukhrul-Imphal route,10km,mudslide,continuous_rain,medium,above_road,0.0,0.0,,http://www.e-pao.org/galleries/images/News_Related/2015/08/Ukhrul_20150802.jpg,,glc,7372.0,India,IN,Manipur,223523.0,Imphal,49.09866,11/21/2015 01:34:00 AM,11/20/2017 03:17:00 PM,02/15/2018 03:51:00 PM,94.3415,25.0634
e-pao.net,http://e-pao.net/GP.asp?src=6..111010.oct10,2570,10/08/2010 12:00:00 AM,,"Tharon(?) and Langol Tarung villages, Thangmeiband constituency, Imphal, Manipur","On the other hand, landslides that occurred along the Langol foothill range following incessant rainfall during the last few days had affected residents of Tharon and Langol Tarung villages.  A team of Thangmeiband Assembly Constituency Development Forum (TACDF) Tribal Committee visited the affected sites to collect first hand report of the devastation and interacted with the affected families today.  Under the initiative of social worker Jyotin Waikhom, the Committee chairman Ajit Panmei handed over Rs 5000 to Amuba Golmei of Tharon village whose house was damaged by the landslide.  The team also visited the houses of Guanbilung Golmei, Dr Athui Gangmei and Chongpu Kom at Langol Tarung village, which have been partially damaged.","Tharon(?) and Langol Tarung villages, Thangmeiband constituency, Imphal, Manipur",5km,landslide,downpour,medium,unknown,0.0,,,,,glc,2570.0,India,IN,Manipur,223523.0,Imphal,4.5122,04/01/2014 12:00:00 AM,11/20/2017 03:17:00 PM,02/15/2018 03:51:00 PM,93.9128,24.837
thestatesman.net,http://www.thestatesman.net/page.news.php?clid=10&theme=&usrsess=1&id=162949,126,07/16/2007 12:00:00 AM,,Bardang near Singtam,closest to predicted location of Gauhati (336.70 km),Bardang near Singtam,25km,mudslide,rain,medium,unknown,,,,,,glc,126.0,India,IN,Sikkim,1147.0,Namchi,2.01104,04/01/2014 12:00:00 AM,11/20/2017 03:17:00 PM,02/15/2018 03:51:00 PM,88.38,27.1499
sikkimnews.blogspot,http://sikkimnews.blogspot.com/2009/09/landslides-at-4th-mile-disrupts-traffic.html,1168,09/17/2009 12:00:00 AM,,"4th Mile on road between Rongli, Rhenock and Rangpo in East Sikkim.","A massive landslide that occurred in the morning of September 17 at 4th Mile has completely disrupted the traffic movement between Rongli, Rhenock and Rangpo in East Sikkim. The entire stretch has been washed away by the landslide creating trouble for the commuters. ","4th Mile on road between Rongli, Rhenock and Rangpo in East Sikkim.",5km,landslide,rain,medium,unknown,,,,,,glc,1168.0,India,IN,Sikkim,4026.0,Rangpo,7.97646,04/01/2014 12:00:00 AM,11/20/2017 03:17:00 PM,02/15/2018 03:51:00 PM,88.6115,27.1954
ibnlive.in,http://ibnlive.in.com/generalnewsfeed/news/three-killed-in-landslides/758753.html,3806,07/19/2011 12:00:00 AM,,"Itanagar (one near Pachali power house, one near Heema Hospital, and one nearRomik Colony at P Sector)","Three killed in landslides PTI | 02:07 PM,Jul 19,2011  Itanagar, July 19 (PTI) Three persons including two minors were buried alive, while several others were seriously injured this morning when massive landslides triggered by torrential rain washed away several dwellings in and around the state capital, police sources said. A three-year-old girl died when landslide hit her house near Pachali power house while a 4 year boy died when his house caved in near Heema Hospital and one person was buried alive at Romik Colony at P Sector here this morning, city Superintendent of Police Chuku Appa said. Several injured people were admitted to hospitals here while conditions of a few are stated to be critical, the SP added. Incessant rain during the past couple of days triggered massive landslips today in several points along the NH 52 (A) disrupting surface communication between Itanagar to Banderdewa and Itanagar to Hollongi. The state PWD along with Border Road Task Force (BRTF) cleared all t","Itanagar (one near Pachali power house, one near Heema Hospital, and one nearRomik Colony at P Sector)",10km,landslide,downpour,medium,unknown,3.0,,,,,glc,3806.0,India,IN,Arunāchal Pradesh,26912.0,Naharlagun,0.6921,04/01/2014 12:00:00 AM,11/20/2017 03:17:00 PM,02/15/2018 03:51:00 PM,93.6884,27.1032
Dhaka Tribune,http://www.dhakatribune.com/bangladesh/2015/aug/20/baby-killed-bandarban-landslide,7702,08/20/2015 12:00:00 AM,,New Gulshan area under sadar upazila in Bandarban,A baby boy has been killed and two others have been injured in a landslide in New Gulshan area under sadar upazila in Bandarban.,New Gulshan area under sadar upazila in Bandarban,25km,landslide,rain,medium,unknown,1.0,2.0,,http://www.thedailystar.net/sites/default/files/styles/very_big_1/public/feature/images/landslide_1.jpg,,,,,,,,,,05/19/2016 03:38:00 PM,11/20/2017 03:17:00 PM,02/15/2018 03:51:00 PM,92.1868,22.2092
buzzg.com,http://buzzg.com/news/heavy-rainfall-triggers-landslide-blocks-traffic-on-nh-55.html,2214,08/06/2010 12:00:00 AM,,Dārjiling : The traffic along the National Highway 55 was disrupted on Friday following a heavy rainfall that triggered landslide in the Darjeeling H*,"The traffic along the National Highway 55 was disrupted on Friday following a heavy rainfall that triggered landslide in the Darjeeling Hills valley region. The landslide blocked all road links from Siliguri in the foothills to various other places in Darjeeling District. No human casualties, were, however, reported from Gayabari village, where the landslide caused extensive damage. “The trends of landslide are very dangerous here. We have 15 households here and all of them have been shifted to the Jawahar Jyoti Primary School nearby due to fear of further landslides,” said Dhan Bahadur Pradhan, a local resident of Gayabari.",,25km,landslide,downpour,medium,unknown,0.0,,,,,glc,2214.0,India,IN,Bengal,123797.0,Dārjiling,0.60669,04/01/2014 12:00:00 AM,11/20/2017 03:17:00 PM,02/15/2018 03:51:00 PM,88.2627,27.0375
neinews,http://www.neinews.com/girl-dies-5-injured-in-city-l2-missing-trucks-trapped-in-borsora.html,2026,06/28/2010 12:00:00 AM,,"Borsorsa(?), West Khasi Hills, Meghalaya","Two missing, trucks under mud: The heavy downpour on Monday also caused heavy landslides at Borsorsa, West Khasi Hills, our Nongstoin Correspondent reports. 12 trucks and ten houses were swallowed by the mud and two persons were found missing. Some of the trucks have been recovered while some others are still trapped in the hill of mud. Authorities said the rescue operation was still on and actual report of the casualties is not yet clear.","Borsorsa(?), West Khasi Hills, Meghalaya",50km,landslide,downpour,medium,unknown,0.0,,,,,glc,2026.0,India,IN,Meghālaya,25758.0,Nongstoin,2.70765,04/01/2014 12:00:00 AM,11/20/2017 03:17:00 PM,02/15/2018 03:51:00 PM,91.2698,25.4916
IBN,http://ibnlive.in.com/generalnewsfeed/news/five-killed-in-landslides-in-sikkim/801295.html,3943,08/23/2011 12:00:00 AM,,"Samathang, Sikkim","Five persons including two minors were killed in two separate landslides incident in West Sikkim district, official sources said today. A cloud burst triggered a massive landslide at Samathang village, near Malbasey in West Sikkim in which three members of a family including two children were killed midnight last night, the sources said. Nirmaya Chettri (36) and her two daughters - Manju (16) and Anju (6) were killed while her husband Pratab Chettri was injured when the landslide destroyed their house, they said. In the second landslide incident two persons - Santa Bir Majhi and Sarki Maji working as casual labourers at a private construction site at Hee-Khola in West district were killed on the spot when loose muck from the construction site buried them in the site today, the sources said.","Samathang, Sikkim",10km,landslide,downpour,medium,unknown,5.0,,,,,glc,3943.0,India,IN,,1464.0,Mangan,27.20627,04/01/2014 12:00:00 AM,11/20/2017 03:17:00 PM,02/15/2018 03:51:00 PM,88.22551799,27.13862165
morungexpress,http://www.morungexpress.com/regional/1615.html,714,08/14/2008 12:00:00 AM,,"Kimin-Ziro road in Papum Pare district, road between Doimukh and Sagalee, Doimukh-Hoj road; Arunachal Pradesh",landslides triggered in various parts of Arunachal Pradesh,"Kimin-Ziro road in Papum Pare district, road between Doimukh and Sagalee, Doimukh-Hoj road; Arunachal Pradesh",50km,landslide,rain,medium,unknown,,,,,,glc,714.0,India,IN,Assam,59841.0,North Lakhimpur,13.00939,04/01/2014 12:00:00 AM,11/20/2017 03:17:00 PM,02/15/2018 03:51:00 PM,94.0,27.163
Assam Times,http://www.assamtimes.org/node/11181,6110,06/27/2014 12:00:00 AM,,"Bhangagarh, Assam","Over 50 people had a narrow escape in Guwahati when 13 houses collapsed in landslide on Saturday. The incident took place in the morning at Kharghuli hilltop where 13 houses were damaged in landslide. The people inside the houses, who were remaining alert, however, managed to escape the tragedy. The incident took place 24 hours after three persons of a family died in landslide in Bhangagarh area.","Bhangagarh, Assam",exact,landslide,rain,small,unknown,3.0,0.0,,,,glc,6110.0,India,IN,Assam,899094.0,Guwahati,3.44859,08/24/2014 12:00:00 AM,11/20/2017 03:17:00 PM,02/15/2018 03:51:00 PM,91.7697,26.1619
kanglaonline.com,http://www.kanglaonline.com/index.php?template=headline&newsid=39218&typeid=2,247,09/08/2007 12:00:00 AM,,"Lower Shajouba village near Tadubi along NH 39, Manipur ","occurred along NH 39, unsure of exact location","Lower Shajouba village near Tadubi along NH 39, Manipur ",50km,landslide,rain,medium,unknown,,,,,,glc,247.0,India,IN,Manipur,223523.0,Imphal,28.2961,04/01/2014 12:00:00 AM,11/20/2017 03:17:00 PM,02/15/2018 03:51:00 PM,93.9877,25.0604
zeenews.india,http://zeenews.india.com/news/assam/road-between-silchar-guwahati-disrupted_781633.html,4407,06/13/2012 12:00:00 AM,,"NH44, Malidhor area,  Baleswar","Road communication between Guwahati and Silchar has been disrupted following landslides due to heavy rainfall at five places, official sources said here on Wednesday.  Landslides occurred at five places between Malidhor and Kuliang area at Baleswar near Meghalaya on NH 44 since last evening due to which vehicles, including night buses, were stranded. ","NH44, Malidhor area,  Baleswar",50km,landslide,downpour,medium,unknown,,,,,,glc,4407.0,India,IN,Assam,55290.0,Karīmganj,25.02475,04/01/2014 12:00:00 AM,11/20/2017 03:17:00 PM,02/15/2018 03:51:00 PM,92.3567,25.0951
Kuensel Newspaper online,http://www.kuenselonline.com/modules.php?name=News&file=article&sid=9050,239,09/07/2007 12:00:00 AM,,eight kilometres from Chukha dzong,"occurred at 7:30 in the morning, landslide hit camp of people most of who were gone to work",eight kilometres from Chukha dzong,10km,landslide,rain,medium,unknown,2.0,,,,,glc,239.0,Bhutan,BT,Chhukha,2855.0,Tsimasham,5.89082,04/01/2014 12:00:00 AM,11/20/2017 03:17:00 PM,02/15/2018 03:51:00 PM,89.5833,27.0667
english.samaylive,http://english.samaylive.com/regional-news/others-news/676490549/flash-floods-in-arunachal-pradesh.html,3789,07/16/2011 12:00:00 AM,,Mebua (8 km from Seppa),"Landslides triggered by torrential rain during the past couple of days have thrown life out of gear in many parts of Arunachal Pradesh disrupting surface communication and water supply.    The Bameng-Chayang Tajo road in East Kameng district has been snapped by flash-floods cutting off both the circles from the rest of the district.        Due to landslides, blockages have been reported at Mebua, some 8 kms off Seppa, the district headquarters.Official sources said today that many small streams in the area have swelled and are dangerously flowing above danger levels and have swept away many culverts along the Bameng -Chayang Tajo road.     Many vehicles from Bameng to Seppa were left stranded at Pachi following the situation.Movement of vehicles on the Seppa- Bameng-Chayang Tajo circuit had to be suspended temporarily, the sources said. ",Mebua (8 km from Seppa),10km,landslide,downpour,medium,unknown,0.0,,,,,glc,3789.0,India,IN,Arunāchal Pradesh,7121.0,Bomdila,47.70679,04/01/2014 12:00:00 AM,11/20/2017 03:17:00 PM,02/15/2018 03:51:00 PM,92.9064,27.2743
Hindu,http://www.thehindu.com/news/national/other-states/life-remains-hit-in-darjeeling-hills/article9222389.ece,9618,10/15/2016 12:00:00 AM,,Kalijhora,"Senior officials of Alipurduar and Darjeeling Hills district said with boulders still blocking the road at Kalijhora and Raktikhola, vehicles were being diverted through Panighata via Hillcart Road even though some parts of the road was in bad shape.",Kalijhora,1km,rock_fall,downpour,small,above_road,0.0,0.0,,,,glc,9618.0,India,IN,West Bengal,43000.0,Kālimpong,15.33643,10/19/2016 12:59:00 PM,11/20/2017 03:17:00 PM,02/15/2018 03:51:00 PM,88.4486,26.9343
The Irrawaddy,http://www.irrawaddy.com/burma/at-least-a-dozen-missing-in-latest-hpakant-landslide.html,9245,01/25/2016 12:00:00 AM,,Hpakan,"At least a dozen gems prospectors are missing after a fresh landslide on Monday in Kachin State’s Hpakant jade mining region, the latest in a series of deadly incidents.  According to a local on the scene, two piles of mining waste located between Suttaung and Shansu villages collapsed on Monday afternoon while prospectors were sifting through soil in search of jade overlooked by the large companies that mine the area.  “About 100 prospectors were searching the gems residues there and suddenly the waste pile of Triple Three Company collapsed, and later another pile of Aung Hein Min [company] collapsed,” said Aung Lin, a local prospector who survived the collapse.  “We were a bit far from the collapsing area and we were able to run away to save our lives. But we can’t help others, and could only watch the collapse bury them alive,” he added.  According to local police, the number of missing people could not be confirmed on Tuesday morning and rescuers’ efforts to exhume the bodies are o",Hpakan,1km,landslide,mining,medium,mine,6.0,0.0,,,,glc,9245.0,Myanmar [Burma],MM,Kachin,90894.0,Myitkyina,113.90626,08/01/2016 02:17:00 PM,11/20/2017 03:17:00 PM,02/15/2018 03:51:00 PM,96.2946,25.6226
Deccan Herald,http://www.deccanherald.com/content/432481/landslide-guwahati-shillong-highway.html,6292,09/23/2014 12:00:00 AM,,Hatsingimari,"A child was killed in a landslide in Dhubri district’s Hatsingimari, while one person was electrocuted in Guwahati where a body floating on river Bharalu was also recovered, state government officials said.",Hatsingimari,5km,landslide,continuous_rain,small,unknown,1.0,0.0,,,,glc,6292.0,India,IN,Assam,31091.0,Mankāchar,21.45798,10/21/2014 06:01:00 PM,11/20/2017 03:17:00 PM,02/15/2018 03:51:00 PM,89.9032,25.7238
Landslide Blog,http://blogs.agu.org/landslideblog/2012/07/28/a-landslide-is-rapidly-destroying-a-world-heritage-site-in-india/,6783,07/19/2012 12:00:00 AM,,Tindharia railway maintenance shed,"Unfortunately, on 19th-20th July 2012, the Tindharia landslide reactivated considerably during a heavy monsoon rainstorm, and has now removed both a substantial section of track and started to damage the walls of the shed.  Save the Hills has an image of the site at the crown of the landslide:",Tindharia railway maintenance shed,exact,landslide,monsoon,medium,below_road,0.0,0.0,,http://blogs.agu.org/landslideblog/files/2012/07/12_07-DHR-5.jpg,,glc,6783.0,India,IN,West Bengal,46427.0,Kārsiyāng,6.71565,02/18/2015 11:18:00 PM,11/20/2017 03:17:00 PM,02/15/2018 03:51:00 PM,88.3373,26.8546
Telegraph India,http://www.telegraphindia.com/1080521/jsp/northeast/story_9297276.jsp,545,05/20/2008 12:00:00 AM,,"A Cachar District village, near village of Srinager, Assam",villagers were cutting soil/earth for a road,"A Cachar District village, near village of Srinager, Assam",50km,mudslide,mining,medium,unknown,5.0,,,,,glc,545.0,India,IN,Assam,152393.0,Silchar,17.99274,09/15/2014 03:47:00 PM,11/20/2017 03:17:00 PM,02/15/2018 03:51:00 PM,92.8411,24.9849
The Sangai Express,http://www.thesangaiexpress.com/page/items/54212/massive-landslide-along-maram-peren-road-downpour-creates-havoc-in-different-parts,7265,07/22/2015 12:00:00 AM,,Willong-Yangkhullen stretch,Torrential rain in the last many days has created havoc in many places of Senapati district.  Reports collected from different areas of the district said that massive landslide along the newly christened National Highway-102/A (Maram Peren road) has totally cut off villages in Willong and Yangkhullen circle.,Willong-Yangkhullen stretch,5km,landslide,continuous_rain,medium,above_road,0.0,0.0,,,,glc,7265.0,India,IN,Manipur,92113.0,Kohima,23.04185,07/23/2015 04:33:00 PM,11/20/2017 03:17:00 PM,02/15/2018 03:51:00 PM,93.9854,25.5007
mizoramexpress.com,http://mizoramexpress.com/index.php/2010/09/landslide-hits-taithu-village-22-people-escape-death/,2436,09/16/2010 03:00:00 AM,,"Taithu village, Churanchandpur district, Mizoram, Manipur","Sep 16, 2010  Rengkai: Landslide struck Taithu village in Churachandpur district of Manipur at around 3.00 AM on Thursday morning and sources said at least 22 people were inside the two houses that were completely destroyed. The village lies in a landslide-prone area and has witnessed several land slips in the past.  Earlier, sources said that at least 22 people were missing in the disaster. However, by 4.15 AM village elders who took a roll call said: “Luckily, no one was hurt in the incident. But the houses of Pu Remvel and Pu Rama were completely destroyed.”  Later, it was learnt that some of the youths were still awake when the landslide struck and they managed to alert their friends. “All of them somehow jumped out safely…some through the windows…some through the doors,” the source said.","Taithu village, Churanchandpur district, Mizoram, Manipur",5km,landslide,downpour,medium,unknown,0.0,,,,,glc,2436.0,India,IN,Mizoram,3962.0,Darlawn,38.37584,04/01/2014 12:00:00 AM,11/20/2017 03:17:00 PM,02/15/2018 03:51:00 PM,93.125,24.3069
E-PAO,http://e-pao.net/GP.asp?src=11..220815.aug15,7727,08/20/2015 06:00:00 PM,,between Phesama and Kuima in Nagaland,The situation has been worsened as another huge landslide occurred at the same place on Thursday at around 6 pm.,between Phesama and Kuima in Nagaland,5km,landslide,continuous_rain,medium,below_road,0.0,0.0,,http://www.nagalandpost.com/cms/newsimages/LCUAQPGXOFWSSAQYOWYK_resize.jpg,,glc,7727.0,India,IN,Nagaland,92113.0,Kohima,5.14863,05/27/2016 09:31:00 PM,11/20/2017 03:17:00 PM,02/15/2018 03:51:00 PM,94.1057,25.6263
kuenselonline,http://www.kuenselonline.com/modules.php?name=News&file=article&sid=11090,758,08/29/2008 12:00:00 AM,,"Dangapong, Shingkhar gewog in Zhemgang","washed away multiple rice paddies, 4 1/2 acres","Dangapong, Shingkhar gewog in Zhemgang",50km,mudslide,rain,medium,unknown,,,,,,glc,758.0,Bhutan,BT,Shemgang,852.0,Shemgang,23.24506,04/01/2014 12:00:00 AM,11/20/2017 03:17:00 PM,02/15/2018 03:51:00 PM,90.8,27.05
webindia123,http://news.webindia123.com/news/Articles/India/20150820/2664183.html,7334,08/18/2015 12:00:00 AM,,Arunachal Pradesh,"Tamil Nadu Chief Minister J Jayalalithaa today announced a solatium of Rs ten lakhs to the family of an armyman who died while involved in 'Operation Falcon' in Arunachal Pradesh on August 18. In a statement here, she said she was grieved to hear that armyman Subedar G Annamalai, hailing from Periyapalambakkam village in Vellore district, slipped and fell after evacuating his colleagues during a landslip. She said Annamalal, who was involved in wiring operations when the landslip occurred, rescued all his colleagues, but slipped and fell and suffered head injuries. He died on the spot. Expressing her heartfelt condolences to the bereaved family, Ms Jayalalithaa announced a solatium of Rs ten lakhs to the family.",Arunachal Pradesh,unknown,landslide,unknown,medium,unknown,1.0,0.0,,,,glc,7334.0,India,IN,Arunachal Pradesh,18425.0,Along,4.04762,08/21/2015 09:58:00 PM,11/20/2017 03:17:00 PM,02/15/2018 03:51:00 PM,94.7596,28.1737
One India News,http://news.oneindia.in/india/flood-landslides-in-arunachal-pradesh-1504142.html,6200,08/17/2014 12:00:00 AM,,Arunachal Pradesh/Itanagar,lat/long  27.086901	93.60861,Arunachal Pradesh/Itanagar,10km,landslide,downpour,large,unknown,0.0,0.0,,,,test,6200.0,India,IN,Arunachal Pradesh,44971.0,Itānagar,0.12577,09/08/2014 12:58:00 AM,11/20/2017 03:17:00 PM,02/15/2018 03:51:00 PM,93.6086,27.0869
The Daily Star,http://www.thedailystar.net/story.php?nid=51653,741,08/23/2008 04:00:00 PM,,Motijharna of Lalkhan Bazar,Witnesses said a large portion of Batali Hill fell down at around 4:00pm,Motijharna of Lalkhan Bazar,10km,landslide,downpour,medium,unknown,,,,,,glc,741.0,Bangladesh,BD,Chittagong,3920222.0,Chittagong,1.46523,09/15/2014 04:30:00 PM,11/20/2017 03:17:00 PM,02/15/2018 03:51:00 PM,91.8188,22.344
NDTV,http://www.ndtv.com/cities/darjeelings-toy-train-service-suspended-due-to-landslides-1474442,9617,10/15/2016 12:00:00 AM,,Zero near Kurseong,Boulders crashed on the railway tracks at Zero near Kurseong town.,Zero near Kurseong,5km,landslide,unknown,medium,above_road,0.0,0.0,,,,glc,9617.0,India,IN,West Bengal,46427.0,Kārsiyāng,0.65153,10/19/2016 12:49:00 PM,11/20/2017 03:17:00 PM,02/15/2018 03:51:00 PM,88.2796,26.888
Indian Express,http://indianexpress.com/article/india/india-others/several-houses-swept-away-in-mudslide-in-the-mizoram-town-of-phullen/,7778,08/26/2015 12:00:00 AM,,Phullen’s main road,"At least three houses have been swept away by a mudslide and several others vacated in a north-eastern Mizoram town, an official said Wednesday, the latest in several weather-related incidents that have damaged property and caused hardship in the remote state over the past one week.",Phullen’s main road,10km,mudslide,continuous_rain,medium,above_road,0.0,0.0,,,,glc,7778.0,India,IN,Mizoram,3962.0,Darlawn,22.71629,06/20/2016 05:38:00 PM,11/20/2017 03:17:00 PM,02/15/2018 03:51:00 PM,93.0514,23.8447
Zee News,http://zeenews.india.com/news/north-east/eight-die-of-landslide-in-east-khasi-hills_1474744.html,6290,09/23/2014 03:00:00 AM,,Mawbah under Mawprem area,"Eight persons including a pregnant woman were buried alive under the debris after a massive landslide occurred in Mawbah under Mawprem area in Meghalaya's East Khasi Hills District, officials said.",Mawbah under Mawprem area,5km,landslide,continuous_rain,small,urban,8.0,1.0,,,,glc,6290.0,India,IN,Meghalaya,132842.0,Shillong,1.8982,10/21/2014 05:21:00 PM,11/20/2017 03:17:00 PM,02/15/2018 03:51:00 PM,91.8666,25.5772
zeenews.india,http://zeenews.india.com/news/assam/road-between-silchar-guwahati-disrupted_781633.html,4408,06/13/2012 12:00:00 AM,,"NH44, Kuliang","Road communication between Guwahati and Silchar has been disrupted following landslides due to heavy rainfall at five places, official sources said here on Wednesday.  Landslides occurred at five places between Malidhor and Kuliang area at Baleswar near Meghalaya on NH 44 since last evening due to which vehicles, including night buses, were stranded. ","NH44, Kuliang",unknown,landslide,downpour,medium,unknown,,,,,,glc,4408.0,India,IN,Meghālaya,132842.0,Shillong,19.46712,04/01/2014 12:00:00 AM,11/20/2017 03:17:00 PM,02/15/2018 03:51:00 PM,92.0757,25.5498
thestatesman,,1110,08/20/2009 08:30:00 PM,,"Kurseong, Darjeeling, West Bengal","The landslides damaged a number of houses in the Kurseong sub-division. According to the Kurseong sub-division relief officer, Mrs Aasha Mukhia Lama, 70 houses were partially damaged in the Mirik municipal area.Two persons were killed and 10 others were injured following a series of landslides and flashfloods triggered by incessant rains in Sombaria and Daramdin in west Sikkim since last night. According to the SDO, Soreng, Mr Bhim Thatal, Puspa Mani Pradhan and Sameer Subba died on the spot when flashfloods washed at least 10 houses and claimed a dozen cattles at Sombaria at 8.30 p.m. last evening.","Kurseong, Darjeeling, West Bengal",10km,landslide,continuous_rain,medium,urban,,,,,,glc,1110.0,India,IN,Bengal,46427.0,Kārsiyāng,0.21657,04/01/2014 12:00:00 AM,11/20/2017 03:17:00 PM,02/15/2018 03:51:00 PM,88.28087032,26.88405686
thehindu,http://www.thehindu.com/news/national/article3537166.ece,4403,06/10/2012 12:00:00 AM,,"Imphal-Jiribam section of NH-37 , Manipur","Normal vehicular movement along Imphal-Jiribam section of NH-37 (former NH-53) has been disturbed Friday due to landslides at various places along the stretch of the highway in Tamenglong district.  Heavy rains in Tamenglong district of the state in the last few days has caused landslides last night, authorities said, adding that BRTF have pressed their workers to open the highway at the earliest.","Imphal-Jiribam section of NH-37 , Manipur",50km,landslide,downpour,very_large,unknown,,,,,,glc,4403.0,India,IN,Manipur,223523.0,Imphal,40.42735,04/01/2014 12:00:00 AM,11/20/2017 03:17:00 PM,02/15/2018 03:51:00 PM,93.5444,24.8142
sciencythoughts.blogspot.com,http://sciencythoughts.blogspot.com/2013/09/family-of-five-killed-by-landslide-in.html,5429,09/01/2013 06:00:00 PM,,Tamabong Village In Sikkim State,"A family of five were all killed by a landslide that struck their home in Tamabong village in Sikkim State, northeast India, on the evening of Sunday 1 September 2013. The incident reportedly happened following heavy rains; landslides are a common problem after severe weather events, as excess pore water pressure can overcome cohesion in soil and sediments, allowing them to flow like liquids",Tamabong Village In Sikkim State,50km,landslide,downpour,medium,unknown,5.0,,,,,glc,5429.0,India,IN,Sikkim,1147.0,Namchi,23.35047,04/01/2014 12:00:00 AM,11/20/2017 03:17:00 PM,02/15/2018 03:51:00 PM,88.2426,27.3425
Telegraph India,http://www.telegraphindia.com/1100727/jsp/northeast/story_12728199.jsp,2140,07/25/2010 12:00:00 AM,,"road between Halfong and Redzol(?) or Silchar, Assam",Landslides coupled with lack of maintenance have cut off road link between Haflong and Silchar.  The situation became worse after a few spells of heavy rainfall during the past week.,"road between Halfong and Redzol(?) or Silchar, Assam",25km,landslide,downpour,medium,unknown,0.0,,,,,glc,2140.0,India,IN,Assam,152393.0,Silchar,24.4132,04/01/2014 12:00:00 AM,11/20/2017 03:17:00 PM,02/15/2018 03:51:00 PM,92.801,25.0477
E-PAO,http://www.e-pao.net/GP.asp?src=21..210810.aug10,2243,08/13/2010 12:00:00 AM,,"NH-39 near Kohima Municipality Council(KMC) dumping ground, between Zubza(Sechu) and Kohima, Nagaland","Kohima cut off in both directions on NH 39 ... Imphal, August 20 2010: Landslides have occurred near the Kohima Municipality Council (KMC) dumping ground and its vicinity since a week ago.  Fresh landslides occurred again today.  Over 400 Manipur bound trucks are still stranded in the area.","NH-39 near Kohima Municipality Council(KMC) dumping ground, between Zubza(Sechu) and Kohima, Nagaland",5km,landslide,downpour,medium,mine,0.0,,,,,glc,2243.0,India,IN,Nāgāland,92113.0,Kohima,5.6985,04/01/2014 12:00:00 AM,11/20/2017 03:17:00 PM,02/15/2018 03:51:00 PM,94.04619681,25.70223725
The Indian Express,http://indianexpress.com/videos/news-video/darjeeling-landslide-takes-three-lives/,9074,07/20/2016 12:00:00 AM,,"Rimbik, Darjeeling, West Bengal state, India","At least three people died in a landslide in Rimbik area of Darjeeling on Wednesday. The state has been receiving heavy rains, triggering flash floods and landslides in several areas. The meteorological department has predicted more rainfall in the next 24 hours.","Rimbik, Darjeeling, West Bengal state, India",1km,landslide,downpour,large,natural_slope,3.0,0.0,,,,glc,9074.0,India,IN,West Bengal,1035.0,Naya Bāzār,13.24941,07/20/2016 04:19:00 PM,11/20/2017 03:17:00 PM,02/15/2018 03:51:00 PM,88.1069,27.1176
reliefweb,http://www.reliefweb.int/rw/rwb.nsf/db900sid/MUMA-8A35WJ?OpenDocument,2554,10/06/2010 10:00:00 PM,,"railroad between Bonchaung and Namhkam stations, Mandalay-Myitkyina railroad","Heavy rains on 6 and 7 October caused floods, landslides and damages on some parts of motor roads and railroads in some States and Regions.  Due to heavy rains, landslides occurred on the railroad between Bonchaung and Namhkam stations on Mandalay-Myitkyina railroad at 10 pm on 6 October.  Officials of Myanma Railways completed repair of the railroad section at 6 pm. Now, the trains regularly run on Mandalay-Myitkyina railroad. ","railroad between Bonchaung and Namhkam stations, Mandalay-Myitkyina railroad",unknown,landslide,downpour,medium,unknown,0.0,,,,,glc,2554.0,Myanmar [Burma],MM,Kachin,47920.0,Bhamo,49.3187,04/01/2014 12:00:00 AM,11/20/2017 03:17:00 PM,02/15/2018 03:51:00 PM,96.8566,23.9723
Nagaland Post,http://www.nagalandpost.com/channelnews/state/StateNews.aspx?news=TkVXUzEwMDA5ODM4NA%3D%3D,9142,06/14/2016 08:00:00 AM,,"lower Majakong Ward, Mokokchung, Nagaland, India","A landslide occurred early Tuesday morning due to incessant rain, at lower Majakong Ward, where, a 3 tier retaining wall had collapsed destroying the bathroom and damaging the building walls below. Hearing the news of the calamity, the personnel of the State Disater Response Force, Mokokchung, led by dist. comm, Civil Defence & Home Guards, Watilemba promptly responded and carried out safety measures and debris removal. According to dist. commandant, Civil Defence & Home Guards, Watilemba, said “in cases of natural calamities or manmade disasters, the district administration intimates the State Disaster Response Force and that the personnel are ever ready to respond”.  In such cases, one can also call the Toll Free Emergency Operation Center (EOC) No.913702291122, he added. Earlier, the district administration had verified the site of the slide.","lower Majakong Ward, Mokokchung, Nagaland, India",1km,landslide,continuous_rain,medium,retaining_wall,0.0,0.0,,http://www.nagalandpost.com/cms/newsimages/PGFCUAIPXTIQMMEWNGPI_resize.jpg,,glc,9142.0,India,IN,Nagaland,34021.0,Mokokchūng,0.94289,07/22/2016 08:56:00 PM,11/20/2017 03:17:00 PM,02/15/2018 03:51:00 PM,94.5247,26.3185
Two Circles,http://twocircles.net/2014jun27/8_killed_assam_landslides_electrocution.html#.U70ydPldU1L,6107,06/26/2014 11:00:00 PM,,Bamunimaidam,"At least eight people, including three members of a family, were killed here due to landslides and flash floods triggered by incessant rain since Thursday night, officials said Friday. Four persons were killed due to landslides in two places while another four died due to electrocution in four different locations, the officials said. Another person remained missing after he was washed away by the surging waters of the Bharalu river. ""Three members of a family Kanak Barman (45), Pratima Barman (12) and Tulasi Barman (8) lost their lives in a landslide that took place Thursday night in Narakasur area,"" said Rajib Prakash Baruah, deputy commissioner in-charge of Kamrup (Metro) district. He said another woman died in Bamunimaidam area due to landslide. Baruah said Bhaskarjyoti Das (48), Dinesh Das (55), Prafulla Das (46) and Suren Bharali (57) died due to electrocution.",Bamunimaidam,5km,landslide,continuous_rain,small,unknown,1.0,0.0,,,,glc,6107.0,India,IN,Assam,899094.0,Guwahati,4.37969,08/24/2014 12:00:00 AM,11/20/2017 03:17:00 PM,02/15/2018 03:51:00 PM,91.7896,26.1844
Dhaka Tribune,http://www.dhakatribune.com/bangladesh/2015/jun/27/11-dead-landslides-flashfloods,7003,06/27/2015 09:00:00 AM,,Ramu upazila,"In Cox’s Bazar, two people were killed in separate incidents of landslide at Ramu upazila in the morning.",Ramu upazila,25km,landslide,monsoon,small,unknown,1.0,0.0,,,,glc,7003.0,Bangladesh,BD,Chittagong,253788.0,Cox’s Bāzār,15.10994,06/30/2015 03:29:00 PM,11/20/2017 03:17:00 PM,02/15/2018 03:51:00 PM,92.1117,21.444
The Daily Star,http://www.thedailystar.net/newDesign/latest_news.php?nid=36323,4248,03/08/2012 08:30:00 AM,,"Andarghona village, Moheshkhali upazila, Cox’s Bazar","A man was killed and three were injured in a landslide in Moheshkhali upazila of Cox’s Bazar Thursday morning. On information, police recovered the body of Md Idris, 35, and sent it to Cox’s Bazar Sadar Hospital morgue for autopsy, reports a district correspondent. The three injured persons – Abdus Sabur, 45, Abu Shamad, 45, and Mohammad Ali, 38, –were admitted to the local upazila health complex. Police said a large chunk of earth fell on the workers from at least 10 feet above when they were working at a betel-leaf garden at the bottom of a hillock at Adharghona village around 8:30am.","Andarghona village, Moheshkhali upazila, Cox’s Bazar",5km,landslide,unknown,medium,unknown,1.0,,,,,glc,4248.0,Bangladesh,BD,Chittagong,253788.0,Cox’s Bāzār,7.34628,04/01/2014 12:00:00 AM,11/20/2017 03:17:00 PM,02/15/2018 03:51:00 PM,91.9696,21.5202
e-Pao.net,http://www.e-pao.net/GP.asp?src=Snipp7..120907.sep07,255,09/10/2007 12:00:00 AM,,Wamkhu village along the Tengnoupal-Joupi road in Chandel district,"50 meter stretch on road, timing is unknown but it blocked traffic",Wamkhu village along the Tengnoupal-Joupi road in Chandel district,25km,landslide,rain,medium,unknown,,,,,,glc,255.0,India,IN,Manipur,30418.0,Kakching,29.41705,04/01/2014 12:00:00 AM,11/20/2017 03:17:00 PM,02/15/2018 03:51:00 PM,94.0691,24.2451
Antara News,http://www.kuenselonline.com/modules.php?name=News&file=article&sid=15535,1882,05/20/2010 12:00:00 AM,,"Thimphu-Phuentsholing highway, at Takti, between Samtse and Punakha ","A government servant, who was returning to Samtse from Punakha on May 20, narrowly escaped a major mudslide and rolling boulders at Takti on the Thimphu-Phuentsholing highway.  Chukha dzongda Tshewang Rinzin described the roadblock as probably the biggest on the highway in recent years.  Kinley Dendup, who was travelling with his wife and two other passengers, had to jam his brakes to avoid being buried under the massive slide, and hit by boulders the size of Toyota prados, barely inches in front of his car. He turned back from Takti.  “People in vehicles behind my car thought I was going to be buried under the slide,” he said. “Mine was the first car to reach that ominous spot.”  Kinley Dendup, who reached Samtse yesterday, after the road was cleared briefly, before another major slide blocked the road yesterday following heavy rain, said he returned to Kamji to spend the night, where there was another major roadblock.  Dzongda Tshewang Rinzin said clearing the road at Takti required ","Thimphu-Phuentsholing highway, at Takti, between Samtse and Punakha ",50km,landslide,downpour,medium,above_road,,,,,,glc,1882.0,Bhutan,BT,Paro,2169.0,Paro,16.65656,04/01/2014 12:00:00 AM,11/20/2017 03:17:00 PM,02/15/2018 03:51:00 PM,89.5187916,27.21962595
Nagaland Post,http://www.nagalandpost.com/channelnews/State/StateNews.aspx?news=TkVXUzEwMDA4NDc2Mg%3D%3D,7660,08/12/2015 12:00:00 AM,,Phesama village,"Speaking to Nagaland Post after examining the soil at the mountain, senior geologist from Nagaland State Disaster Management Authority (NSDMA) home department, Kekhrie Zavi, said it was found that the soil contained a mixture of sand, clay and sticky mud type, which absorbed excess water and reduced soil’s grabbing capacity resulting in the continuous mudslide.",Phesama village,5km,mudslide,continuous_rain,medium,below_road,0.0,0.0,,http://www.nagalandpost.com/cms/newsimages/HKSYOEMCRGVHPPUGOTKX_resize.jpg,,glc,7660.0,India,IN,Nagaland,92113.0,Kohima,5.65674,04/28/2016 03:23:00 PM,11/20/2017 03:17:00 PM,02/15/2018 03:51:00 PM,94.1136,25.6237
The Times of India,http://timesofindia.indiatimes.com/india/Darjeeling-landslides-kill-20/articleshow/47891729.cms,7037,07/01/2015 12:00:00 AM,,Kurseong,"According to a report with boulders and rocks covering the main road in Kurseong, at Khahare Khola, the access to Siliguri via NH 55 is cut off.",Kurseong,5km,landslide,downpour,medium,unknown,0.0,0.0,,,,glc,7037.0,India,IN,West Bengal,46427.0,Kārsiyāng,0.17186,11/05/2015 02:27:00 PM,11/20/2017 03:17:00 PM,02/15/2018 03:51:00 PM,88.2779,26.8811
business-standard,http://www.business-standard.com/generalnews/news/landslides-block-several-roads-in-south-sikkim-district/57119/,4556,09/16/2012 12:00:00 AM,,"Namchi to Phongla, Namchi to Melli ,Namchi to Sumbuk","Landslides caused by heavy rainfall has blocked several roads in the South district of Sikkim, official sources said today. The road from Namchi to Phongla, Namchi to Melli and Namchi to Sumbuk were blocked due to landslides, as were the roads from Phongla to Bermiok and Phongla to Mamring.he road from Melli to Phongla and Melli to Sadam is also blocked while last night's downpour also affected road connectivity from Yangang to Ravangla, Yangang to Singtam and Yangang to Lingmoo.","Namchi to Phongla, Namchi to Melli ,Namchi to Sumbuk",5km,landslide,downpour,medium,unknown,,,,,,glc,4556.0,India,IN,Sikkim,1147.0,Namchi,0.52839,04/01/2014 12:00:00 AM,11/20/2017 03:17:00 PM,02/15/2018 03:51:00 PM,88.3651,27.1675
E-PAO,http://e-pao.net/GP.asp?src=1..020815.aug15,7389,08/01/2015 12:00:00 AM,,between Bongyang and Lokchao along the Imphal-Moreh highway,"Meanwhile, landslides also wreaked havoc in between Bongyang and Lokchao along the Imphal-Moreh highway and Tengnoupal-Sangshak road in Chandel district.",between Bongyang and Lokchao along the Imphal-Moreh highway,5km,landslide,continuous_rain,medium,above_road,0.0,0.0,,,,glc,7389.0,India,IN,Manipur,30418.0,Kakching,13.14385,12/14/2015 09:52:00 PM,11/20/2017 03:17:00 PM,02/15/2018 03:51:00 PM,94.0644,24.4072
mizoramexpress.com,http://mizoramexpress.com/index.php/2010/09/landslide-hits-aizawl-1-house-destroyed/,2437,09/16/2010 12:00:00 AM,,"Aizawl-Lengpui rd 3km from Aizawl, Mizoram, Manipur","Sep 19, 2010  Meanwhile, Aizawl-Lengpui road remained blocked for the third day because of massive landslide about 3 km away from Lengpui. According to information received from the Engineer in charge, intermittent rainfall and falling of rocks hampered the work.  It is expected to be restored for all types of vehicles tomorrow. Meanwhile the National Highway No. 54 also is blocked by heavy landslide near Rangvamual.","Aizawl-Lengpui rd 3km from Aizawl, Mizoram, Manipur",5km,landslide,downpour,medium,unknown,0.0,,,,,glc,2437.0,India,IN,Mizoram,265331.0,Aizawl,3.58713,04/01/2014 12:00:00 AM,11/20/2017 03:17:00 PM,02/15/2018 03:51:00 PM,92.694,23.7527
morungexpress,http://www.morungexpress.com/frontpage/1984.html,731,08/19/2008 12:00:00 AM,,"Akuk village, Wokha District, Nagaland",mudslide occurred in afternoon when men were paving a road between Mekokla village and Sanis town,"Akuk village, Wokha District, Nagaland",50km,mudslide,downpour,medium,unknown,4.0,,,,,glc,731.0,India,IN,Nāgāland,54010.0,Wokha,4.59727,09/12/2014 06:28:00 PM,11/20/2017 03:17:00 PM,02/15/2018 03:51:00 PM,94.25,26.138
E-PAO,http://e-pao.net/GP.asp?src=21..020815.aug15,7371,08/01/2015 12:00:00 AM,,near S Lamphei Lamkhai and Sehlon village,landslide near S Lamphei Lamkhai and Sehlon village had taken place,near S Lamphei Lamkhai and Sehlon village,50km,landslide,continuous_rain,medium,unknown,0.0,0.0,,,,glc,7371.0,India,IN,Manipur,44540.0,Mawlaik,52.61612,11/21/2015 01:13:00 AM,11/20/2017 03:17:00 PM,02/15/2018 03:51:00 PM,94.0573,23.9939
The New Indian Express,http://www.newindianexpress.com/nation/Woman-Child-Killed-in-Assam-Landslide/2015/09/01/article3005012.ece,7923,09/01/2015 12:00:00 AM,,Amingaon,"A mother and her child were killed in a landslide at Amingaon area of Kamrup (Rural) district of Assam this morning, police said.  NDRF personnel from the nearby Changsari camp rushed to the spot and recovered their bodies from under a stone.  The woman has been identified as Sumita Khaklary and the child as Rashmi Khaklary.  The landslide occurred following heavy rainfall for the past few days.  A district official said that construction was banned in Kalipahar area but encroachment was continuing.  The matter would be investigated, he said.",Amingaon,10km,landslide,rain,medium,unknown,2.0,0.0,,,,glc,7923.0,India,IN,Assam,26388.0,Rangia,16.56364,06/29/2016 06:46:00 PM,11/20/2017 03:17:00 PM,02/15/2018 03:51:00 PM,91.72137514,26.49349035
Google News,http://www.kuenselonline.com/modules.php?name=News&file=article&sid=16068,2067,07/13/2010 12:00:00 AM,,"near Takti, Thimphu-Phuentsholing highway","A couple travelling the Thimphu-Phuentsholing highway narrowly escaped being killed last morning, when falling boulders and a mudslide near Takti buried and crushed the Maruti van they were in.  “It happened within seconds,” said the wife, Yangka. “A huge boulder fell near the van and we couldn’t move front or back. We could see smaller stones rolling down; that was followed by a mudslide coming straight for the vehicle.”  Yangka said her husband quickly got out of the vehicle and yelled at her to come out. “I couldn’t open the door from my side, so I crawled out from the driver’s door,” she said. “I even left my slippers inside and we ran for our lives.”  They had barely reached a safer distance, when the mudslide and huge boulders already covered their vehicle. “The vehicle was barely visible,” Yangki said, adding that it only had third party insurance.","near Takti, Thimphu-Phuentsholing highway",25km,complex,downpour,medium,above_road,0.0,,,,,glc,2067.0,Bhutan,BT,Paro,2169.0,Paro,16.65656,04/01/2014 12:00:00 AM,11/20/2017 03:17:00 PM,02/15/2018 03:51:00 PM,89.51924545,27.21782272
www.thedailystar.net,http://www.thedailystar.net/beta2/news/child-killed-in-mudslide-in-coxs-bazar/,5001,06/30/2013 06:00:00 AM,,"Saikatpara Hill Area, Cox'S Bazar Municipality","A four-year-old child was killed and his mother injured in a landslide resulting from heavy rain at Saikatpara, hill area under CoxÕs Bazar municipality, yesterday. A chunk of earth fell on the Saikatpara house of Rezaul Karim a dawn, leaving his son Sakib and wife Taiyaba Begum seriously injured, police said.","Saikatpara Hill Area, Cox'S Bazar Municipality",1km,mudslide,downpour,medium,unknown,1.0,1.0,,,,glc,5001.0,Bangladesh,BD,Chittagong,32523.0,Bāndarban,36.36715,04/01/2014 12:00:00 AM,11/20/2017 03:17:00 PM,02/15/2018 03:51:00 PM,92.4951,21.9907
kanglaonline,http://www.kanglaonline.com/index.php?template=headline&newsid=43189&typeid=1,760,08/29/2008 12:00:00 AM,,"Kohima, Nagaland","several colonies have been affected by the landslides, mudslides and sinking due to the incessant rains in the state capital Kohima","Kohima, Nagaland",25km,complex,downpour,medium,unknown,,,,,,glc,760.0,India,IN,Nāgāland,92113.0,Kohima,0.67975,04/01/2014 12:00:00 AM,11/20/2017 03:17:00 PM,02/15/2018 03:51:00 PM,94.1066,25.67
youtube,http://www.youtube.com/watch?v=jHTtW2WaJGw,2182,07/31/2010 09:00:00 AM,,Dimapur-Imphal highway (NH 39) near Manipur,Heavy rains triggered a landslide along NH 30 near Imphal. The landslide blocked a 100 ft stretch of road and trucks and cars were stranded on either side. The landslide occurred in the morning. There has been significant deforestation in the area.,Dimapur-Imphal highway (NH 39) near Manipur,25km,landslide,rain,medium,unknown,0.0,,,,,glc,2182.0,India,IN,Manipur,223523.0,Imphal,17.36482,04/01/2014 12:00:00 AM,11/20/2017 03:17:00 PM,02/15/2018 03:51:00 PM,93.8443,24.9356
DY365,http://dy365.in/news_details.php?aID=6427&subC=2,10005,07/06/2017 07:39:00 PM,,Landslide crushes house,"Landslide following persistent heavy rainfall crushes house, family escapes unhurt","Beltola, Assam State-Meghalaya State border, India",10km,landslide,continuous_rain,medium,unknown,0.0,0.0,,http://www.dy365.in/images/medium/dy365_1499334111.jpg,,,,,,,,,,07/06/2017 07:39:00 PM,11/20/2017 03:17:00 PM,02/15/2018 03:51:00 PM,91.80317334,26.10973183
Telegraph India,http://www.telegraphindia.com/1110620/jsp/frontpage/story_14134589.jsp,3632,06/20/2011 08:30:00 PM,,"Birik on NH31A, Kalimpong","In Kalimpong town, power was disrupted from around 10.30am this morning. Despite the rains no major landslides were reported from across the hills. “There have been a number of small landslips in various places but no casualties have been reported till now,” said a district official. A landslide at Birik on NH31A around 8.30pm today cut off Sikkim’s only road link once more. The road had shut down on Friday night after boulders came tumbling down at the same spot, 40km from Rangpo in Kalimpong subdivision. It had reopened around noon yesterday.  ","Birik on NH31A, Kalimpong",5km,landslide,rain,medium,unknown,0.0,,,,,glc,3632.0,India,IN,Bengal,43000.0,Kālimpang,0.5091,04/01/2014 12:00:00 AM,11/20/2017 03:17:00 PM,02/15/2018 03:51:00 PM,88.4659,27.0638
The Daily Star,http://www.thedailystar.net/newDesign/latest_news.php?nid=24242,1976,06/15/2010 04:00:00 AM,,South Rahmater Bill village ,"Four members of a family died around 4:00am at South Rahmater Bill village while at the same time another person, son of Zafar Alam, died at the Dhamankhali village in Ukhia upazila in the landslides.",South Rahmater Bill village ,25km,landslide,downpour,medium,unknown,4.0,,,,,glc,1976.0,Bangladesh,BD,Chittagong,253788.0,Cox’s Bāzār,34.1929,04/01/2014 12:00:00 AM,11/20/2017 03:17:00 PM,02/15/2018 03:51:00 PM,92.19905362,21.23291114
e-pao.net,http://e-pao.net/GP.asp?src=3..100610.jun10,1954,06/07/2010 12:00:00 AM,,"Irang(?) and Barak(?) and Makru(?) on highway 53 between Imphal and Jiribam, Manipur","The Ministerial team led by Works Minister K Rajit, along with 450 loaded trucks carrying different commodities, arrived at Imphal after over-coming landslides in different parts of the National Highway 53 .  The team returned after inspecting the condition of National Highway 53.The team accompanied 850 loaded trucks which were stranded at different places on the highway due to landslides at Irang and different portions.  The Ministerial team left Jiribam in this morning on their return journey to Imphal with the loaded trucks stranded at Barak and Makru respectively. As per media report landslides triggered by heavy rains on 8th June 2010 along NH-53 at Irang, Awang Khul and at a spot located about 4 kms from Noney, near Irang, Manipur have suspended traffic along the highway. Around 50 mm rainfall was recorded at Imphal.","Irang(?) and Barak(?) and Makru(?) on highway 53 between Imphal and Jiribam, Manipur",50km,landslide,rain,medium,unknown,0.0,,,,,glc,1954.0,India,IN,Manipur,17103.0,Moirāng,39.73504,04/01/2014 12:00:00 AM,11/20/2017 03:17:00 PM,02/15/2018 03:51:00 PM,93.5039,24.7543
The Statesmen,http://www.thestatesman.com/news/northeast/27-graves-damaged-in-mizoram-landslide/70263.html,6963,06/19/2015 12:00:00 AM,,"Muanna locality, Mizoram",At least 27 graves of a cemetery were damaged in rain-triggered landslide,"Muanna locality, Mizoram",50km,landslide,rain,medium,natural_slope,0.0,0.0,,,,glc,6963.0,India,IN,Mizoram,265331.0,Aizawl,2.55543,06/25/2015 07:28:00 PM,11/20/2017 03:17:00 PM,02/15/2018 03:51:00 PM,92.7362,23.7131
www.morungexpress.com,http://www.morungexpress.com/local/103875.html,5336,08/16/2013 12:00:00 AM,,"Tobu, Nagaland","Besides massive mudslide near Yakshu field, multiple landslide/ mudslides along the Tobu road between 71 BRTF camp to Kimang river have occurred affecting the roads by washing away culverts and blocking the roads. All minor landslides/mudslides have been cleared by the BRTF. The landslide and mudslide have also affected many paddy fields of that area.","Tobu, Nagaland",10km,landslide,rain,medium,unknown,,,,,,glc,5336.0,India,IN,Nāgāland,33748.0,Tuensang,18.0996,04/01/2014 12:00:00 AM,11/20/2017 03:17:00 PM,02/15/2018 03:51:00 PM,94.9439,26.3897
nvs24,http://nvs24.com/news/topstories/Dozens-missing-in-Myanmar-landslide-4678643.html,9365,04/02/2016 12:00:00 AM,,Phar Kant Jade Mining,"a huge amount of mining debris collapsed, engulfing the homes of some miners.It is unclear what triggered the landslide in the region",Phar Kant Jade Mining,10km,landslide,unknown,large,unknown,104.0,100.0,,,,glc,9365.0,Myanmar [Burma],MM,Kachin,90894.0,Myitkyina,114.45467,08/03/2016 04:22:00 PM,11/20/2017 03:17:00 PM,02/15/2018 03:51:00 PM,96.2887,25.6219
International Business Times,http://www.ibtimes.co.in/meghalaya-massive-landslide-east-jaintia-hills-flash-floods-shillong-hit-normal-life-643439,7590,08/19/2015 12:00:00 AM,,Tongseng,"Minor landslides were also reported in Tongseng, Ratacherra and Dona areas.",Tongseng,5km,landslide,rain,small,unknown,0.0,0.0,,,,glc,7590.0,India,IN,Meghalaya,55290.0,Karīmganj,30.27913,03/24/2016 12:52:00 AM,11/20/2017 03:17:00 PM,02/15/2018 03:51:00 PM,92.3807,25.1416
Dhaka Tribune,http://www.dhakatribune.com/bangladesh/2015/apr/19/mud-slide-kills-2-chapainawabganj,7134,04/19/2015 09:00:00 AM,,Ujirpur barrage 3 under Shibchar upazila in Chapainawabganj,"At a stage, the mud from nearby dam slided on them. Later, the locals recovered their bodies from under the mud",Ujirpur barrage 3 under Shibchar upazila in Chapainawabganj,25km,mudslide,dam_embankment_collapse,small,above_river,2.0,0.0,,,,glc,7134.0,Bangladesh,BD,Rājshāhi,142361.0,Nawābganj,9.97116,07/10/2015 03:16:00 PM,11/20/2017 03:17:00 PM,02/15/2018 03:51:00 PM,88.1825,24.5582
ptinews,http://www.ptinews.com/news/316483_Three-killed--ten-injured-in-Mizoram-landslide,1222,10/05/2009 12:00:00 AM,,"Chhinga Veng, Aizawl","Three persons, including a five-year-old girl, were killed and ten others injured when a massive landslide triggered by rains swept away a building at Chhinga Veng locality here, police said. Besides a five-year-old girl, her grandmother and a 23-year-old woman were also killed when the building, occupied by four families, collapsed and swept away by the landslide, they said.","Chhinga Veng, Aizawl",5km,landslide,downpour,medium,urban,3.0,,,,,glc,1222.0,India,IN,Mizoram,265331.0,Aizawl,0.93904,04/01/2014 12:00:00 AM,11/20/2017 03:17:00 PM,02/15/2018 03:51:00 PM,92.72124394,23.73478778
NYOOOZ,http://www.nyoooz.com/guwahati/515423/woman-killed-in-wall-collapse-after-landslide-in-guwahati,8222,06/22/2016 12:00:00 PM,,"Piyali Phukan Nagar, Guwahati, India","A woman was buried alive in Piyali Phukan Nagar in the city when the guard wall of her house collapsed after a landslide. No one else from her family was injured.The rescue official said Rukia's house was located just on the edge of a hill. ""After almost three hours of wroking through the debris, Rukia's body was found,"" an official of the rescue team said. The victim was identified as Rukia Khatun.The incident occurred around noon on Wednesday.Though an operation to extricate her began soon, she could not be saved. Around 120 families have been relocated and more than 50 others have been asked to shift.","Piyali Phukan Nagar, Guwahati, India",5km,mudslide,downpour,medium,natural_slope,1.0,0.0,,http://timesofindia.indiatimes.com/photo/52879646.cms,,glc,8222.0,India,IN,Assam,899094.0,Guwahati,3.88766,07/05/2016 02:46:00 PM,11/20/2017 03:17:00 PM,02/15/2018 03:51:00 PM,91.7825,26.1961
Assam Times,http://www.assamtimes.org/node/14622,7706,08/19/2015 12:00:00 AM,,National Highway at Kuliang,"More landslide has complicated the surface communication in Ratachora, Tansen and Kuliang keeping a major portion of the National Highway blocked.",National Highway at Kuliang,5km,landslide,rain,medium,above_road,0.0,0.0,,,,glc,7706.0,India,IN,Meghalaya,55290.0,Karīmganj,22.56409,05/13/2016 01:41:00 AM,11/20/2017 03:17:00 PM,02/15/2018 03:51:00 PM,92.3636,25.0728
Hindustan Times,http://www.hindustantimes.com/india/several-feared-buried-under-landslide-near-bengal-sikkim-border/story-1f7Ni6EagU54nghtFD9otO.html,9215,01/14/2016 05:15:00 AM,,NH10 in Rangpo,"An unspecified number of people are feared trapped after a large piece of rock, estimated to measure about 150 metres, broke off a hillock and crashed down on a stretch of the national highway connecting Sikkim with Bengal. One body was recovered and three injured persons were rescued had been rescued till 8.30 am, officials said. “Three persons have been rescued including two boys. A body of a truck driver has been recovered. It is suspected that two more may be trapped in the debris. Rescue teams are working,” said the Amit P Javalgig, the district police superintendent. The incident happened between 5 am and 5:30 am on Thursday. It was not possible to ascertain immediately how many vehicles or people might be buried under the landslide which took place at Bhotebhir on NH10, about 1 km from Rangpo which marks the Bengal-Sikkim border. It is 75 km from Siliguri in West Bengal. NH10 is the only major road that connects Sikkim with the rest of the country and all movement of tourists, m",NH10 in Rangpo,1km,rock_fall,unknown,medium,above_road,1.0,5.0,,,,glc,9215.0,India,IN,West Bengal,4026.0,Rangpo,0.44677,07/28/2016 05:10:00 PM,11/20/2017 03:17:00 PM,02/15/2018 03:51:00 PM,88.5294,27.1758
Hindu,http://www.thehindu.com/news/national/other-states/life-remains-hit-in-darjeeling-hills/article9222389.ece,9620,10/15/2016 12:00:00 AM,,Rangpo,"The road on way to Peiling in Sikkim remained cut off due to landslides at Namchi and Rangpo but the Lava-Lolegaon route in Darjeeling was still working, though only for cars and the small vehicles took long detour through the second route, the officials said.",Rangpo,5km,landslide,downpour,medium,above_road,0.0,0.0,,,,glc,9620.0,India,IN,Sikkim,4026.0,Rangpo,0.7337,10/19/2016 01:10:00 PM,11/20/2017 03:17:00 PM,02/15/2018 03:51:00 PM,88.5292,27.172
The Daily Star,http://www.thedailystar.net/newDesign/latest_news.php?nid=24242,1977,06/15/2010 04:00:00 AM,,Dhamankhali village in Ukhia upazila,"Four members of a family died around 4:00am at South Rahmater Bill village while at the same time another person, son of Zafar Alam, died at the Dhamankhali village in Ukhia upazila in the landslides.",Dhamankhali village in Ukhia upazila,5km,landslide,downpour,medium,unknown,1.0,,,,,glc,1977.0,Bangladesh,BD,Chittagong,253788.0,Cox’s Bāzār,32.54732,04/01/2014 12:00:00 AM,11/20/2017 03:17:00 PM,02/15/2018 03:51:00 PM,92.19314477,21.23967983
The Northeast Today,http://thenortheasttoday.com/landslides-damage-houses-graves-in-aizawl/,8224,09/14/2015 01:30:00 AM,,"Aizawl, Mizoram, India","Earlier around 1:30am, landslide damaged 39 graves at Republic Veng locality in the heart of the city. The landslide also blocked internal road of the locality. With this, landslides have damaged a total of 311 graves in four localities in Aizawl.","Aizawl, Mizoram, India",5km,landslide,downpour,medium,above_road,0.0,0.0,,http://thenortheasttoday.com/wp-content/uploads/2015/09/12033852_1012700228774617_1216798541_n.gif,,glc,8224.0,India,IN,Mizoram,265331.0,Aizawl,0.27245,07/05/2016 02:52:00 PM,11/20/2017 03:17:00 PM,02/15/2018 03:51:00 PM,92.7187,23.7313
savethehills.blogspot,http://savethehills.blogspot.com/2008/06/preliminary-report-on-mamring-kurseong.html,614,06/29/2008 12:00:00 AM,,"Kurseong sub division, Mamring","A major landslide took place in Mamring, a village of 170 houses in Kurseong subdivision at around 0830hrs today (29Jun2008).Luckily there were no casualties, but the area is still in danger because of the huge boulders from above which threaten to flatten the village at any time.","Kurseong sub division, Mamring",5km,landslide,unknown,medium,unknown,,,,,,glc,614.0,India,IN,Bengal,46427.0,Kārsiyāng,0.87238,04/01/2014 12:00:00 AM,11/20/2017 03:17:00 PM,02/15/2018 03:51:00 PM,88.28,26.89
kuenselonline,http://www.kuenselonline.com/modules.php?name=News&file=article&sid=13240,1100,08/18/2009 06:00:00 PM,,Sorchen along Phuentsholing-Thimphu highway ,"Hundreds of passengers were stranded in Phuentsholing yesterday when the Phuentsholing-Thimphu highway was blocked at several places at Takti and Sorchen.  Heavy rains on Tuesday evening caused several landslides, which blocked the road at Takti and Sorchen areas. Although officials expected the road to open by afternoon, a major roadblock at Sorchen could not be cleared because of continuous rain. According to road officials, the block at Takti was cleared around 2:00 pm and buses from Thimphu moved down. However, a major roadblock at Kamji could not be cleared as sliding boulders and mud threaten workers, said a road official.",Sorchen along Phuentsholing-Thimphu highway ,1km,landslide,downpour,medium,unknown,0.0,,,,,glc,1100.0,Bhutan,BT,Chhukha,17043.0,Phuntsholing,7.61154,04/01/2014 12:00:00 AM,11/20/2017 03:17:00 PM,02/15/2018 03:51:00 PM,89.4497,26.8928
The hindu.com,http://www.hindu.com/thehindu/holnus/001200709072070.htm,242,09/07/2007 12:00:00 AM,,"Darjeeling Hills, multiple villages in area (Kurseong, Kalimpong, Bhalukopa, Kukhleinkhani)",multiple landslides in different villages,"Darjeeling Hills, multiple villages in area (Kurseong, Kalimpong, Bhalukopa, Kukhleinkhani)",25km,landslide,rain,medium,unknown,,,,,,glc,242.0,India,IN,Bengal,46427.0,Kārsiyāng,0.6035,04/01/2014 12:00:00 AM,11/20/2017 03:17:00 PM,02/15/2018 03:51:00 PM,88.2833,26.8833
articles.timesofindia,http://articles.timesofindia.indiatimes.com/2012-03-04/guwahati/31120923_1_booths-repoll-polling-stations,4241,03/04/2012 12:00:00 AM,,Tamei constituency in Tamenlong district,"Repolling in 63 booths under nine constituencies in the five hill districts of Senapati, Ukhrul, Churachandpur, Tamenglong and Chandel was held on Sunday amid heavy security with more than 60% turnout recorded. The exercise was supposed to be held in 67 booths but owing to heavy landslides triggered in the remote Tamei constituency in Tamenlong district, poll officials could not reach four booths forcing the Election Commission to defer the exercise till Monday.",Tamei constituency in Tamenlong district,25km,landslide,unknown,medium,unknown,0.0,,,,,glc,4241.0,India,IN,Manipur,223523.0,Imphal,47.30334,04/01/2014 12:00:00 AM,11/20/2017 03:17:00 PM,02/15/2018 03:51:00 PM,93.6795,25.1604
china,http://www.china.org.cn/environment/2011-07/22/content_23044018.htm,3898,08/08/2011 12:00:00 AM,,"Bandarban, Bangladesh","Almost incessant rainfall since Monday wreaked havoc all over the country.  Till yesterday, nearly four lakh people in Bandarban remained disconnected from the rest of the country after the torrential rain caused landslides and floods in the hill district.  Many roads went under water and a worrisome number of families lost their homes to landslides after water in the Matamuhuri and Sangu rivers rose significantly above the danger level.  Our Chittagong correspondent reports: although road communication resumed in several parts of Bandarban yesterday, Bandarban Sadar remained totally detached.  The locals of Bandarban termed the downpour the ""all time heaviest"" and the aftermath ""unbelievable"".  The Met office recorded around 750mm of rain across the country yesterday with Bogra having the highest amount of rain, which was 216mm.  While the weather is expected to improve from today, reports of travel disruptions and floods poured in yesterday from all regions of the country.  Half ","Bandarban, Bangladesh",10km,landslide,rain,medium,unknown,2.0,,,,,glc,3898.0,Bangladesh,BD,Chittagong,32523.0,Bāndarban,0.67378,04/01/2014 12:00:00 AM,11/20/2017 03:17:00 PM,02/15/2018 03:51:00 PM,92.2168,22.2009
beacononline.wordpress,http://beacononline.wordpress.com/2008/08/31/landslide-victims-being-compensated/,755,08/28/2008 12:00:00 AM,,"Ranka, Sikkim and Louing road","most affected villages of block level are Pabing, Changram, Doksing and Thami Dara","Ranka, Sikkim and Louing road",25km,landslide,downpour,medium,unknown,,,,,,glc,755.0,India,IN,Sikkim,30700.0,Gangtok,1.28629,04/01/2014 12:00:00 AM,11/20/2017 03:17:00 PM,02/15/2018 03:51:00 PM,88.609,27.337
The Daily Star,http://www.thedailystar.net/newDesign/latest_news.php?nid=24242,1972,06/15/2010 12:00:00 AM,,Cox's Bazar town,"Powerful landslides triggered by heavy rains killed at least 49 people, including six army personnel, on Tuesday in two southeastern districts of Cox’s Bazar and Bandarban.  In Cox’s Bazar, the mudslides occurred at different parts including the district town and Himchhari ECB camp, leaving 45 people dead.  Superintendent of Police Nibash Chandra Majhi said 31 people were killed in Teknaf, six in Ukhia, two in the district headquarters and six in the Himchhari army camp.  Of the army men buried under the mud, three bodies were recovered while search was going on for the rest, reports a correspondent from Cox’s Bazar.  Deputy Commissioner Md Gias Uddin Ahmed said they were urging people through loudhailers to evacuate the hilly areas. ",Cox's Bazar town,10km,landslide,downpour,medium,unknown,2.0,,,,,glc,1972.0,Bangladesh,BD,Chittagong,253788.0,Cox’s Bāzār,4.53886,04/01/2014 12:00:00 AM,11/20/2017 03:17:00 PM,02/15/2018 03:51:00 PM,92.0082,21.4384
voiceofsikkim.com,http://voiceofsikkim.com/2010/04/18/rains-trigger-major-landslide-at-pani-house/,1756,04/17/2010 12:00:00 AM,,"Nam Nang, Gangtok","On the same day, another minor landslide was reported at Nam-Nang. ","Nam Nang, Gangtok",1km,landslide,downpour,small,unknown,0.0,,,,,glc,1756.0,India,IN,Sikkim,30700.0,Gangtok,0.53719,04/01/2014 12:00:00 AM,11/20/2017 03:17:00 PM,02/15/2018 03:51:00 PM,88.6087,27.322
indianexpress,http://www.indianexpress.com/news/N-E-border-dist-cut-off-by-landslides--runs-out-of-supplies/627610,1930,05/31/2010 12:00:00 AM,,"Anini-Roing road,  Dibang Valley,  Arunachal Pradesh ","Its only link to the outside world, the Anini-Roing road, having been hit by landslides at several places, Dibang Valley district in eastern Arunachal Pradesh has remained cut off from the rest of the world for more than six weeks now. The district shares 200 km of international border with China.   Heavy rains and landslides have caused extensive damage to the two micro hydel projects in the district at Hawapani and Chini-Afra, both having an installed capacity of 50 KW each. “We are in total darkness as our stock of diesel to run generators have also exhausted,” Jempen informed. With roads to other parts of the district also cut off, there has been no link between Anini and other towns like Aruzo, Italin, Anelih, Mipi and Malini. Assam's flood-prone Lakhimpur district was on Monday hit by the third wave of floods following heavy rainfall in the foothills of the Himalayas in Arunachal Pradesh affecting more than 25,000 people. The rising waters of Ranganadi and Singora rivers, tributa","Anini-Roing road,  Dibang Valley,  Arunachal Pradesh ",50km,landslide,downpour,medium,unknown,0.0,,,,,glc,1930.0,India,IN,Arunāchal Pradesh,14927.0,Tezu,62.40501,04/01/2014 12:00:00 AM,11/20/2017 03:17:00 PM,02/15/2018 03:51:00 PM,95.8776,28.4298
Indian Express,http://indianexpress.com/article/india/india-news-india/at-least-10-killed-in-landslides-in-assam-rescue-operations-underway-2806810/,9334,05/18/2016 08:00:00 AM,,"Bilaipur, Hailakandi district, Assam, India","One of two landslides in Bilaipur triggered by the same rainfall event. Ten people were killed in landslides in Karimganj and Hailakandi districts in Barak Valley in Assam on Wednesday following incessant rains. In neighbouring Hailakandi district, two incidents of landslide killed four persons at Bilaipur and a six-year old boy at Ramchandi area, police officials said. The debris fell on two houses where the victims were sleeping early in the morning, they said. NDRF and police have been engaged in rescue and relief operations.","Bilaipur, Hailakandi district, Assam, India",1km,landslide,continuous_rain,unknown,unknown,2.0,0.0,,,,glc,9334.0,India,IN,Assam,10942.0,Lāla,11.80305,08/03/2016 01:38:00 PM,11/20/2017 03:17:00 PM,02/15/2018 03:51:00 PM,92.7264,24.5204
The Hindu,http://www.thehindu.com/news/national/many-killed-in-arunachal-landslip/article8798739.ece,8237,07/01/2016 12:00:00 AM,,"Old Inspection Bungalow, Bhalukpong town, West Kameng, Arunachal Pradesh, India","At least five persons, including two women, were killed on Friday, while five others remained missing in a landslip that buried several houses in Arunachal Pradesh’s West Kameng district, which is being lashed by torrential rain.  The landslip occurred when a small hillock near the Old Inspection Bungalow caved in and buried several houses in Bhalukpong town, West Kameng district Superintendent of Police A. Koan said. While five bodies were retrieved from the debris, five others were still missing as rescue operation had to be suspended due to darkness.  Three rescued  The SP, who is camping at Bhalukpong to supervise rescue operations, said torrential rain in the past couple of days have triggered flood-like situation in the town bordering Assam.         Three persons have been rescued from the debris, but they have sustained serious injuries, he said.","Old Inspection Bungalow, Bhalukpong town, West Kameng, Arunachal Pradesh, India",1km,landslide,downpour,large,unknown,5.0,3.0,,,,glc,8237.0,India,IN,Arunachal Pradesh,18739.0,Rangāpāra,19.7667,07/05/2016 04:56:00 PM,11/20/2017 03:17:00 PM,02/15/2018 03:51:00 PM,92.6351,27.0136
Telegraph India,http://www.telegraphindia.com/1120605/jsp/siliguri/story_15570407.jsp#.UN9-FOSx_K0,4385,06/03/2012 12:00:00 AM,,"lachen, Sikkim","Around 65 vehicles carrying 400 tourists were left stranded at Lachen-Lachung last night, after heavy landslides triggered by torrential rain hit the picturesque North Sikkim. Sources in the tourism department said some of the cars started from Lachung at 3pm today after the Border Roads Organisation cleared the debris of the landslide at Theeng Bhir on way to Chungthang.","lachen, Sikkim",5km,landslide,downpour,medium,unknown,,,,,,glc,4385.0,India,IN,,1464.0,Mangan,23.21205,04/01/2014 12:00:00 AM,11/20/2017 03:17:00 PM,02/15/2018 03:51:00 PM,88.5577,27.7167
ukpress.google,http://ukpress.google.com/article/ALeqM5iM8gWKcS4OLf66hwzNMnaybAaZYA,585,06/14/2008 12:00:00 AM,,"Itanagar-Naharlagun, Arunachal Pradesh","bodies pulled from debris in and around Itnagar, 300 mud huts washed away at banks of Dikrong river","Itanagar-Naharlagun, Arunachal Pradesh",25km,landslide,rain,large,unknown,21.0,,,,,glc,585.0,India,IN,Arunāchal Pradesh,44971.0,Itānagar,2.34889,04/01/2014 12:00:00 AM,11/20/2017 03:17:00 PM,02/15/2018 03:51:00 PM,93.6287,27.0998
articles.timesofindia.indiatimes.com,http://articles.timesofindia.indiatimes.com/2013-05-12/guwahati/39203561_1_artificial-floods-guwahati-municipal-corporation-gs-road,4859,05/11/2013 12:00:00 AM,,"Sarania Hills, North Guwahati, Guwahati, Assam,","Landslides occurred in the Nursery area and Maligaon in Nilachal Hills, Sarania Hills and Boragaon on Saturday, alarming hill residents, whose number has crossed two lakh in Guwahati, said sources. Junu Chakraborty (50) was injured in the Nursery area after a wall of her house collapsed on Saturday morning. However, she is out of danger. There are no reports of injury from other parts of the city. A family miraculously escaped unhurt when earth fell on their house in the Sarania Hills.","Sarania Hills, North Guwahati, Guwahati, Assam,",5km,landslide,rain,medium,unknown,,1.0,,,,glc,4859.0,India,IN,Assam,899094.0,Guwahati,1.62505,04/01/2014 12:00:00 AM,11/20/2017 03:17:00 PM,02/15/2018 03:51:00 PM,91.7599,26.1771
articles.timesofindia,http://articles.timesofindia.indiatimes.com/2012-07-04/guwahati/32536229_1_massive-landslides-landslide-hit-road-blockade,4436,06/25/2012 12:00:00 AM,,"Khonsa, Arunachal Pradesh","Road communication between Khonsa, the district headquarters, and Lazu, an administrative post situated on the Myanmar border, about 40km from Khonsa, has remained cut off for the past three days following massive landslides triggered by rain at Pongkong village along the Khonsa-Lazu road.","Khonsa, Arunachal Pradesh",50km,landslide,downpour,medium,unknown,,,,,,glc,4436.0,India,IN,Arunāchal Pradesh,10187.0,Khonsa,6.97928,04/01/2014 12:00:00 AM,11/20/2017 03:17:00 PM,02/15/2018 03:51:00 PM,95.4993,26.9986
Arunchal Times,http://www.arunachaltimes.in/two-killed-in-lumla-landslide-four-injured/,9428,04/22/2016 09:30:00 PM,,"Thongleng village, Lumla, Tawang, Arunachal Pradesh, India","A Septuagenarian couple was killed and four others injured seriously in a landlside in Thongleng village under Lumla sub-division in Tawang on Friday night. The landslide, which occurred at around 9.30 pm, also washed away three houses, Lumla ADC informed. The couple was identified as Sangey Chomu (72) and Sangey Gombu (71). The injured persons are Gombu Yangzom (30), Dema Chomu (27), Yeshi Pema (17) and a 10-month-old baby. They have been admitted in District Hospital Tawang. Victims and injured persons are reported to be from same family, DIRPO reported. The condition of one of the injured persons is stated to be critical The roads within Lumla township are also badly damaged in various locations while water and electricity supply are disrupted in several villages. Around 10 houses were damaged during this week due to natural calamity. Heavy damages were also caused to agricultural and horticultural land under Lumla sub-division. District Administration is providing relief materials ","Thongleng village, Lumla, Tawang, Arunachal Pradesh, India",10km,landslide,continuous_rain,medium,unknown,2.0,4.0,,,,,,,,,,,,08/05/2016 02:31:00 PM,11/20/2017 03:17:00 PM,02/15/2018 03:51:00 PM,91.752,27.5523
morungexpress,http://www.morungexpress.com/frontpage/69382.html,3916,08/13/2011 08:00:00 AM,,"Chumukedima, Dimapur","22 mudslides, 4 major slides. Road closed","Chumukedima, Dimapur",10km,mudslide,downpour,medium,unknown,0.0,,,,,glc,3916.0,India,IN,Assam,135860.0,Dimāpur,17.73969,04/01/2014 12:00:00 AM,11/20/2017 03:17:00 PM,02/15/2018 03:51:00 PM,93.8067,25.7713
The Times of India,http://timesofindia.indiatimes.com/india/Darjeeling-landslides-kill-20/articleshow/47891729.cms,7034,06/30/2015 12:00:00 AM,,"Lava, Kalimpong","In Lava, Kalimpong one student of Class 9 was killed, and all roads to and from Lava are shut down","Lava, Kalimpong",1km,landslide,downpour,medium,unknown,1.0,0.0,,,,glc,7034.0,India,IN,West Bengal,4026.0,Rangpo,15.66973,07/01/2015 06:22:00 PM,11/20/2017 03:17:00 PM,02/15/2018 03:51:00 PM,88.6556,27.0875
The Statesman,http://www.thestatesman.com/news/world/flood-tightens-grip-on-several-districts-of-bangladesh/78463.html,7298,07/27/2015 12:00:00 AM,,"Surson Rd, Chittagong","There were landslides in two hills in Chittagong city's GEC and Surson Road areas yesterday due to heavy rains, but no casualties were reported. Read more at http://www.thestatesman.com/news/world/flood-tightens-grip-on-several-districts-of-bangladesh/78463.html#saUWWYv7jRHK6ju5.99","Surson Rd, Chittagong",1km,landslide,continuous_rain,small,above_road,0.0,0.0,,,,glc,7298.0,Bangladesh,BD,Chittagong,3920222.0,Chittagong,1.45099,07/29/2015 07:19:00 PM,11/20/2017 03:17:00 PM,02/15/2018 03:51:00 PM,91.8295,22.3513
www.thehindubusinessline.com,http://www.thehindubusinessline.com/news/states/landslide-blocks-polo-river-in-arunachal-pradesh/article4996075.ece,5250,08/01/2013 12:00:00 AM,,"Polo River At Polosang, Arunachal Pradesh","Arunachal Pradesh Government today sounded red alert following reports of a massive landslide which blocked the flow of Polo river at Polosang last week, reversing the flow of its water toward China. Disaster management Director Y. W. Ringu alerted Kurung Kumey Deputy Commissioner and SP to take steps to evacuate the people living in flood-prone lower belt along Kurung river, to safer places to avoid loss of life and property, official sources informed. Polo is a major tributary of Kurung River in Sarli circle of remote Kurung Kumey district in the State.","Polo River At Polosang, Arunachal Pradesh",10km,mudslide,rain,medium,unknown,,,,,,test,5250.0,India,IN,Arunachal Pradesh,0.0,Douyu,58.34526,04/01/2014 12:00:00 AM,11/20/2017 03:17:00 PM,02/15/2018 03:51:00 PM,93.0515,27.8837
Hindu,http://www.thehindu.com/news/states/other-states/article2276615.ece,3805,07/19/2011 12:00:00 AM,,200 meters from Teesta Bridge towards Siliguri,"The ongoing monsoons have once again started to take its toll along NH-31A, with various places along the West Bengal-Sikkim highway being blocked because of landslides, police said.  After closing down the highway for over 12 hours at Rambi in the West Bengal side on June 17, the rains have once again disrupted traffic along the highway since Tuesday.  “The highway is blocked at a place around 200 meters from Teesta Bridge towards Siliguri. The spot which is near the Shiv Mandir at the infamous Likhey Bhir is informed to have lost a section of the road due to heavy rains,” Janmukti Chalak Mahasangh’s (JCM) president Milan Pradhan said.  The section of the road broke down at around mid-night on Tuesday after which traffic came to a standstill with vehicles on either side returning back to their destinations or taking alternative routes via Darjeeling, Kurseong or Mirik, police said.  Drivers are also taking the route via Kalimpong-Lava-Gurubathan and Damdim and entering Siliguri throug",200 meters from Teesta Bridge towards Siliguri,1km,landslide,rain,medium,above_road,0.0,,,,,glc,3805.0,India,IN,Sikkim,3596.0,Jorethang,4.44389,04/01/2014 12:00:00 AM,11/20/2017 03:17:00 PM,02/15/2018 03:51:00 PM,88.42572376,27.05374234
Dhaka Tribune,http://www.dhakatribune.com/bangladesh/2015/jun/27/11-dead-landslides-flashfloods,7004,06/27/2015 09:00:00 AM,,Ramu Upazila,"In Cox’s Bazar, two people  Futu, 18 and Amir Hossian, 45,  were killed in separate incidents of landslide at Ramu upazila in the morning.",Ramu Upazila,25km,landslide,monsoon,small,unknown,1.0,0.0,,,,glc,7004.0,Bangladesh,BD,Chittagong,253788.0,Cox’s Bāzār,15.6565,06/29/2015 02:25:00 PM,11/20/2017 03:17:00 PM,02/15/2018 03:51:00 PM,92.118,21.4406
e-pao.net,http://e-pao.net/GP.asp?src=16..070711.jul11,3738,07/06/2011 12:00:00 AM,,"National Highway 53, Sinam Khul (near Kotlen; ~25 km from Imphal)","Imphal, July 06 2011: In a tragic incident of nature taking toll on human, a massive landslides along NH 53 today killed six personnel of Indian Reserved Battalion (IRB) and Manipur Rifles even as seven personnel were critically injured.  According to police report, the convoy led by AC 2nd IRB S Ingo was heading to Jiribam district headquarters to escort loaded freight trucks and oil tankers.  They had just reach Sinam Khul near Kotlen about 25 km from Imphal when the landslide struck them hit the bus in which they were travelling.  The bus was travelling with five commando teams and some personnel on other vehicles as Road Opening Party (ROP) .  The six ill fated personnel who were killed in the tragic accident were Havildar Yaima of 5th IRB, rifleman Diamond of 5th MR, rifleman Surchandra of 5th MR, rifleman Maradona of 6th IRB, rifleman Lakshman of 8th MR and rifleman Nasir Khan of 2nd MR.The injured personnel were 1st MR rifleman T Sandang Maring (31), 3rd IRB personnel Takhellamb","National Highway 53, Sinam Khul (near Kotlen; ~25 km from Imphal)",50km,landslide,downpour,medium,unknown,6.0,,,,,glc,3738.0,India,IN,Manipur,223523.0,Imphal,0.44836,04/01/2014 12:00:00 AM,11/20/2017 03:17:00 PM,02/15/2018 03:51:00 PM,93.9482,24.8063
Mizoram Express,http://mizoramexpress.com/index.php/2010/09/mizoram-landslides-kill-one-woman/,2426,09/13/2010 12:00:00 AM,,"Hual(Hu) village(?), Lunglei-Lawngtlai rd, Mizoram","Sep 15, 2010  AIZAWL: Lunglei-Lawngtlai road was also blocked by a heavy landslide at =hual\hu village this afternoon. The landslide also washed away the house of Vanlallawma. Luckily all the family members managed to run out of the house before the house collapsed with the pressure. A number of vehicles were stranded on both sides of the road. Among the stranded passengers, the Rajya Sabha Member, Mr. Lalhmingliana and some MNF Party leaders were also there. The Additional DC, Mr. T. Lalduhawma visited the landslide victim and promised that the government will give assistance to the family as per rule.","Hual(Hu) village(?), Lunglei-Lawngtlai rd, Mizoram",25km,landslide,downpour,medium,unknown,0.0,,,,,glc,2426.0,India,IN,Mizoram,52728.0,Lunglei,21.89059,04/01/2014 12:00:00 AM,11/20/2017 03:17:00 PM,02/15/2018 03:51:00 PM,92.8416,22.7176
timesofindia.indiatimes,http://timesofindia.indiatimes.com/news/city/guwahati/Landslides-snap-road-links-in-Arunachal-district/articleshow/4916000.cms,1084,08/12/2009 12:00:00 AM,,"Upper Subansiri District, Arunanchal Pradesh",Torrential rain has triggered a series of landslides across Arunachal Pradesh. The worst affected by the deluge was the Upper Subansiri district which has been cut off from the rest of the country since August 12.,"Upper Subansiri District, Arunanchal Pradesh",5km,landslide,downpour,medium,unknown,0.0,,,,,glc,1084.0,India,IN,Arunāchal Pradesh,7121.0,Bomdila,60.8421,04/01/2014 12:00:00 AM,11/20/2017 03:17:00 PM,02/15/2018 03:51:00 PM,92.8,27.7
The Sangai Express,http://www.thesangaiexpress.com/page/items/54212/massive-landslide-along-maram-peren-road-downpour-creates-havoc-in-different-parts,7266,07/22/2015 12:00:00 AM,,Yangkhullen-Tamphung road till Nagaland border,"Torrential rain in the last many days has created havoc in many places of Senapati district. Sources specified of major landslides in different locations including 15 kms from Maram, 22 kms to 30 kms between Sangkhumai and Willong, Willong-Yangkhullen stretch and Yangkhullen-Tamphung road till Nagaland border.",Yangkhullen-Tamphung road till Nagaland border,10km,landslide,continuous_rain,medium,above_road,0.0,0.0,,,,glc,7266.0,India,IN,Manipur,92113.0,Kohima,29.57629,07/23/2015 04:36:00 PM,11/20/2017 03:17:00 PM,02/15/2018 03:51:00 PM,93.8794,25.5098
e-pao.net,http://e-pao.net/GP.asp?src=9..070909.sep09,1129,08/30/2009 12:00:00 AM,,"Road stretch from Gammom to Chamu village, under Kamjong block, Ukhrul district, Manipur","Following heavy landslide on the road stretch from Gammom to Chamu village, under Kamjong block, Ukhrul district, several villages have been cut off from the outside world for the last seven days. Eight villages are situated along the 8 km stretch of road between Gammom and Chamu, which is near the Indo-Myanmar border, around 123 kms from the district headquarters.","Road stretch from Gammom to Chamu village, under Kamjong block, Ukhrul district, Manipur",50km,landslide,downpour,medium,unknown,,,,,,glc,1129.0,India,IN,Manipur,8797.0,Yairipok,42.70454,04/01/2014 12:00:00 AM,11/20/2017 03:17:00 PM,02/15/2018 03:51:00 PM,94.4182,24.8628
The Daily Star,http://www.thedailystar.net/story.php?nid=3742,253,09/10/2007 12:00:00 AM,,Nabinagar in Chittagong,earth fell onto 2 girls in slums of city,Nabinagar in Chittagong,5km,mudslide,rain,medium,unknown,2.0,,,,,glc,253.0,Bangladesh,BD,Chittagong,31671.0,Nabīnagar,0.68998,04/01/2014 12:00:00 AM,11/20/2017 03:17:00 PM,02/15/2018 03:51:00 PM,90.9733,23.8917
Straits Times,http://www.straitstimes.com/news/asia/south-east-asia/story/nine-dead-landslide-myanmar-jade-mine-state-media-20150401,6930,03/30/2015 09:00:00 AM,,beside the mine in Hpakant,"Rescuers are searching for more than 20 miners buried by a landslideat a jade mine in remote war-torn northern Myanmar that killed at least nine people, state media reported on Wednesday.",beside the mine in Hpakant,25km,landslide,mining,medium,mine,9.0,2.0,,,,glc,6930.0,Myanmar [Burma],MM,Kachin,90894.0,Myitkyina,113.7334,05/27/2015 09:46:00 PM,11/20/2017 03:17:00 PM,02/15/2018 03:51:00 PM,96.2907,25.6115
gsi.gov,"http://www.portal.gsi.gov.in/portal/page?_pageid=127,875814&_dad=portal&_schema=PORTAL",2166,07/29/2010 12:00:00 AM,,"Highway 53 at Tupul, Tamenglong district","As per media report a landslide triggered by rains occurred on 29th July, 2010 on the National Highway 53 at Tupul area in Tamenglong district. The landslide disturbed the connection of Manipur with Silchar. ","Highway 53 at Tupul, Tamenglong district",10km,landslide,downpour,medium,unknown,0.0,,,,,glc,2166.0,India,IN,Assam,7176.0,Mahur,45.33486,04/01/2014 12:00:00 AM,11/20/2017 03:17:00 PM,02/15/2018 03:51:00 PM,93.5027,24.9786
Telegraph India,http://www.telegraphindia.com/1070830/asp/northeast/story_8253906.asp,213,08/26/2007 12:00:00 AM,,Shillong Road at Kuliang in the Jaintia Hills,Telegraph India,Shillong Road at Kuliang in the Jaintia Hills,unknown,landslide,rain,medium,unknown,,,,,,glc,213.0,India,IN,Assam,39982.0,Hāflong,23.42741,04/01/2014 12:00:00 AM,11/20/2017 03:17:00 PM,02/15/2018 03:51:00 PM,92.8339,25.2946
thesop.org,http://thesop.org/story/20120701/woman-killed-in-guwahati-by-landslide.html,4426,06/22/2012 12:00:00 AM,,Lalunggaon near Gorchuk area,"On June 22, three people including two children of a family were killed in a landslide incident at Lalunggaon near Gorchuk area in the city.Thousands of families live at the bottom of 18 hills in the city. These families have allegedly encroached on the land of the hilly area.",Lalunggaon near Gorchuk area,5km,landslide,downpour,medium,unknown,3.0,,,,,glc,4426.0,India,IN,Assam,899094.0,Guwahati,7.45913,04/01/2014 12:00:00 AM,11/20/2017 03:17:00 PM,02/15/2018 03:51:00 PM,91.7162,26.1226
The Northeast Today,http://www.northeasttoday.in/two-women-buried-alive-in-shillong-landslide/,8366,09/23/2015 03:00:00 PM,,"Shillong, Meghalaya, India","Two women were buried alive under a massive pile of debris following a landslide at Lamavilla area in Shillong, Meghalaya on Wednesday afternoon triggered by heavy rainfall over the past few days.  The incident occurred when a retaining wall collapsed onto the houses below. The deceased women have been identified as Meenu Thapa (40’s) and Karuna Shreshta (25). The deceased were tenants of one Bina Lama. A five-year-old child Aditya Shrestha sustained serious injuries and was rushed to the hospital.  Soon after the news of the landslide, a team from the State Disaster Response Force rushed to the spot and started relief works. Incidentally, Wednesday’s landslide comes exactly a year to the day when eight persons including a pregnant woman were buried alive following a massive landslide triggered by incessant rainfall in Mawbah locality in Shillong.  When contacted, East Khasi Hills Deputy Commissioner P.S. Dkhar said he has asked the Meghalaya Urban Development Authority to conduct an i","Shillong, Meghalaya, India",5km,landslide,downpour,medium,natural_slope,2.0,1.0,,,,glc,8366.0,India,IN,Meghalaya,132842.0,Shillong,1.85404,07/06/2016 02:37:00 PM,11/20/2017 03:17:00 PM,02/15/2018 03:51:00 PM,91.893,25.583
Telegraph India,http://www.telegraphindia.com/1100605/jsp/northeast/story_12529386.jsp,1934,06/03/2010 05:00:00 AM,,Rongpur village under Bhairabhnagar panchayat in Karimganj district,"Two died and five others were injured yesterday around 5am when their bamboo huts were crushed in a mudslide on the foothills at Rongpur village under Bhairabhnagar panchayat in Karimganj district.  Sources in Karimganj police station today said the dead have been identified as Dhalai Mia, a 50-year-old farmer, and his youngest son Fakrul Islam, 12. The injured, including Mia’s wife Lesa Bibi, 45, and their granddaughter Nurana Begum, 5, are being treated in the nearby Ramkrishnanagar hospital.  The site of this mishap is about 85km from this town.  This is the third major landslide in the Barak valley in the past two years. ",Rongpur village under Bhairabhnagar panchayat in Karimganj district,25km,landslide,downpour,medium,unknown,2.0,,,,,glc,1934.0,India,IN,Assam,31031.0,Hailākāndi,20.39416,04/01/2014 12:00:00 AM,11/20/2017 03:17:00 PM,02/15/2018 03:51:00 PM,92.3814,24.6005
Zee News,http://zeenews.india.com/news/north-east/landslide-in-tawang-area-of-arunachal-pradesh-watch-video_1878690.html,7655,04/22/2016 02:30:00 AM,,"Tawang, Arunachal Pradesh","TRMM shows no significant rainfall accumulation. Article: Continuous rain in the last couple of days led to a landslide at Famla village in Arunachal Pradesh's Tawang district early Friday, killing 17 people.","Tawang, Arunachal Pradesh",5km,landslide,continuous_rain,medium,above_road,17.0,0.0,,"http://timesofindia.indiatimes.com/thumb/msid-51950784,width-400,resizemode-4/51950784.jpg",,glc,7655.0,India,IN,Arunachal Pradesh,4831.0,Tawang,6.69648,04/23/2016 02:02:00 AM,11/20/2017 03:17:00 PM,02/15/2018 03:51:00 PM,91.8569,27.5799
Business Standard,http://www.business-standard.com/article/pti-stories/three-injured-houses-collapse-in-landslide-in-arunachal-116080700399_1.html,9464,08/05/2016 12:00:00 AM,,Babrang village under Jang circle in Tawang district,"Three persons were injured and eight houses collapsed following landslides triggered by torrential rain at Barbara in Tawang district of Arunachal Pradesh, an official said today.",Babrang village under Jang circle in Tawang district,5km,landslide,downpour,medium,unknown,0.0,3.0,,http://www.arunachaltimes.in/wp-content/uploads/2016/08/Landslide-washes-away-8-300x206.jpg,,glc,9464.0,India,IN,Arunachal Pradesh,4831.0,Tawang,5.03841,08/16/2016 09:47:00 PM,11/20/2017 03:17:00 PM,02/15/2018 03:51:00 PM,91.9754,27.5754
inewsone,http://www.inewsone.com/2011/08/12/iaf-airdrops-food-to-marooned-in-arunachal/68478,3912,08/12/2011 12:00:00 AM,,East Kameng district in Arunachal Pradesh bordering China,"Shillong, Aug 12 (IANS) Indian Air Force helicopters Friday airdropped food packets to thousands of marooned people in the East Kameng district in Arunachal Pradesh bordering China.  People residing in the East Kameng district were cut-off from the mainland due to disruption in road communication after landslides that followed incessant rains in the region.  ‘We have airdropped emergency rations in several areas where people were facing critical shortages of food supplies in the district,’ IAF spokesman Ranjeeb Sahoo said.  The Arunachal Pradesh government had requisitioned IAF helicopters to drop emergency rations at Seppa, Chyangtajo, Bameng and Khanewa where people faced critical shortage of food supplies.  Sahoo said IAF helicopters from units under the Eastern Air Command were activated from Tezpur, Guwahati, Kumbhigram and Mohanbari to undertake the mission.  Relief operations continue in full swing and about five tonnes of supplies have been air lifted to the affected areas so f",East Kameng district in Arunachal Pradesh bordering China,50km,landslide,rain,medium,unknown,0.0,,,,,glc,3912.0,India,IN,Arunāchal Pradesh,7121.0,Bomdila,23.93526,04/01/2014 12:00:00 AM,11/20/2017 03:17:00 PM,02/15/2018 03:51:00 PM,92.2833,27.44
www.nagalandpost.com,http://www.nagalandpost.com/ChannelNews/State/StateNews.aspx?news=TkVXUzEwMDA0MjY4Nw%3D%3D-bSp8jh3okxw%3D,5272,08/04/2013 12:00:00 AM,,"Longsa, Nagaland","Incessant torrential rain, which began Sunday at around 11.30 p.m. has completely cut off Suruhuto town from the rest of the state. In a press release, NGZPMC joint secretary Hotoshe Sema said all three links connecting Zunheboto, Mokokchung and Tuensang have been cut off. Road to Zunheboto has been  blocked in 5-6 places and Mokokchung road has been blocked in two places near Zhekuto and Longsa. The valleys of Nanga (Dikhu), Phizo and Tizu, known as rice bowls of Suruhuto Area has been damaged by floods and landslides. Many terrace fields and canals have been washed away by flood. A team of Nanga (Dikhu) Greener Zone Project Management Committee (NGZPMC) who were on GPS mapping of Community Conserved Area (CCA) has been stranded at Nanga valley owing to flood. Log bridges connecting Phuye New/Old and Suruhuto/Surumi/Aichi Saghemi villages have been washed away. Travelers from Tuensang to Kohima/Dimapur via Suruhuto-Coco shortcut road have been requested to take the via Mokokchung rout","Longsa, Nagaland",1km,landslide,monsoon,medium,unknown,,,,,,glc,5272.0,India,IN,Nāgāland,34021.0,Mokokchūng,13.15534,04/01/2014 12:00:00 AM,11/20/2017 03:17:00 PM,02/15/2018 03:51:00 PM,94.5438,26.2083
daijiworld,"http://www.daijiworld.com/news/news_disp.asp?n_id=47500&n_tit=Mangalore:+Monsoon+Continues+to+Strike;+Landslide,+Houses+Collapse",580,06/09/2008 12:00:00 AM,,"near Kuloor church, in Manipur along National Highway","difficult to determine location, heavy rains throughout Manipur state","near Kuloor church, in Manipur along National Highway",unknown,landslide,monsoon,medium,unknown,,,,,,glc,580.0,India,IN,Manipur,44493.0,Thoubāl,2.9361,04/01/2014 12:00:00 AM,11/20/2017 03:17:00 PM,02/15/2018 03:51:00 PM,93.9784,24.6596
www.business-standard.com,http://www.business-standard.com/article/current-affairs/mudslides-block-nh-2-in-nagaland-113100700032_1.html,5575,10/05/2013 11:00:00 PM,,"Chiechama, Nagaland","Continuous rainfall has caused massive mudslides blockingNH-2 between Kohima and Botsa in Nagaland, official sources said today. The mudslides on late last night has caused huge inconvenience, additional deputy commissioner Chiephobozou sub-division Bodeno Mero said. She said around 60 to 70 vehicles were stranded along the stretch since this morning. An electrical post was also damaged due to mudslide and power lines were cut off in and around Botsa area to avoid any mishap. Stating that all efforts are being made to see that the highway is cleared with PWD workers put to service, she however cautioned the public travelling on NH-2 of delayed journey. She expressed fear that the mudslides would continue till the rain stopped.","Chiechama, Nagaland",5km,mudslide,continuous_rain,medium,unknown,0.0,,,,,glc,5575.0,India,IN,Nāgāland,92113.0,Kohima,17.27342,04/01/2014 12:00:00 AM,11/20/2017 03:17:00 PM,02/15/2018 03:51:00 PM,94.1497,25.8266
Dhaka Tribune,http://www.dhakatribune.com/bangladesh/2015/jun/27/landslides-flashfloods-death-toll-climbs-13,7001,06/27/2015 10:30:00 AM,,Shamlapur,"A woman and her daughter have been killed in a landslide at Shamlapur village of Baharchhara union in Teknaf upazila of Cox's Bazar.  The deceased are Samoda Khatun, 45, and her daughter Shahena Aktar, 16.",Shamlapur,1km,landslide,flooding,medium,unknown,2.0,0.0,,,,glc,7001.0,Bangladesh,BD,Chittagong,40557.0,Teknāf,29.64122,06/29/2015 01:55:00 PM,11/20/2017 03:17:00 PM,02/15/2018 03:51:00 PM,92.1414,21.0853
Indian Express,http://indianexpress.com/article/india/india-news-india/separate-landslides-kill-two-in-assam-2913748/,8996,07/14/2016 12:00:00 AM,,"Pub Sarania hill, South Sarania, Guwahati, Assam, India","Trigger is likely monsoon rains because the incident occurred during monsoon season.  Two persons, including a girl, were killed in landslides in Assam on Thursday. An octogenarian was killed when a sudden landslide buried his house at Pub Sarania hill, district deputy commissioner M Angamathu said.","Pub Sarania hill, South Sarania, Guwahati, Assam, India",1km,landslide,monsoon,small,natural_slope,1.0,0.0,,http://images.indianexpress.com/2016/07/assam-landslide-759.jpg,,glc,8996.0,India,IN,Assam,899094.0,Guwahati,2.58336,07/18/2016 01:32:00 PM,11/20/2017 03:17:00 PM,02/15/2018 03:51:00 PM,91.7702,26.1768
english.peopledaily,http://english.peopledaily.com.cn/90001/90777/90852/6938742.html,1613,04/02/2010 11:00:00 PM,,"Koloriang, Kuring Kumey district, Arunachal Pradesh","At least seven persons, including four children, were buried alive after torrential rains triggered landslides caved in their dwelling house at Koloriang, the headquarters of remote Kurung Kumey district in Arunachal Pradesh, last night.  The disaster occurred at around 11 pm when all the victims were under sleep after having the night’s meal. The velocity of the landslide was so strong that it completely collapsed the occupants’ bamboo-made house within no time, killing all seven persons on the spot. Two other people, who were sleeping outside the ill-fated house, escaped unhurt, informed the Kurung Kumey district SP, A Tamut.  Kurung Kumey, along with other parts of Arunachal, has been experiencing heavy showers for the past one week, paralyzing the normal life  of the people of this air-fed hilly station.","Koloriang, Kuring Kumey district, Arunachal Pradesh",1km,mudslide,downpour,large,unknown,12.0,,,,,glc,1613.0,India,IN,Arunāchal Pradesh,13893.0,Ziro,58.84724,04/01/2014 12:00:00 AM,11/20/2017 03:17:00 PM,02/15/2018 03:51:00 PM,93.3497,27.8997
The Indian Express,http://indianexpress.com/article/cities/kolkata/farmer-killed-fresh-landslide-in-kurseong/,7138,07/07/2015 12:00:00 AM,,"NH-10, Sepi Jhora, Kalimpong",the road was cleared by 7 am the next day.,"NH-10, Sepi Jhora, Kalimpong",5km,landslide,continuous_rain,small,above_road,0.0,0.0,,,,glc,7138.0,India,IN,Sikkim,43000.0,Kālimpang,2.91557,07/10/2015 05:32:00 PM,11/20/2017 03:17:00 PM,02/15/2018 03:51:00 PM,88.4397,27.0816
dvb,http://www.dvb.no/news/flooding-adds-to-kachin-state%E2%80%99s-woes/10780,2084,07/15/2010 12:00:00 AM,,"road between Hsaidaung(?) and Hpakant, Kachin","Landslides and flooding have submerged houses and blocked roads in northern Burma’s Kachin state, which is already suffering from an outbreak of dengue fever.  Villages around the jade mining town of Hpakant have been affected by the flooding, which has followed several days of heavy rain. A Hpakant resident said that houses and a village hall in nearby Hsaidaung and Hpapyin villages were underwater, while the road connecting Hsaidaung to Hpakant was down.  “There were two roads [connecting the town and the village] and one was destroyed by the landslide – there is only a huge pond left now,” he said. “There is no exit for the water [from the pond] as some channels built to guide the flow of water were destroyed by the landslide.”","road between Hsaidaung(?) and Hpakant, Kachin",25km,landslide,downpour,medium,unknown,0.0,,,,,glc,2084.0,Myanmar [Burma],MM,Kachin,90894.0,Myitkyina,111.31006,04/01/2014 12:00:00 AM,11/20/2017 03:17:00 PM,02/15/2018 03:51:00 PM,96.3167,25.6167
articles.timesofindia.indiatimes.com,http://articles.timesofindia.indiatimes.com/2013-05-12/guwahati/39203177_1_young-mizo-association-aizawl-rescue-work,4857,05/11/2013 09:00:00 AM,,"Laipuitland , Aizawl, Mizoram",Landslides triggered by a cyclonic storm and heavy pre-monsoon rain claimed at least 10 lives and swept away nine houses in the northern part of Aizawl on Saturday morning. Seven more people are missing.,"Laipuitland , Aizawl, Mizoram",25km,landslide,rain,large,unknown,15.0,,,,,glc,4857.0,India,IN,Mizoram,265331.0,Aizawl,0.10199,04/01/2014 12:00:00 AM,11/20/2017 03:17:00 PM,02/15/2018 03:51:00 PM,92.7175,23.7281
E-Pao,http://e-pao.net/GP.asp?src=34..200615.jun15,6945,06/19/2015 12:00:00 AM,,"amei to Kangpokpi via Imphal road, 0.5 km from Tamei, Tamenglang District",Tamei to Kangpokpi via Imphal road remained cut off for the last few days due to huge landslides near a diesel oil pump located some half a kilometer from Tamei Headquarters.  Contractor engaged under NEC road construction at Tamei has been clearing the site for two days,"amei to Kangpokpi via Imphal road, 0.5 km from Tamei, Tamenglang District",1km,landslide,monsoon,medium,above_road,0.0,0.0,,,,glc,6945.0,India,IN,Manipur,223523.0,Imphal,46.89414,06/25/2015 02:16:00 PM,11/20/2017 03:17:00 PM,02/15/2018 03:51:00 PM,93.686,25.16
prokerala,http://www.prokerala.com/news/articles/a135422.html,1857,05/11/2010 09:00:00 AM,,"National highway 44 at Sunapur and Tongseng in Jaintia Hills district, eastern Meghalaya","Road links to the northeastern states of Tripura, Mizoram and parts of Manipur and southern Assam remained cut off from the rest of India for the second day Wednesday following massive landslides at a major highway in Meghalaya.  The National Highway No 44 at Sunapur and Tongseng in Jaintia Hills district in eastern Meghalaya, bordering Assam, has been blocked since Tuesday morning after heavy rains triggered landslides with huge boulders and trees covering the road.  Sunapur and Tongseng, about 150 km from the Meghalaya capital Shillong, is a landslide prone area and is linked with National Highway No 40 connecting Shillong and Guwahati in Assam, the gateway to mainland India. ","National highway 44 at Sunapur and Tongseng in Jaintia Hills district, eastern Meghalaya",25km,landslide,downpour,medium,unknown,0.0,,,,,glc,1857.0,India,IN,Meghālaya,132842.0,Shillong,47.92484,04/01/2014 12:00:00 AM,11/20/2017 03:17:00 PM,02/15/2018 03:51:00 PM,92.2897,25.3433
Daily News and Analysis,http://www.dnaindia.com/india/report_tawang-monastery-faces-danger-due-to-landslides_1472890,2743,11/22/2010 12:00:00 AM,,"Tawang Monastery, Arunachal Pradesh","The famous Tawang Monastery in Arunachal Pradesh is under imminent threat of collapse following massive landslides around it.  The 330-year-old monastery, also known as Gaden Namgyal Lhatse, which stands on the spur of a hill about 10,000 feet above sea level, is witnessingmassive landslide around it since Monday, officials said.  The landslide had already damaged the plantation and some electric posts around the monastery located in Twang-chu valley of Tawang district, they said.","Tawang Monastery, Arunachal Pradesh",1km,landslide,unknown,medium,natural_slope,,,,http://blogs.agu.org/landslideblog/files/2010/11/10_11-Tawang-5.jpg,,glc,2743.0,India,IN,Arunāchal Pradesh,4831.0,Tawang,6.76172,01/08/2016 10:39:00 PM,11/20/2017 03:17:00 PM,02/15/2018 03:51:00 PM,91.85672387,27.5798729
articles.timesofindia.indiatimes.com,http://articles.timesofindia.indiatimes.com/2013-05-12/guwahati/39203561_1_artificial-floods-guwahati-municipal-corporation-gs-road,4860,05/11/2013 12:00:00 AM,,"Boragaon, North Guwahati, Guwahati, Assam,","Landslides occurred in the Nursery area and Maligaon in Nilachal Hills, Sarania Hills and Boragaon on Saturday, alarming hill residents, whose number has crossed two lakh in Guwahati, said sources. Junu Chakraborty (50) was injured in the Nursery area after a wall of her house collapsed on Saturday morning. However, she is out of danger. There are no reports of injury from other parts of the city. A family miraculously escaped unhurt when earth fell on their house in the Sarania Hills.","Boragaon, North Guwahati, Guwahati, Assam,",5km,landslide,rain,medium,unknown,,,,,,test,4860.0,India,IN,Assam,899094.0,Guwahati,10.70607,09/16/2014 07:21:00 PM,11/20/2017 03:17:00 PM,02/15/2018 03:51:00 PM,91.6906,26.1016
www.thehindu.com,http://www.thehindu.com/news/national/other-states/landslides-after-heavy-premonsoon-rain-in-mizoram/article4695784.ece,4845,05/07/2013 12:00:00 AM,,"Kolasib, Saiha, Mizoram,","A large number of villages in Mizoram have become inaccessible after landslides, triggered by heavy and incessant pre-monsoon rains that have been lashing the state since Saturday, have blocked the roads, official sources said on Wednesday. The landslides blocked the Champai road in Saiha district which connects the capital town with the Mizoram-Myanmar border.","Kolasib, Saiha, Mizoram,",50km,mudslide,rain,medium,unknown,,,,,,glc,4845.0,India,IN,Mizoram,25000.0,Kolasib,0.90447,04/01/2014 12:00:00 AM,11/20/2017 03:17:00 PM,02/15/2018 03:51:00 PM,92.6755,24.2315
Statesman,http://www.thestatesman.com/news/bengal/the-case-of-the-missing-8/79105.html,7363,06/30/2015 11:00:00 PM,,"Limbu Dhura, Tingling","A cousin of the Suvedi family, Balkrishna Suvedi said that that on devastating 30 June night, a total of 19 persons lost their lives in the landslides at Limbu Dhura, Tingling, in Mirik out of which 11 were from their family.","Limbu Dhura, Tingling",25km,landslide,downpour,medium,unknown,19.0,0.0,,http://cms.thestatesman.com/cms/gall_content/2015/7/2015_7$largeimg31_Jul_2015_050958663.jpg,,glc,7363.0,India,IN,West Bengal,10109.0,Mirik,0.78377,11/03/2015 06:36:00 PM,11/20/2017 03:17:00 PM,02/15/2018 03:51:00 PM,88.1835,26.8843
assamtribune,http://www.assamtribune.com/scripts/detailsnew.asp?id=apr2110/at06,1770,04/20/2010 12:00:00 AM,,"Kharghuli, Guwahati, Assam","GUWAHATI, April 20 – Civic woes of Guwahatians is continuing to unfold its murkier side with incessant downpour today forcing district administration to engage National Disaster Response Force (NDRF) to facilitate movement of residents of low-lying areas at the heart of the capital city.   The incessant rains also led to landslide in the hilly areas of the city, including at Kharghuli hillside and the hills adjoining the Raj Bhavan. ","Kharghuli, Guwahati, Assam",1km,landslide,downpour,medium,unknown,0.0,,,,,glc,1770.0,India,IN,Assam,899094.0,Guwahati,2.18012,04/01/2014 12:00:00 AM,11/20/2017 03:17:00 PM,02/15/2018 03:51:00 PM,91.763,26.1965
Sangai Express,http://www.thesangaiexpress.com/page/items/55203/healing-touch-to-flood-landslide-affected-victims,7314,08/01/2015 12:00:00 AM,,Kale valley,"At the same time, the YVA also donated Rs 10,000 to landslide victims of Sizang in Chin State and Kale valley of neighbouring Myanmar.",Kale valley,unknown,landslide,rain,medium,unknown,0.0,0.0,,,,glc,7314.0,Myanmar [Burma],MM,Chin,44540.0,Mawlaik,32.45605,08/18/2015 05:35:00 PM,11/20/2017 03:17:00 PM,02/15/2018 03:51:00 PM,94.1201,23.7736
Assam Times,http://www.assamtimes.org/node/14643,7728,08/22/2015 09:00:00 AM,,Natonal Highway in Jorabat area,Hundreds of vehicles have been remaining stranded on the Natonal Highway in Jorabat area where a huge hillock slipped on road the in the wee hours. It took several hours to clear the road. - See more at: http://www.assamtimes.org/node/14643#sthash.6wgmNZxM.dpuf,Natonal Highway in Jorabat area,5km,landslide,continuous_rain,medium,above_road,0.0,0.0,,,,glc,7728.0,India,IN,Assam,2000.0,Dispur,8.83912,05/27/2016 02:58:00 PM,11/20/2017 03:17:00 PM,02/15/2018 03:51:00 PM,91.8806,26.1028
Nagaland Post,https://www.nagalandpost.com/ChannelNews/State/StateNews.aspx?news=TkVXUzEwMDExNjg3MQ%3D%3D,10024,06/25/2017 01:10:00 PM,,"Landslide on road near Ghokuto village, Nagaland","Ghokuto and Viheto villages cut-off as the only road that connects the two villages to Nihokhu was damaged by landslide, triggered by heavy downpour on June 24-25. Road caved in.","Ghokuto, Nagaland",5km,mudslide,continuous_rain,medium,above_road,0.0,0.0,,http://www.nagalandpost.com/cms/newsimages/IMIOWJNWZKVGINVRAFKC_resize.jpg,,,,,,,,,,06/29/2017 01:10:00 PM,11/20/2017 03:17:00 PM,02/15/2018 03:51:00 PM,93.94633448,25.83762589
www.nagalandpost.com,http://www.nagalandpost.com/ChannelNews/State/StateNews.aspx?news=TkVXUzEwMDA0MjY4Nw%3D%3D-bSp8jh3okxw%3D,5274,08/04/2013 12:00:00 AM,,"Suruhuto Town, Nagaland","Incessant torrential rain, which began Sunday at around 11.30 p.m. has completely cut off Suruhuto town from the rest of the state. In a press release, NGZPMC joint secretary Hotoshe Sema said all three links connecting Zunheboto, Mokokchung and Tuensang have been cut off. Road to Zunheboto has been  blocked in 5-6 places and Mokokchung road has been blocked in two places near Zhekuto and Longsa. The valleys of Nanga (Dikhu), Phizo and Tizu, known as rice bowls of Suruhuto Area has been damaged by floods and landslides. Many terrace fields and canals have been washed away by flood. A team of Nanga (Dikhu) Greener Zone Project Management Committee (NGZPMC) who were on GPS mapping of Community Conserved Area (CCA) has been stranded at Nanga valley owing to flood. Log bridges connecting Phuye New/Old and Suruhuto/Surumi/Aichi Saghemi villages have been washed away. Travelers from Tuensang to Kohima/Dimapur via Suruhuto-Coco shortcut road have been requested to take the via Mokokchung rout","Suruhuto Town, Nagaland",25km,landslide,rain,medium,unknown,,,,,,glc,5274.0,India,IN,Nāgāland,29499.0,Zunheboto,13.81486,04/01/2014 12:00:00 AM,11/20/2017 03:17:00 PM,02/15/2018 03:51:00 PM,94.564,26.0838
Indian Express,http://indianexpress.com/article/india/india-others/mizoram-aizawl-houses-swept-away-graves-damaged-by-rain-and-landslide/,7836,08/27/2015 12:00:00 AM,,"National Highway 54, at Kawnpui town","National Highway 54, the state’s lifeline, has also been blocked in several places, including at Kawnpui town","National Highway 54, at Kawnpui town",10km,landslide,downpour,medium,above_road,0.0,0.0,,,,glc,7836.0,India,IN,Mizoram,11043.0,Sāitlaw,12.62554,06/24/2016 07:33:00 PM,11/20/2017 03:17:00 PM,02/15/2018 03:51:00 PM,92.6724,24.042
ibnlive.in,http://ibnlive.in.com/generalnewsfeed/news/flash-floods-landslides-in-arunachal-pradesh/757817.html,3776,07/15/2011 06:00:00 PM,,Itanagar/Naharlagur/Nirjuli,"Meanwhile, massive rains have caused havoc in Seppa depositing boulders and loose sediments in various places in the township. The main thoroughfare Bazaarline and ALC line have been hit hard by the ravaging flood. Landslips also disrupted water supply in the twin capital cities of Itanagar and Naharlagun since yesterday. The 300 mm diameter ductile iron pipe carrying water from Nyroch river, one of the major sources that feeds about eight thousand population of Naharlagun and Nirjuli, was washed away at Tarajuli last evening. Flashflood cut off Seijosa in East Kameng district from rest of the state forcing people to abandon their homes and damaged colonies, mainly the medical, teacher and veterinary colonies, besides damaging the approach road to the government higher secondary school boys hostel, the sources added.",Itanagar/Naharlagur/Nirjuli,5km,landslide,downpour,small,unknown,0.0,,,,,glc,3776.0,India,IN,Arunāchal Pradesh,26912.0,Naharlagun,2.95672,04/01/2014 12:00:00 AM,11/20/2017 03:17:00 PM,02/15/2018 03:51:00 PM,93.7145,27.125
www.ndtv.com,http://www.ndtv.com/article/cities/landslide-triggered-by-heavy-rains-in-arunachal-pradesh-351219,4798,04/07/2013 12:00:00 AM,,"Dibang Valley, Arunachal Pradesh","A monsoon-like situation, with heavy showers triggering landslides, has been prevailing in Dibang Valley district in Arunachal Pradesh, which is prone to natural calamities like flood. Due to intermittent downpour in the district for the last several days, Anini-Roing road -- the thoroughfare linking the district -- has suffered massive blockade at numerous points bringing surface communication along the route to a grinding halt.The affected areas are Erone, Endulin, Ranli, Hunli and Deopani, official sources said on Sunday.Deputy Commissioner (DC) Tamune Miso, who, along with a team of officials, was on an inspection of various ongoing projects at Etalin, Anelih and Arzoo circles, was stranded at Etalin on Saturday due to snapping of road from both ends following the landslides, the sources said.The DC met the Border Roads Organisation (BRO) officials at wayside camp offices and sought cooperation from the road construction agency for clearing the road blockades.","Dibang Valley, Arunachal Pradesh",unknown,landslide,rain,medium,unknown,,,,,,test,4798.0,India,IN,Arunachal Pradesh,0.0,Motuo,98.33608,04/01/2014 12:00:00 AM,11/20/2017 03:17:00 PM,02/15/2018 03:51:00 PM,96.1509,28.8254
E-PAO,http://e-pao.net/GP.asp?src=1..020815.aug15,7388,08/01/2015 12:00:00 AM,,Senam,"At Senam and Tengnoupal, Some people of the two villages vacated their respective houses and shifted their belongings to a safer place as crack has been developed due to landslide in the village.",Senam,5km,landslide,continuous_rain,medium,unknown,0.0,0.0,,,,glc,7388.0,India,IN,Manipur,30418.0,Kakching,14.9647,12/14/2015 09:45:00 PM,11/20/2017 03:17:00 PM,02/15/2018 03:51:00 PM,94.0984,24.416
www.nagalandpost.com,http://www.nagalandpost.com/ChannelNews/State/StateNews.aspx?news=TkVXUzEwMDA0NDY0Nw%3D%3D-jp8K0A7ZhsM%3D,5421,08/30/2013 12:00:00 AM,,"Yakshu, Nagaland","It was also learnt that last week, a road excavator of the BRTF, which was at the site, clearing the landslide, was carried away about 20 feet below the road by heavy mudslide. ","Yakshu, Nagaland",5km,mudslide,unknown,medium,unknown,,,,,,glc,5421.0,India,IN,Nāgāland,33748.0,Tuensang,22.58609,04/01/2014 12:00:00 AM,11/20/2017 03:17:00 PM,02/15/2018 03:51:00 PM,94.9731,26.4205
e-pao,http://www.e-pao.net/GP.asp?src=27..280810.aug10,2343,08/27/2010 04:30:00 PM,,"NH-39 at Ekai village(?), 2 km for Tadubi, Manipur","Imphal, August 27 2010: The state was cut off from the rest of the country as landslides triggered by torrential rains blocked both NH-39 and 53.The disturbances on the highways are amidst the extended 25-day economic blockade imposed by UNC which entered the third day today.  The landslide blocking NH-39 occurred at Ekai village, two kilometer away from Tadubi at about 4.30 pm today while the traffic on NH-53 was blocked by a heavy landslide at Kambirong only 10 metres away from Nungba police station, official reports said.  The report said that due to the landslide at Ekai village, highway traffic has been totally blocked.  A portion of around 10 metres of the hill face has slid due to torrential rains in the last few days, it added.  The road has been totally blocked by rocks and mud forcing freight trucks and other vehicles stranded on both sides of the landslide area.","NH-39 at Ekai village(?), 2 km for Tadubi, Manipur",5km,landslide,downpour,medium,unknown,0.0,,,,,glc,2343.0,India,IN,Nāgāland,92113.0,Kohima,21.83054,04/01/2014 12:00:00 AM,11/20/2017 03:17:00 PM,02/15/2018 03:51:00 PM,94.1327,25.4786
Telegraph India,http://www.telegraphindia.com/1110618/jsp/northeast/story_14127559.jsp,3619,06/17/2011 07:30:00 PM,,"National HWY 31A, Birik (cut off Sikkim)","The rain also triggered mudslides at two places on National Highway 31A, Sikkim’s only road link, holding up nearly 500 vehicles for five hours.","National HWY 31A, Birik (cut off Sikkim)",unknown,mudslide,rain,medium,unknown,0.0,,,,,glc,3619.0,India,IN,,1464.0,Mangan,7.9575,04/01/2014 12:00:00 AM,11/20/2017 03:17:00 PM,02/15/2018 03:51:00 PM,88.4451,27.4885
morungexpress,http://www.morungexpress.com/local/69559.html,3683,07/01/2011 12:00:00 AM,,NH-61 between Botsa and Chiechama,500 ft stretch of road affected by landslide.  Triggered by continuous rain,NH-61 between Botsa and Chiechama,10km,landslide,downpour,medium,unknown,0.0,,,,,glc,3683.0,India,IN,Nāgāland,92113.0,Kohima,23.41407,04/01/2014 12:00:00 AM,11/20/2017 03:17:00 PM,02/15/2018 03:51:00 PM,94.1739,25.8782
Hindu,http://www.thehindu.com/news/national/other-states/life-remains-hit-in-darjeeling-hills/article9222389.ece,9619,10/15/2016 12:00:00 AM,,Namchi,"The road on way to Peiling in Sikkim remained cut off due to landslides at Namchi and Rangpo but the Lava-Lolegaon route in Darjeeling was still working, though only for cars and the small vehicles took long detour through the second route, the officials said.",Namchi,5km,landslide,rain,medium,above_road,0.0,0.0,,,,glc,9619.0,India,IN,Sikkim,1147.0,Namchi,0.56687,10/19/2016 01:07:00 PM,11/20/2017 03:17:00 PM,02/15/2018 03:51:00 PM,88.3664,27.1695
International Business Times,http://www.ibtimes.co.in/meghalaya-massive-landslide-east-jaintia-hills-flash-floods-shillong-hit-normal-life-643439,7591,03/19/2015 12:00:00 AM,,Ratacherra,"Minor landslides were also reported in Tongseng, Ratacherra and Dona areas.",Ratacherra,5km,landslide,rain,small,unknown,0.0,0.0,,,,glc,7591.0,India,IN,Assam,55290.0,Karīmganj,20.79709,03/24/2016 12:56:00 AM,11/20/2017 03:17:00 PM,02/15/2018 03:51:00 PM,92.4584,25.0318
articles.timesofindia.indiatimes.com,http://articles.timesofindia.indiatimes.com/2013-09-08/guwahati/41872983_1_flood-situation-arunachal-pradesh-landslides,5441,09/02/2013 12:00:00 AM,,"Gosang Village Under Jengging Circle, Arunachal Pradesh","With improvement in the weather, the water level of major rivers in Eastern Arunachal showed a receding trend even as West and Upper Siang districts in the state remained cut off due to massive landslides triggered by torrential rain. Chief Minister Nabam Tuki on Saturday undertook an aerial survey of the affected areas accompanied by Chief Secretary Hari Krishna and Secretary, Disaster Management, Kapa Kholie, officials said on Sunday. Reports had poured in of the Noa Dihing River rising over danger level and inundating portions of Dumpani and four other villages under Diyun circle in Changlang district. At least 13,246 people of eleven villages have been affected by the current wave of flood. Landing at Diyun, Tuki took first hand report of the situation from local Legislator C C Singpho and officials of the district administration, sources said. The swollen river has triggered landslides in at least seven villages while about 85 hectares have been submerged in five villages, they sa","Gosang Village Under Jengging Circle, Arunachal Pradesh",5km,landslide,downpour,large,unknown,,,,,,glc,5441.0,India,IN,Arunāchal Pradesh,18425.0,Along,52.08889,04/01/2014 12:00:00 AM,11/20/2017 03:17:00 PM,02/15/2018 03:51:00 PM,94.9829,28.611
Business Standard,http://www.business-standard.com/article/pti-stories/two-killed-in-mizoram-landslide-116072900324_1.html,9232,07/28/2016 11:00:00 PM,,"Ngur, near Mizoram-Myanmar border, India","A woman and her three-year-old daughter were killed and six others injured when a house was hit by a massive landslide at Ngur village at Mizoram-Myanmar border, police said today.   Bodies of Dawnsianmuangi (42) and her daughter were taken out from the mud by the villagers following the landslide last night.   Dawnsiangmuangi's youngest daughter, who is three-month old, is safe, police said.   One of the six injured persons was Laltlanthanga, a voluntary rescue worker, who sustained spinal injury and was brought to the Aizawl Civil Hospital.   Nine families abandoned their houses in Ngur after incessant rainfall in village for two days, police said.","Ngur, near Mizoram-Myanmar border, India",1km,landslide,continuous_rain,medium,unknown,2.0,6.0,,,,glc,9232.0,India,IN,Mizoram,2537.0,Khawhai,31.21935,07/29/2016 05:24:00 PM,11/20/2017 03:17:00 PM,02/15/2018 03:51:00 PM,93.3783,23.5397
thesop.org,http://thesop.org/story/20120701/woman-killed-in-guwahati-by-landslide.html,4434,06/25/2012 06:00:00 PM,,"Sonaighuli area near Kahilipara, Guwahati City, Assam","A woman was killed and a man injured in landslide in Guwahati city on Monday evening, June 25, police said. The incident took place at Sonaighuli area near Kahilipara in the city on Monday evening, when a woman was hit by a rock during landslide after heavy rain in previous 48 hours. The deceased was identified as Pinky Mondal. n the same incident, a person named Anup Mondal was also injured, and he was admitted to the Guwahati Medical College hospital for treatment.","Sonaighuli area near Kahilipara, Guwahati City, Assam",1km,landslide,downpour,large,unknown,1.0,,,,,glc,4434.0,India,IN,Assam,2000.0,Dispur,7.2318,04/01/2014 12:00:00 AM,11/20/2017 03:17:00 PM,02/15/2018 03:51:00 PM,91.7369,26.1049
beacononline.wordpress,http://beacononline.wordpress.com/2009/08/16/darjeeling-hills-five-killed-in-landslides-highway-blocked/,1090,08/16/2009 12:00:00 AM,,"Malutar tea estate, Darjeeling, West Bengal","Two other persons Kala Sherpa (42) of Sirubari and Jaikumar Rai (30) of Malutar tea estate were also killed in a landslide, the DM said.","Malutar tea estate, Darjeeling, West Bengal",5km,landslide,downpour,medium,unknown,2.0,,,,,glc,1090.0,India,IN,Bengal,123797.0,Dārjiling,8.13774,04/01/2014 12:00:00 AM,11/20/2017 03:17:00 PM,02/15/2018 03:51:00 PM,88.268,26.9599
isikkim.com,http://isikkim.com/2012-06-landslides-disrupt-surface-communication-in-arunachal-pradesh-05-9/,4378,06/02/2012 12:00:00 AM,,"Arunachal Pradesh, Dibang,","In Arunachal Pradesh, heavy landslides caused by torrential rain has disrupted surface communication between Dibang and Lower Diwang Valley districts. Since last three days there is no communication between Anini and Roing, the headquarters of both the districts. This is due to blockade at several points along the road caused by heavy downpour, officials said here today.","Arunachal Pradesh, Dibang,",50km,landslide,downpour,medium,unknown,,,,,,test,4378.0,India,IN,Arunachal Pradesh,0.0,Motuo,98.40115,04/01/2014 12:00:00 AM,11/20/2017 03:17:00 PM,02/15/2018 03:51:00 PM,96.1517,28.8254
NDTV,http://www.ndtv.com/andhra-pradesh-news/3-killed-in-landslide-in-arunachal-pradesh-781829,7214,07/15/2015 08:00:00 AM,,Type-IV Colony of Seppa in East Kameng,"Torrential rains in the past 24 hours have caused heavy landslides in various areas of the district headquarters damaging several houses, roads, culverts, pipelines and electricity poles.  three victims - a couple and their three-year-old son killed on the spot",Type-IV Colony of Seppa in East Kameng,5km,landslide,monsoon,medium,urban,3.0,0.0,,,,glc,7214.0,India,IN,Arunachal Pradesh,7121.0,Bomdila,61.6633,07/17/2015 01:38:00 PM,11/20/2017 03:17:00 PM,02/15/2018 03:51:00 PM,93.0385,27.36
articles.timesofindia.indiatimes.com,http://articles.timesofindia.indiatimes.com/2013-10-07/guwahati/42793381_1_anil-nagar-heavy-rain-nabin-nagar,5582,10/06/2013 12:45:00 PM,,"Batahguli, Guwahati, Assam","Heavy downpour in the last 24 hours paralyzed life in Guwahati and a landslide triggered by the rain claimed the life of an elderly person in the city on Sunday. The rain also dampened the spirit of Durga Puja shopping in the city. Kamrup (Metro) additional deputy commissioner Dhrubajyoti Das said one Man Bahadur Gurung (80) of Batahghuli area in the city died when a rock rolled down the hills and hit Gurung, who was sitting at the foothills. Another landslide occurred on the Nilachal Hill, but no one was injured in the incident.","Batahguli, Guwahati, Assam",5km,landslide,downpour,medium,unknown,1.0,,,,,glc,5582.0,India,IN,Assam,2000.0,Dispur,3.79782,04/01/2014 12:00:00 AM,11/20/2017 03:17:00 PM,02/15/2018 03:51:00 PM,91.8383,26.1309
timesofindia.indiatimes,http://timesofindia.indiatimes.com/india/13-killed-as-rains-wrack-havoc-in-north-and-eastern-India-/articleshow/6532367.cms,2405,09/09/2010 11:00:00 PM,,"Mossing(Mosing) village(?), Upper Siang district, Arunachal Pradesh","Sep 10, 2010, 09.40pm IST  NEW DELHI: Thirteen people were killed as heavy monsoon rains wracked havoc in north and east India, triggering landslides and inundating lakhs of acres of farmland on Friday.  At least eight people were buried alive under the debris following massive landslides triggered by incessant rains in Arunachal Pradesh.  Upper Siang district remained cut off after a vital bridge connecting the area with other places was badly damaged due to flash floods and landslides.  ","Mossing(Mosing) village(?), Upper Siang district, Arunachal Pradesh",unknown,landslide,downpour,medium,unknown,10.0,,,,,glc,2405.0,India,IN,Arunāchal Pradesh,25581.0,Pāsighāt,27.57255,04/01/2014 12:00:00 AM,11/20/2017 03:17:00 PM,02/15/2018 03:51:00 PM,95.4112,28.3036
e-pao.net,http://e-pao.net/GP.asp?src=7..020611.jun11,3556,05/31/2011 02:00:00 PM,,"Roads between Tamei(Tamma?), Kangpokpi and Chalwa, Manipur","June 01 2011: The denizens of Tamei subdivision while using the IT Road from Kangpokpi to Tamei stretch take immense risk as landslides have begun to occur as the rainy season begins.  As recent as on Tuesday, the flooding streams between Tamei and Chalwa had brought down debris and dumped along the road making the communters very hard to negotiate.  Communters pasing after 2 pm failed to reach their destination due to the road problem yesterday.","Roads between Tamei(Tamma?), Kangpokpi and Chalwa, Manipur",25km,landslide,continuous_rain,small,unknown,0.0,,,,,glc,3556.0,India,IN,Manipur,223523.0,Imphal,39.70921,04/01/2014 12:00:00 AM,11/20/2017 03:17:00 PM,02/15/2018 03:51:00 PM,93.8474,25.1555
e-pao.net,http://e-pao.net/GP.asp?src=6..111010.oct10,2569,10/08/2010 12:00:00 AM,,"Bungte Chiru village(?), Senapati district, Manipur","According to a delayed report reaching here atleast six houses have been damaged in landslides that occurred unexpectedly in the morning of October 8 at Bungte Chiru village under Saitu Assembly Constituency of Senapati district.  The report said that out of the six houses, one has been destroyed beyond redemption while the five others have been partially damaged.  Chief of Bungte Chiru village Rihangkha Thanglen said properties worth around Rs 5 lakhs have been destroyed in the landslides.","Bungte Chiru village(?), Senapati district, Manipur",5km,landslide,downpour,medium,unknown,0.0,,,,,glc,2569.0,India,IN,Nāgāland,92113.0,Kohima,45.24129,04/01/2014 12:00:00 AM,11/20/2017 03:17:00 PM,02/15/2018 03:51:00 PM,94.0212,25.2745
Mizoram Express,http://mizoramexpress.com/index.php/2010/09/mizoram-landslides-kill-one-woman/,2423,09/13/2010 12:00:00 AM,,"road to Kanan Veng from Hunthar Veng, Mizoram","In Hunthar Veng, the kitchen side of H. Lalchhanhima’s house was damaged by a landslide while the road to Kanan Veng was blocked by a landslide. ","road to Kanan Veng from Hunthar Veng, Mizoram",1km,landslide,downpour,medium,above_road,,,,,,glc,2423.0,India,IN,Mizoram,20244.0,Serchhīp,8.59507,04/01/2014 12:00:00 AM,11/20/2017 03:17:00 PM,02/15/2018 03:51:00 PM,92.71060943,23.73504471
articles.timesofindia,http://articles.timesofindia.indiatimes.com/2011-05-27/guwahati/29591193_1_dima-hasao-landslide-traffic-movement,3532,05/24/2011 12:00:00 AM,,"Silchar-Haflong rd., at Reko(Rekha )(?), near Harangajao, Barail Hills, Assam","May 27, 2011, 12.15pm IST  SILCHAR: Traffic movement on the Silchar-Haflong Road (NH-54) has been hit following heavy landslide in a 200-metre area on the highway. The situation is expected to remain the same for the next two months.  According to reports, the landslide took place on Tuesday evening due to heavy rainfall in the Barail Hills range. Two rice-laden trucks also went under the debris. Officials said soil, mud, trees and debris came down to the road from the adjoining hills at Reko near Harangajao, 25 km from Haflong, the headquarters of Dima Hasao district. About 200 meters stretch of the road was washed away due to the impact of the mudslip, an official said on Thursday.  Sources said two trucks, which were on their way to Haflong from Silchar, went under the debris. However, there was no report of any casualty, the sources added. The trucks were loaded with rice meant for midday meal at schools in Dima Hasao.  ""The stretch of the road where the landslide took place has v","Silchar-Haflong rd., at Reko(Rekha )(?), near Harangajao, Barail Hills, Assam",10km,complex,downpour,medium,unknown,0.0,,,,,glc,3532.0,India,IN,Assam,39982.0,Hāflong,18.40848,04/01/2014 12:00:00 AM,11/20/2017 03:17:00 PM,02/15/2018 03:51:00 PM,92.8551,25.0888
thehindu,http://www.thehindu.com/news/states/other-states/article600333.ece,2345,08/27/2010 06:00:00 PM,,"Daragaon(?), Gangtok city, Sikkim","Gangtok, August 28, 2010  Heavy rains triggering landslides has affected large parts of Sikkim in which one person was killed and many houses were damaged, officials said today.   In the State capital Gangtok, a massive landslide in the residential area below Daragaon damaged four buildings last evening, forcing evacuations from these structures. ","Daragaon(?), Gangtok city, Sikkim",5km,landslide,downpour,medium,unknown,0.0,,,,,glc,2345.0,India,IN,Sikkim,30700.0,Gangtok,1.63012,04/01/2014 12:00:00 AM,11/20/2017 03:17:00 PM,02/15/2018 03:51:00 PM,88.6188,27.3392
The Assam Tribune,http://www.assamtribune.com/scripts/detailsnew.asp?id=sep0615/city053,7956,09/05/2015 12:00:00 AM,,Byrnihat,"Another landslide occurred in the 17th Mile area of Byrnihat today, blocking the four lanes of the Guwahati-Shillong Road (NH-40). The road on one side will be cleared by midnight, informed NHAI personnel. Clearance of the other side will be possible only tomorrow.",Byrnihat,1km,landslide,unknown,medium,above_road,0.0,0.0,,http://www.assamtribune.com/sep0615/city053.jpg,,glc,7956.0,India,IN,Meghalaya,2000.0,Dispur,11.90419,06/30/2016 02:50:00 PM,11/20/2017 03:17:00 PM,02/15/2018 03:51:00 PM,91.8695,26.048
Dhaka Tribune,http://www.dhakatribune.com/bangladesh/2015/sep/01/schoolgirl-killed-coxs-bazar-landslide,7924,09/01/2015 11:30:00 AM,,Cox's Bazar,"A school girl has been killed in a landslide in south Mohoripara area in Cox’s Bazar.Farzana Rashid, 14, was the daughter of Abu Taher and a class VII student of College Gate Ilias Mia High School.Sadar upazila Chairman GM Rahim Ullah said: “The landslide took place around 11:30am Tuesday due to the heavy rain in the area since Monday night.”",Cox's Bazar,5km,landslide,downpour,medium,above_road,1.0,0.0,,,,glc,7924.0,Bangladesh,BD,Chittagong,253788.0,Cox’s Bāzār,6.81666,06/29/2016 07:44:00 PM,11/20/2017 03:17:00 PM,02/15/2018 03:51:00 PM,91.96737514,21.47819035
Mizoram Express,http://mizoramexpress.com/index.php/2010/09/mizoram-landslides-kill-one-woman/,2425,09/13/2010 12:00:00 AM,,"near Tuichang(?) on Tuichang river, Aizawl-Champhai rd, Mizoram","Sep 15, 2010  AIZAWL: Aizawl-Champhai road also was blocked by landslides in two places near Tuivawl and Tuichang.  ZONET Champhai Corr. said, the road block near Tuivawl was cleared while men are still at work till in the afternoon to clear the road block near Tuichang.","near Tuichang(?) on Tuichang river, Aizawl-Champhai rd, Mizoram",25km,landslide,downpour,medium,unknown,0.0,,,,,glc,2425.0,India,IN,Mizoram,2537.0,Khawhai,6.62394,04/01/2014 12:00:00 AM,11/20/2017 03:17:00 PM,02/15/2018 03:51:00 PM,93.0748,23.3439
The Shillong Times,http://www.theshillongtimes.com/2015/06/17/entire-family-among-5-dead-in-tura-landslides/,6970,06/16/2015 12:00:00 AM,,Akonggre,Chotelal Prasad was severely injured after boulders fell on his house and was rushed to Tura Civil Hospital where he succumbed to his injuries.,Akonggre,1km,rock_fall,downpour,small,above_road,1.0,0.0,,,,glc,6970.0,India,IN,Meghalaya,63645.0,Tura,1.79502,06/25/2015 08:15:00 PM,11/20/2017 03:17:00 PM,02/15/2018 03:51:00 PM,90.2191,25.5084
www.nagalandpost.com,http://www.nagalandpost.com/channelnews/State/StateNews.aspx?news=TkVXUzEwMDA0MzQ3OQ%3D%3D-qmeQz2DKZMo%3D,5312,08/11/2013 11:00:00 PM,,Kangtsung Village,"MLA and Chairman, Nagaland Pollution Control, Amenba Yaden Saturday visited the landslide area at Kangtsung village and its surrounding areas under Tuli in Mokokchung district. Major landslides had completely cut off road connectivity of Kangtsung and Anaki areas of Tuli Sub-division, Mokokchung district with the rest of the state. Kangtsung Village Council and all the villagers expressed gratitude to the MLA and Chairman, Nagaland Pollution Control for showing his concern. The council also thanked the concerned department officials for their visit and requested to take necessary steps to restore the roads at the earliest. At the same time, the village council at its own expenses had pressed into service two JCBs and a Dumper, since Monday to clear the road so that light vehicles and pedestrians could pass. Out of the 40-50, 8 to 10 major landslides caused immense distress to the villagers since August 11. Rain triggered landslides began hitting the area on August 11 though no loss of ",Kangtsung Village,10km,landslide,downpour,very_large,unknown,0.0,,,,,glc,5312.0,India,IN,Assam,8494.0,Amguri,20.23756,04/01/2014 12:00:00 AM,11/20/2017 03:17:00 PM,02/15/2018 03:51:00 PM,94.693,26.7103
sify.com,http://sify.com/news/500-tourists-stranded-in-Sikkim-due-to-landslides-news-National-kgca4ibdgfd.html,1929,05/31/2010 11:00:00 PM,,"North Sikkiim Highway, periphery of Gangtok, Sikkim East district","Over 500 tourists were stranded in the periphery of Gangtok since Monday night following multiple landslides triggered by heavy rainfall in Sikkim.  Sikkim Deputy Inspector General of Police S. Rao said the landslides occurred in the Sikkim East district around this capital town and famous tourist resort.  'Over 500 stranded tourists had to spend the night under open skies. More than 100 vehicles were also stranded as the North Sikkim Highway was blocked,' Rao said.  The Border Roads Organisation (BRO) personnel began clearing the highway and other roads in the morning and rescued the trapped tourists, who were then brought here.  The vehicles were then removed to Gangtok, Rao said.  The East Sikkim district has experienced 100 mm rain since Sunday. ","North Sikkiim Highway, periphery of Gangtok, Sikkim East district",5km,landslide,downpour,medium,unknown,0.0,,,,,glc,1929.0,India,IN,Sikkim,30700.0,Gangtok,4.38314,04/01/2014 12:00:00 AM,11/20/2017 03:17:00 PM,02/15/2018 03:51:00 PM,88.6428,27.3543
assamtribune,http://www.assamtribune.com/scripts/detailsnew.asp?id=oct1110/oth05,2568,10/08/2010 12:00:00 AM,,"Nungba, Tamenglong, Manipur","The traffic along the 220 km Imphal-Jiribam section of the National Highway 53 has also been disturbed due to landslide at Nungba in Tamenglong district. Owing to the landslide, over 200 loaded trucks heading towards Imphal from Jiribam was stranded, police said.  ","Nungba, Tamenglong, Manipur",25km,landslide,downpour,medium,unknown,0.0,,,,,glc,2568.0,India,IN,Assam,12871.0,Lakhipur,40.71672,04/01/2014 12:00:00 AM,11/20/2017 03:17:00 PM,02/15/2018 03:51:00 PM,93.4108,24.7679
IBN Live,http://www.ibnlive.com/news/india/incessant-rains-trigger-landslide-and-mud-slips-in-nagaland-1029674.html,7409,08/02/2015 12:00:00 AM,,Meluri Sub-Division in Phek District of Nagaland,Incessant rains for the past few days have caused mud slips and landslide in some areas under Meluri Sub-Division in Phek District of Nagaland.,Meluri Sub-Division in Phek District of Nagaland,10km,landslide,continuous_rain,medium,unknown,0.0,0.0,,,,glc,7409.0,India,IN,Nagaland,15118.0,Phek,13.58896,02/04/2016 01:20:00 AM,11/20/2017 03:17:00 PM,02/15/2018 03:51:00 PM,94.6219,25.72
Nagaland Post,http://www.nagalandpost.com/ChannelNews/State/StateNews.aspx?news=TkVXUzEwMDEwMDE5MQ%3D%3D,9219,07/26/2016 11:00:00 PM,,"Zunheboto, Nagaland, India","Incessant heavy downpour since the past few weeks has caused landslides across Zunheboto district.  On July 26 night, the kitchen of one of the employees of Zunheboto Town Council (ZTC) was completely damaged by a retaining wall which fell due to landslide in the area.  On joint verification headed by Head DB, Zunheboto, Toyi and colony GB Vihoto Achumi it was learnt that the property was completely damaged by the landslide.","Zunheboto, Nagaland, India",5km,landslide,downpour,medium,retaining_wall,0.0,0.0,,,,glc,9219.0,India,IN,Nagaland,29499.0,Zunheboto,4.95159,07/28/2016 06:02:00 PM,11/20/2017 03:17:00 PM,02/15/2018 03:51:00 PM,94.5282,26.0101
Mizzima News,http://mizzima.com/news-domestic/four-killed-landslide-phakant,9027,07/12/2016 12:00:00 AM,,"Jade mine in HmawShan Village in Phakant Township of Kachin State, Myanmar","Other source: http://www.myanmaritv.com/news/landslide-4-killed-phakant. Four migrant miners died in a landslide in Phakant that occurred on 12 July, state media reported on 15 July.  The landslide happened at a mountain of dumped soil from jade mines in the evening when seven migrant workers were searching for jade among dumped soil.  To prevent further landslides, local authorities have suggested that migrant miners squatting around at-risk areas be relocated to safer areas and that mining companies dump their waste soil in accordance with technical safety rules, the report said.","Jade mine in HmawShan Village in Phakant Township of Kachin State, Myanmar",5km,landslide,mining,medium,mine,4.0,0.0,,http://www.myanmaritv.com/sites/default/files/styles/flexslider_full/public/140716%20jade%20landslide%20%28Copy%29.jpg?itok=UzyYRV0W,,glc,9027.0,Myanmar [Burma],MM,Kachin,90894.0,Myitkyina,109.50664,07/18/2016 08:04:00 PM,11/20/2017 03:17:00 PM,02/15/2018 03:51:00 PM,96.3495,25.6566
Daily India,http://www.dailyindia.com/show/176095.php/Frequent-landslides-in-Bengal-Sikkim-damage-highways,274,09/20/2007 12:00:00 AM,,"Multiple places along 31A, Tarkhola area in Kalimpong district and Sevoke in WB",Roads were in deplorable condition after multiple days of heavy rain caused landslides in area,"Multiple places along 31A, Tarkhola area in Kalimpong district and Sevoke in WB",50km,landslide,rain,medium,unknown,,,,,,glc,274.0,India,IN,Bengal,43000.0,Kālimpang,2.26284,04/01/2014 12:00:00 AM,11/20/2017 03:17:00 PM,02/15/2018 03:51:00 PM,88.4572,27.0875
indianexpress,http://www.indianexpress.com/news/Landslides-cut-off-N-E/695456,2579,10/09/2010 12:00:00 AM,,"Lower Pezielietsie(Tinpati), Kohima, Manipur","Landslides caused by heavy rain damaged several houses and shops in Lower Pezielietsie in Kohima Saturday, rendering several families homeless. A Maruti van was washed away and damaged after it was buried in the debris, reports from Kohima said. ","Lower Pezielietsie(Tinpati), Kohima, Manipur",1km,landslide,downpour,medium,unknown,0.0,,,,,glc,2579.0,India,IN,Nāgāland,92113.0,Kohima,0.88008,04/01/2014 12:00:00 AM,11/20/2017 03:17:00 PM,02/15/2018 03:51:00 PM,94.1076,25.682
zeenews,http://www.zeenews.com/news569539.html,1225,10/06/2009 12:00:00 AM,,"20 districts, with the heaviest showers in southern Bhutan, followed by western Bhutan ","The rainfall, which started around 7 pm on Tuesday evening, has hit all 20 districts, with the heaviest showers in southern Bhutan, followed by western Bhutan. Record rains since 1996 pounded Bhutan as major rivers swelled and landslides blocked national highways.","20 districts, with the heaviest showers in southern Bhutan, followed by western Bhutan ",unknown,landslide,downpour,medium,unknown,,,,,,glc,1225.0,Bhutan,BT,Shemgang,852.0,Shemgang,24.04761,04/01/2014 12:00:00 AM,11/20/2017 03:17:00 PM,02/15/2018 03:51:00 PM,90.4997,27.0524
The Northeast Today,http://thenortheasttoday.com/landslides-damage-houses-graves-in-aizawl/,8223,09/14/2015 03:10:00 AM,,"Aizawl, Mizoram, India","Landslides triggered by heavy downpour on Monday night have swept away two houses and damaged 39 graves in Aizawl. In Zemabawk neighbourhood in the eastern periphery of the city, two houses were carried away by landslide which also blocked the national highway 54, connecting Aizawl eastern parts of the state. There were no human casualties as family members of the two buildings managed to flee before the incident that took place around 3:10am this morning. The landslide also buried one maxicab and a truck parked on the roadside.","Aizawl, Mizoram, India",5km,landslide,downpour,large,above_road,0.0,0.0,,http://thenortheasttoday.com/wp-content/uploads/2015/09/11999911_1012700208774619_1460153118_n.gif,,glc,8223.0,India,IN,Mizoram,265331.0,Aizawl,0.6548,07/05/2016 02:49:00 PM,11/20/2017 03:17:00 PM,02/15/2018 03:51:00 PM,92.7187,23.7348
Daily Star,http://www.thedailystar.net/one-killed-4-injured-in-bandarban-landslide-63887,6753,02/08/2015 12:00:00 PM,,Siddique Nagar in Bandarban Sadar,"A worker was killed and four others were injured in a landslide while cutting a hill for construction of a road in Siddique Nagar area of Bandarban Sadar upazila yesterday. The deceased was identified as Mohammad Jakaria, 24, a resident of Teknaf upazila in Cox's Bazar district.",Siddique Nagar in Bandarban Sadar,50km,rock_fall,mining,small,mine,1.0,4.0,,http://www.thedailystar.net/upload/gallery/image/arts/bandarban-landslide-killed.jpg,,glc,6753.0,Bangladesh,BD,Chittagong,32523.0,Bāndarban,0.7726,02/09/2015 11:31:00 PM,11/20/2017 03:17:00 PM,02/15/2018 03:51:00 PM,92.2217,22.202
kuenselonline,http://www.kuenselonline.com/modules.php?name=News&file=article&sid=16168,2110,07/21/2010 02:00:00 AM,,"Phuntsholing : 22 July, 2010 - Three people have been killed and five others injured in Pasakha and Phuentsholing by landslides and heavy rains, whic*","22 July, 2010 - Three people have been killed and five others injured in Pasakha and Phuentsholing by landslides and heavy rains, which also damaged a bailey bridge and flooded some areas of the industrial estate.   In Pasakha, two boys aged 6 and 15, of Singye village were killed around 2 am, when the room they were sleeping was buried under a mudslide. Singye village is a half hour uphill climb from the Pasakha industrial estate.  The mother of the six-year old boy, who was also sleeping in the same room, was saved by her parents and sisters, who were sleeping in the two other rooms of the single storied cement house.  The body of the six-year-old was dug out half an hour later. However, the family could not find the body of the 15-year-old. Police and neighbours helped retrieve the body at around five in the morning.  A 62-year old non Bhutanese, who worked as a caretaker of a building in Kabreytar, was also killed when his house was buried under a huge tree that came down in a muds",,10km,landslide,downpour,medium,unknown,3.0,,,,,glc,2110.0,Bhutan,BT,Chhukha,17043.0,Phuntsholing,1.08837,04/01/2014 12:00:00 AM,11/20/2017 03:17:00 PM,02/15/2018 03:51:00 PM,89.3943,26.8599
The Daily Star,http://www.thedailystar.net/city/3-family-hurt-sylhet-mudslide-95881,6982,06/11/2015 09:00:00 AM,,Muhona residential area of Sylhet,Three members of a family were injured as a chunk of earth from a rain-soaked hill fell on their tin-roofed house,Muhona residential area of Sylhet,5km,landslide,rain,small,urban,0.0,3.0,,,,glc,6982.0,Bangladesh,BD,Sylhet,237000.0,Sylhet,0.58709,06/26/2015 02:39:00 PM,11/20/2017 03:17:00 PM,02/15/2018 03:51:00 PM,91.8771,24.9016
mizzima,http://www.mizzima.com/news/inside-burma/4-inside-burma/917-six-killed-in-a-landslide-in-upper-burma,720,08/16/2008 12:00:00 AM,,"Bobadan' village, Ruby rich Mogoke (Moegok) town",occurred 10:45 local time,"Bobadan' village, Ruby rich Mogoke (Moegok) town",25km,landslide,monsoon,medium,unknown,6.0,,,,,glc,720.0,Myanmar [Burma],MM,Mandalay,90843.0,Mogok,3.6311,04/01/2014 12:00:00 AM,11/20/2017 03:17:00 PM,02/15/2018 03:51:00 PM,96.48,22.9
Shillong Times,http://www.theshillongtimes.com/2015/08/20/child-washed-away-in-tura/,7336,08/19/2015 09:00:00 AM,,NH-62 at Sibbari,The three days of deluge caused a portion of NH-62 to remain closed for some hours at Sibbari area due to a land slip on Wednesday morning.,NH-62 at Sibbari,10km,landslide,continuous_rain,medium,above_road,0.0,0.0,,,,glc,7336.0,India,IN,Meghalaya,79016.0,Netrakona,41.13405,08/21/2015 10:12:00 PM,11/20/2017 03:17:00 PM,02/15/2018 03:51:00 PM,90.5549,25.2193
Arunchal Times,http://www.arunachaltimes.in/monsoon-fury-continues-to-pound-tawang/,9252,07/28/2016 12:00:00 AM,,"Dolma Lhakang complex, Lumla, Tawang,  Arunachal Pradesh, India","Monsoon fury continues to pound Tawang with the rain not stopping, triggering heavy landslide causing extensive damages to roads, snapping water and power supplies in large part of the district. Fresh incidents of landslides and house collapses were reported on Friday after moderate to heavy rains lashed the region. Already cut-off from the mainland with water and power supply snapped, the connectivity inside the Lumla sub-division has been choked, bringing administrative functioning to a grinding halt. A major landslide has occurred at Dolma Lhakang complex on Thursday posing threat to the Tara Devi statue which is religious tourist place. “Landslide was taking place since last few days but it has reached near the statue due to continuous rain since Thursday. Immediate measures are needed to prevent further damage”, said Lama Tsedar, a monk. “Dolma Lhakang is an important landmark for Lumla, both from religious and tourism point of view. We are positive that administration will work o","Dolma Lhakang complex, Lumla, Tawang,  Arunachal Pradesh, India",5km,landslide,monsoon,medium,unknown,0.0,0.0,,http://www.arunachaltimes.in/wp-content/uploads/2016/07/Monsoon-fury-continues-to-pound-Tawang-300x206.jpg,,glc,9252.0,India,IN,Arunachal Pradesh,4831.0,Tawang,5.92679,08/01/2016 02:56:00 PM,11/20/2017 03:17:00 PM,02/15/2018 03:51:00 PM,91.8644,27.5748
hindustantimes,http://www.hindustantimes.com/StoryPage/StoryPage.aspx?id=f31c1a18-8a57-44ad-b45f-5765f562b803&MatchID1=4721&TeamID1=8&TeamID2=6&MatchType1=2&SeriesID1=1189&MatchID2=4747&TeamID3=4&TeamID4=1&MatchType2=2&SeriesID2=1196&PrimaryID=4721&Headline=Land,626,07/03/2008 12:00:00 AM,,"Cox's Bazar, Moheshkhali,Teknaf","Ten people were killed in landslides in Teknaf sub district and Moheshkhali offshore island of Cox's Bazar, a police officer said","Cox's Bazar, Moheshkhali,Teknaf",5km,landslide,downpour,medium,unknown,20.0,,,,,glc,626.0,Bangladesh,BD,Chittagong,253788.0,Cox’s Bāzār,3.68821,04/01/2014 12:00:00 AM,11/20/2017 03:17:00 PM,02/15/2018 03:51:00 PM,92.0,21.44
Kuensel Newspaper online,http://www.kuenselonline.com/modules.php?name=News&file=article&sid=9111,254,09/10/2007 12:00:00 AM,,Baling Primary School in Trongsa,Kuensel Newspaper online,Baling Primary School in Trongsa,50km,landslide,rain,medium,unknown,,,,,,glc,254.0,Bhutan,BT,Shemgang,852.0,Shemgang,28.525,04/01/2014 12:00:00 AM,11/20/2017 03:17:00 PM,02/15/2018 03:51:00 PM,90.4032,27.0971
irrawaddy,http://www.irrawaddy.org/article1.php?art_id=12708,582,06/11/2008 12:00:00 AM,,"Mogok, Mandalay Division","hit gem center, 20 houses damaged","Mogok, Mandalay Division",10km,landslide,downpour,medium,unknown,11.0,,,,,glc,582.0,Myanmar [Burma],MM,Mandalay,90843.0,Mogok,1.02751,09/11/2014 05:20:00 PM,11/20/2017 03:17:00 PM,02/15/2018 03:51:00 PM,96.5016,22.9231
The Times of India,http://timesofindia.indiatimes.com/india/Darjeeling-landslides-kill-20/articleshow/47891729.cmshttp://timesofindia.indiatimes.com/india/Darjeeling-landslides-kill-20/articleshow/47891729.cms,7038,07/01/2015 12:00:00 AM,,"Khahare Khola, Kurseong","According to a report with boulders and rocks covering the main road in Kurseong, at Khahare Khola, the access to Siliguri via NH 55 is cut off.","Khahare Khola, Kurseong",10km,landslide,downpour,medium,above_road,0.0,0.0,,,,glc,7038.0,India,IN,West Bengal,46427.0,Kārsiyāng,0.32102,07/01/2015 07:17:00 PM,11/20/2017 03:17:00 PM,02/15/2018 03:51:00 PM,88.2807,26.8781
e-pao.net,http://e-pao.net/GP.asp?src=Snipp8..230813.aug13,5300,08/09/2013 12:00:00 AM,,"Senapati, Manipur","The heavy downpour in Senapati during the past weeks has caused landslides and flood like situation in low land areas in many parts of the district. Besides the National Highway, State highway and Inter Village Roads were badly affected by the downpour. Meanwhile, a press note issued by the Headmaster of Koide Government High School stated that vast portion of school compound in its Southern side has been washed away due to heavy downpour in recent past. It stated that approximately 118 ft in length and 20 ft in height portion of land was washed away. The villagers sought the immediate action of the concerned department to save the lone school building in the village from further collapse and damage, maintained the press note.","Senapati, Manipur",50km,landslide,downpour,large,unknown,,,,,,glc,5300.0,India,IN,Nāgāland,92113.0,Kohima,40.08056,04/01/2014 12:00:00 AM,11/20/2017 03:17:00 PM,02/15/2018 03:51:00 PM,94.0441,25.318
E-PAO,http://e-pao.net/GP.asp?src=26..120815.aug15,7665,08/11/2015 12:00:00 AM,,Khoupum,"In a press statement, ZB-AMN General Secretary Dr Gairiangmei Maringmei said due to recent incessant rain, several areas of the Zeliangrong region have experienced landslides.",Khoupum,5km,landslide,continuous_rain,medium,unknown,0.0,0.0,,,,glc,7665.0,India,IN,Manipur,0.0,Bishnupur,31.62348,04/28/2016 10:35:00 PM,11/20/2017 03:17:00 PM,02/15/2018 03:51:00 PM,93.5291,24.7016
Zeenews.com,,133,07/21/2007 12:00:00 AM,,Beldanga,closest to predicted location of Kalingapatam (760.60 km),Beldanga,50km,landslide,rain,medium,unknown,1.0,,,,,glc,133.0,India,IN,Bengal,27489.0,Beldānga,2.35894,04/01/2014 12:00:00 AM,11/20/2017 03:17:00 PM,02/15/2018 03:51:00 PM,88.2374,23.9304
www.dhakatribune.com,http://www.dhakatribune.com/bangladesh/2013/jul/29/spate-deaths-landslides-continues,5218,07/28/2013 04:30:00 AM,,"Lal Khan Bazaar, Chittagong, Chittagong Division","The latest incident took place only Sunday when a landslide, triggered by heavy rain, left a woman and her daughter dead in the cityÕs Lalkhan Bazar area. - See more at: http://www.dhakatribune.com/bangladesh/2013/jul/29/spate-deaths-landslides-continues#sthash.dVp5FmQd.dpuf","Lal Khan Bazaar, Chittagong, Chittagong Division",1km,landslide,downpour,medium,unknown,2.0,,,,,glc,5218.0,Bangladesh,BD,Chittagong,3920222.0,Chittagong,2.28507,04/01/2014 12:00:00 AM,11/20/2017 03:17:00 PM,02/15/2018 03:51:00 PM,91.8151,22.3521
ptinews,http://www.ptinews.com/news/721800_Landslides--blockade-hit-trains-services-in-NC-Hills,1994,06/16/2010 12:00:00 AM,,"rails between Jatinga and Longrangjao(?), Assam","Train services in central Assam's North Cachar Hills district have been disrupted due to heavy landslides and a three-day railway blockade called by a students organisation today.  The landslide and blockade affected the Agartala Special, Cachar Express, Barak Valley Passenger, Hill Queen and several other goods trains, railway sources said here today.  Landslides between Jatinga and Longrangjao as well as Mahur and Wadringdisa yesterday stopped rail traffic in the district, the sources said.","rails between Jatinga and Longrangjao(?), Assam",25km,landslide,downpour,medium,unknown,0.0,,,,,glc,1994.0,India,IN,Assam,39982.0,Hāflong,24.41974,04/01/2014 12:00:00 AM,11/20/2017 03:17:00 PM,02/15/2018 03:51:00 PM,92.8025,25.0633
morungexpress,http://www.morungexpress.com/local/68036.html,3760,07/11/2011 09:00:00 AM,,"NH-61, 1 km before reaching Botsa","Kohima | July 11 : The incessant rainfall last night resulted in a massive landslide this early morning at NH-61, 1 Km before reaching Botsa. Sources said vehicles were stand off for a long time till the road was cleared. PWD department on receiving information entrusted the local contractors to clear off the road since the department does not have enough and good machineries and with the efforts of the local contractor’s road was reportedly opened by 11.15 am. Executive engineer PWD disclosed that they had a meeting and decided to take temporary measures where the machineries belonging to the contractors will be deployed for sometime.","NH-61, 1 km before reaching Botsa",25km,landslide,downpour,medium,unknown,0.0,,,,,glc,3760.0,India,IN,Nāgāland,92113.0,Kohima,0.50696,04/01/2014 12:00:00 AM,11/20/2017 03:17:00 PM,02/15/2018 03:51:00 PM,94.1095,25.6703
The Daily Star,http://www.thedailystar.net/newDesign/latest_news.php?nid=24242,1980,06/15/2010 08:00:00 AM,,"Uttarpara Baganboni(?), Naikhangchhari upazila(?), Bandarban","In Bandarban, four members of a family were killed in a landslide at Uttarpara Baganboni in Naikhangchhari upazila early Tuesday morning, UNB adds.  The victims were identified as Khairul Bashar, 35, his wife Parveen Akther, 27, son Sakib, 7, and daughter Fatema.  Local sources said all the four were killed, buried under a heavy chunk of mud that fell on Khairul’s house at the foot of a hill during heavy downpour.","Uttarpara Baganboni(?), Naikhangchhari upazila(?), Bandarban",unknown,landslide,downpour,medium,unknown,4.0,,,,,glc,1980.0,Bangladesh,BD,Chittagong,32523.0,Bāndarban,24.6146,04/01/2014 12:00:00 AM,11/20/2017 03:17:00 PM,02/15/2018 03:51:00 PM,92.3333,22.0
Business Standard,http://www.business-standard.com/article/pti-stories/rains-landslips-affect-life-in-north-bengal-116101201035_1.html,9587,10/12/2016 12:00:00 AM,,between Siliguri and Sevak,"A major portion at one spot of a key road between Siliguri and Sevak in Darjeeling district caved in due to landslip and only small cars were passing by the remaining portion of the road with great risk, the officials said.",between Siliguri and Sevak,25km,landslide,downpour,medium,below_road,0.0,0.0,,,,glc,9587.0,India,IN,West Bengal,12311.0,Odlābāri,16.30041,10/18/2016 11:54:00 AM,11/20/2017 03:17:00 PM,02/15/2018 03:51:00 PM,88.4695,26.8692
myrepublica,http://www.myrepublica.com/portal/index.php?action=news_details&news_id=8836,1104,08/19/2009 12:00:00 AM,,Mechi Highway at Siteni of Kolbu-9 (Kolbung??),"Owing to another landslide, a section of Mechi Highway has caved in at Siteni of Kolbu-9. Landslide has also disrupted power supply in some parts of Ilam.",Mechi Highway at Siteni of Kolbu-9 (Kolbung??),10km,landslide,downpour,medium,unknown,0.0,,,,,test,1104.0,Nepal,NP,Eastern Region,10109.0,Mirik,11.33063,04/01/2014 12:00:00 AM,11/20/2017 03:17:00 PM,02/15/2018 03:51:00 PM,88.125,26.8042
The Daily Star,http://www.thedailystar.net/country/6-killed-landslide-wall-collapse-ctg-113944,7223,07/19/2015 01:30:00 AM,,Lal Khan Bazaar,"In Lalkhan area, two of a family and one of another family were killed due to wall collapse after heavy rainfall around 1:30am",Lal Khan Bazaar,1km,other,downpour,small,urban,3.0,0.0,,,,glc,7223.0,Bangladesh,BD,Chittagong,3920222.0,Chittagong,2.21135,07/20/2015 02:12:00 PM,11/20/2017 03:17:00 PM,02/15/2018 03:51:00 PM,91.8147,22.3507
The Indian Express,http://indianexpress.com/article/cities/kolkata/farmer-killed-fresh-landslide-in-kurseong/,7139,07/07/2015 11:00:00 PM,,Kurseong,Body of a 53-year-old farmer was recovered in Kalimpong Wednesday morning after heavy rain resulted in another landslide in Kurseong in the disaster-torn Darjeeling district late Tuesday night. Officials say Dilli Ram Adhikary was washed away in the rain and his body was recovered from Lower Bong Bustee in Kalimpong region. - See more at: http://indianexpress.com/article/cities/kolkata/farmer-killed-fresh-landslide-in-kurseong/#sthash.48iEGRr2.dpuf,Kurseong,5km,landslide,continuous_rain,medium,unknown,1.0,0.0,,http://images.indianexpress.com/2015/07/landslide-pune.jpg,,glc,7139.0,India,IN,West Bengal,46427.0,Kārsiyāng,0.32469,02/04/2016 04:44:00 PM,11/20/2017 03:17:00 PM,02/15/2018 03:51:00 PM,88.2806,26.8826
kuenselonline,http://www.kuenselonline.com/modules.php?name=News&file=article&sid=15535,2116,07/22/2010 12:00:00 AM,,Phuentsholing-Thimphu highway,"Three people have been killed and five others injured in Pasakha and Phuentsholing by landslides and heavy rains, which also damaged a bailey bridge and flooded some areas of the industrial estate.   Meanwhile, with the Phuentsholing-Thimphu highway being blocked at several points, with a massive blockade at Ganglakha, about 32 km from Phuenthsholing, vehicles were not allowed to ply yesterday.",Phuentsholing-Thimphu highway,10km,landslide,downpour,medium,unknown,0.0,,,,,glc,2116.0,Bhutan,BT,Chhukha,2855.0,Tsimasham,4.30817,04/01/2014 12:00:00 AM,11/20/2017 03:17:00 PM,02/15/2018 03:51:00 PM,89.5615,27.0674
kanglaonline,http://www.kanglaonline.com/index.php?template=headline&newsid=43094&typeid=1,692,08/07/2008 12:00:00 AM,,"National Highway-39, Dimapur-Imphal road and another under Kiphire district of Nagaland","Torrential rains during monsoon caused problems in Nagaland and Manipur, resulting in major landslides damaging bridges and sinking roads along the National Highway-39 and also in different parts of Nagaland. Occurred sometime 7th to 22nd","National Highway-39, Dimapur-Imphal road and another under Kiphire district of Nagaland",10km,landslide,downpour,medium,unknown,,,,,,glc,692.0,India,IN,Nāgāland,92113.0,Kohima,7.87804,04/01/2014 12:00:00 AM,11/20/2017 03:17:00 PM,02/15/2018 03:51:00 PM,94.04,25.705
morungexpress,http://www.morungexpress.com/local/67219.html,3633,06/20/2011 12:00:00 AM,,Mokokchung,"Mokokchung, June 21 (DIPR): Several houses were damaged at Mokokchung town by landslide after heavy downpour on Monday night (July 20). On receiving report from different wards, District Administration, MMC and concern officials visited the affected houses in different wards.  Three houses were badly damaged in Artang and Majakong wards while minor damaged of several houses mainly in Artang, Majakong and Alempang wards were reported. Beside many roads were blocked by landslide in and around Mokokchung town affecting vehicular movements. District Administration, Mokokchung Municipal Council and Department of Food and Civil Supplies, have given cash and kind to the major affected families as immediate relief. While personnel of fire services, ward Members are giving their best effort to restore the damage.   ",Mokokchung,5km,landslide,downpour,medium,unknown,0.0,,,,,glc,3633.0,India,IN,Nāgāland,34021.0,Mokokchūng,0.92729,04/01/2014 12:00:00 AM,11/20/2017 03:17:00 PM,02/15/2018 03:51:00 PM,94.5121,26.3186
E-PAO,http://e-pao.net/GP.asp?src=22..020815.aug15,7374,08/01/2015 12:00:00 AM,,Ukhrul town Circular road from Rayotang to Viewland Zone II,"In separate similar incidents, due to sinking of Ukhrul town Circular road from Rayotang to Viewland Zone II, a newly constructed Meitei Baptist Church building, including pastor quarter and kitchen have been destroyed, while heavy downpour that lashed the district over the last 48 hours has left some three dwelling houses damaged at Dungrei Junction.",Ukhrul town Circular road from Rayotang to Viewland Zone II,10km,landslide,continuous_rain,medium,below_road,0.0,0.0,,,,glc,7374.0,India,IN,Manipur,223523.0,Imphal,53.75747,02/04/2016 04:49:00 PM,11/20/2017 03:17:00 PM,02/15/2018 03:51:00 PM,94.3591,25.1122
articles.timesofindia,http://articles.timesofindia.indiatimes.com/2012-07-07/guwahati/32577108_1_arunachal-district-landslides-arunachal-pradesh,4446,07/05/2012 12:00:00 AM,,"Tuting, Upper Siang , Arunachal Pradesh",Tuting in Upper Siang district of Arunachal Pradesh is cut off from the rest of the country following massive landslides triggered by torrential rain over the past couple of days.,"Tuting, Upper Siang , Arunachal Pradesh",5km,landslide,downpour,large,unknown,,,,,,test,4446.0,India,IN,Arunachal Pradesh,0.0,Damnyain,52.64616,04/01/2014 12:00:00 AM,11/20/2017 03:17:00 PM,02/15/2018 03:51:00 PM,94.8885,28.9986
thehimalayanbeacon.com,http://thehimalayanbeacon.com/magazine/2010/08/28/sikkim-landslides-cut-sikkim-link-woman-disappears-swirling-flash-flood/,2341,08/26/2010 11:00:00 PM,,"NH-31A at Topakhani tunnel(?) and fruit preservation factory(?) and Chisopani bridge(?), near Singtam and Gangtok and Rangpo, Sikkim","Gangtok, Aug. 27: Seven landslides struck a 15km stretch of NH31A and crippled traffic on Sikkim’s only road link with the rest of the country after heavy rain lashed the Himalayan state last night. A 31-year-old woman was washed away in one of the flash floods that followed.  The landslides, four of them major ones, occurred between 32 Mile and Singtam on NH31A, the stretch littered with slush and debris that came tumbling down from the hillside late last night and early this morning.  The landslides left at least 100 vehicles coming from Siliguri stranded on the Bengal-Sikkim border at Rangpo for sometime. While some passengers tried to walk and cross the slides, others returned to Siliguri. “The vehicles — there were lots of them — were told to stay put at Singtam for the night,” said A.K. Singh, the executive engineer of Project Swastik of the Border Roads Organisation that is in charge of the highway. The first major landslide nearest to Gangtok was at the mouth of Topakhani, a 12","NH-31A at Topakhani tunnel(?) and fruit preservation factory(?) and Chisopani bridge(?), near Singtam and Gangtok and Rangpo, Sikkim",10km,landslide,downpour,medium,unknown,0.0,,,,,glc,2341.0,India,IN,,6133.0,Singtām,0.30259,04/01/2014 12:00:00 AM,11/20/2017 03:17:00 PM,02/15/2018 03:51:00 PM,88.497,27.2319
nagalandpost,http://www.nagalandpost.com/ShowStory.aspx?npoststoryiden=UzEwMjg4MDU%3D-2pMJ7cwWh98%3D,2098,07/19/2010 06:00:00 AM,,"Jahjon ward(?), Mon town, Nagaland","Due to heavy rainfall, one house was damaged while other was washed away by the landslide at Jahjon ward, Mon town on July 19 around 6 am.  Apart from the damage of properties and houses, no casualty was reported. ","Jahjon ward(?), Mon town, Nagaland",5km,landslide,downpour,medium,unknown,0.0,,,,,glc,2098.0,India,IN,Nāgāland,18742.0,Mon,3.39049,04/01/2014 12:00:00 AM,11/20/2017 03:17:00 PM,02/15/2018 03:51:00 PM,95.0283,26.7215
Daily Star,http://www.thedailystar.net/country/rain-triggers-landslide-floods-bandarban-khagrachhari-130276,7718,08/21/2015 12:00:00 AM,,"Bāndarban : At least eight houses were damaged in similar landslides in New Gulshan, Langi Para and Banarupa Para areas of the uapzila amid incessant*","At least eight houses were damaged in similar landslides in New Gulshan, Langi Para and Banarupa Para areas of the uapzila amid incessant rain in the morning, he added.",,1km,landslide,continuous_rain,medium,urban,0.0,0.0,,,,glc,7718.0,Bangladesh,BD,Chittagong,32523.0,Bāndarban,0.78566,05/26/2016 10:06:00 PM,11/20/2017 03:17:00 PM,02/15/2018 03:51:00 PM,92.2135,22.1909
thestatesman.net,http://www.thestatesman.net/page.arcview.php?clid=10&id=198313&usrsess=1,269,09/18/2007 12:00:00 AM,,Geyzing-Jorethang road and Naya Bazar-Legship road,along multiple roads in province,Geyzing-Jorethang road and Naya Bazar-Legship road,50km,landslide,rain,medium,unknown,,,,,,glc,269.0,India,IN,Sikkim,1147.0,Namchi,16.10912,04/01/2014 12:00:00 AM,11/20/2017 03:17:00 PM,02/15/2018 03:51:00 PM,88.2816,27.2872
gsi.gov,"http://www.portal.gsi.gov.in/portal/page?_pageid=127,875814&_dad=portal&_schema=PORTAL",2205,08/06/2010 12:00:00 AM,,"Dawrpui Vengthar cemetary, Aizwal, Mizoram","As per PTI report a massive landslide triggered by heavy rains on 6th August 2010 at the cemetery of Dawrpui Vengthar locality, Aizwal has swept away number of tombs. ","Dawrpui Vengthar cemetary, Aizwal, Mizoram",1km,landslide,downpour,medium,unknown,0.0,,,,,glc,2205.0,India,IN,Mizoram,265331.0,Aizawl,0.90276,04/01/2014 12:00:00 AM,11/20/2017 03:17:00 PM,02/15/2018 03:51:00 PM,92.7146,23.7365
kuenselonline,http://www.kuenselonline.com/modules.php?name=News&file=article&sid=16186,2109,07/21/2010 12:00:00 AM,,Sunkosh-Dagana rd,"24 July, 2010 - Massive landslides triggered by continuous heavy rains has cut off Trashigang, Sarpang, Zhemgang and Phuentsholing from the rest of the country for about three days, show records with the department of roads (DoR).  One of the country’s most landslide prone roads, the Sunkosh – Dagana highway will remain blocked for five days; as boulders, debris and mud washed down by massive landslides since July 21 have to be cleared.",Sunkosh-Dagana rd,25km,landslide,downpour,medium,unknown,0.0,,,,,glc,2109.0,Bhutan,BT,Daga,2243.0,Daga,7.2341,04/01/2014 12:00:00 AM,11/20/2017 03:17:00 PM,02/15/2018 03:51:00 PM,89.9442,27.0502
assamtribune,http://www.assamtribune.com/scripts/detailsnew.asp?id=oct1312/oth06,4610,11/11/2012 12:00:00 AM,,"Dapchhuah, Mamit, Mizoram","Four people were killed and several places remained inaccessible due to road blockade caused by landslides since yesterday as heavy rains lashed Mizoram since Wednesday night, police said. The driver and operator of an excavator and the driver of a private vehicle were killed following a massive landslide near Dapchhuah village on Mizoram-Tripura border Mamit district last evening.While the body of Nasim Uddin, working under Muzir Uddin, operator of the excavator, was found, the search for the bodies of Muzir Uddin and Lalnunsiama, the driver of the vehicle, was on.","Dapchhuah, Mamit, Mizoram",5km,landslide,downpour,medium,unknown,4.0,,,,,glc,4610.0,India,IN,Mizoram,5760.0,Sairang,14.01872,04/01/2014 12:00:00 AM,11/20/2017 03:17:00 PM,02/15/2018 03:51:00 PM,92.5217,23.7705
www.nagalandpost.com,http://www.nagalandpost.com/ChannelNews/State/StateNews.aspx?news=TkVXUzEwMDA0MjY4Nw%3D%3D-bSp8jh3okxw%3D,5275,08/04/2013 12:00:00 AM,,"Suruhuto Town, Nagaland","Incessant torrential rain, which began Sunday at around 11.30 p.m. has completely cut off Suruhuto town from the rest of the state. In a press release, NGZPMC joint secretary Hotoshe Sema said all three links connecting Zunheboto, Mokokchung and Tuensang have been cut off. Road to Zunheboto has been  blocked in 5-6 places and Mokokchung road has been blocked in two places near Zhekuto and Longsa. The valleys of Nanga (Dikhu), Phizo and Tizu, known as rice bowls of Suruhuto Area has been damaged by floods and landslides. Many terrace fields and canals have been washed away by flood. A team of Nanga (Dikhu) Greener Zone Project Management Committee (NGZPMC) who were on GPS mapping of Community Conserved Area (CCA) has been stranded at Nanga valley owing to flood. Log bridges connecting Phuye New/Old and Suruhuto/Surumi/Aichi Saghemi villages have been washed away. Travelers from Tuensang to Kohima/Dimapur via Suruhuto-Coco shortcut road have been requested to take the via Mokokchung rout","Suruhuto Town, Nagaland",10km,landslide,monsoon,medium,unknown,,,,,,glc,5275.0,India,IN,Nāgāland,34021.0,Mokokchūng,21.25445,04/01/2014 12:00:00 AM,11/20/2017 03:17:00 PM,02/15/2018 03:51:00 PM,94.6055,26.1498
bhutanobserver,http://www.bhutanobserver.bt/2009/bhutan-news/10/massive-mudslide-blocks-highway.html,1260,10/15/2009 12:00:00 AM,,"Thimphu-Paro highway near Tamchoe drupchhu, five km from Chhuzom towards Paro","A massive mudslide on the Thimphu-Paro highway near Tamchoe drupchhu, five km from Chhuzom towards Paro, brought the traffic to standstill for over three hours yesterday.  Some 20 stranded passengers travelling to Paro made transit trips to their destination. Others waited till the road was cleared partially, at 2:40 pm.","Thimphu-Paro highway near Tamchoe drupchhu, five km from Chhuzom towards Paro",5km,mudslide,rain,small,unknown,0.0,,,,,glc,1260.0,Bhutan,BT,Paro,2169.0,Paro,18.30722,04/01/2014 12:00:00 AM,11/20/2017 03:17:00 PM,02/15/2018 03:51:00 PM,89.545,27.3144
I Love Siliguri,http://ilovesiliguri.com/nh10-closed-landslide-between-coronation-bridge-and-sevoke-kalibari-today-morning/,9138,07/21/2016 09:00:00 AM,,"NH 10 between Coronation Bridge and Sevoke Kalibari, West Bengal, India",Landslide closes NH 10 between Coronation Bridge and Sevoke Kalibari today.,"NH 10 between Coronation Bridge and Sevoke Kalibari, West Bengal, India",1km,landslide,rain,medium,above_road,0.0,0.0,,,,glc,9138.0,India,IN,West Bengal,12311.0,Odlābāri,17.23368,07/22/2016 07:50:00 PM,11/20/2017 03:17:00 PM,02/15/2018 03:51:00 PM,88.4719,26.9015
headlinesindia,http://www.headlinesindia.com/natural-disasters/flood/darjeeling-landslide-toll-reaches-27-12747.html,1031,05/26/2009 12:00:00 AM,,"Kurseong, Darjeeling, West Bengal","With the recovery of three more bodies, the toll in the landslides in West Bengal's hill district of Darjeeling due to Cyclone Aila has risen to 27, police said today.   ""We have recovered three bodies from the debris at Rangiabong under Jorbungalow police station area this (Thursday) morning. One of the bodies has been identified as Pramila Rai, 68,"" a senior official of the Jorbungalow police station said.   He said the teams of Natural Disaster Management Authority have started rescue operations in the cyclone-hit areas.   Meanwhile, state Home Secretary Ardhendu Sen reached Darjeeling Thursday morning to hold meetings with the district administration. He is likely to visit the landslide-affected zones and will also survey the situation there.   ""Search operations are on in some areas as at least four people are still missing from the Darjeeling district after the cyclonic storm,"" the police officer said.   According to district administration sources, 14 bodies were found in ar","Kurseong, Darjeeling, West Bengal",5km,landslide,tropical_cyclone,medium,unknown,7.0,,Cyclone Aila,,,glc,1031.0,India,IN,Bengal,46427.0,Kārsiyāng,0.21657,04/01/2014 12:00:00 AM,11/20/2017 03:17:00 PM,02/15/2018 03:51:00 PM,88.2791,26.8836
Yahoo News,https://www.yahoo.com/news/landslide-kills-17-myanmar-state-media-031059438.html?ref=gs,8708,10/13/2015 12:00:00 AM,,Myanmar (Burma),"A landslide triggered by torrential rains has killed at least 17 people in eastern Myanmar and forced the evacuation of scores more, state media said on Tuesday.  The landslide hit a village in Hpa-saung township in the remote Kayah state on Monday afternoon, killing 10 men and seven women, the Global New Light of Myanmar reported.  More than 360 people areas have been relocated to temporary relief camps that have been opened at schools and a local hospital, with more heavy rain expected, it said.  Scores of people died in July when the worst flooding in years hit the country, affecting 1.6 million people nationwide.  Myanmar's annual monsoon rains provide a lifeline to farmers but can also prove deadly, with landslides and flash floods a common occurrence.  The recent floods have devastated vast swathes of land in the country's crucial rice bowl regions and raised concerns about reaching voters ahead of much-anticipated November 8 elections.",Myanmar (Burma),unknown,landslide,monsoon,large,unknown,17.0,0.0,,,,glc,8708.0,Myanmar [Burma],MM,Mandalay,117303.0,Pyin Oo Lwin,10.9417,07/08/2016 01:53:00 PM,11/20/2017 03:17:00 PM,02/15/2018 03:51:00 PM,96.4669,22.1334
morungexpress,http://www.morungexpress.com/frontpage/53726.html,2247,08/14/2010 12:00:00 AM,,"Tuensang-Shamatore(Sampurre) rd, Nagaland","People cross a portion of the landslide area, along the National Highway 39, below Kohima, on Saturday, August 21, 2010. The calamities which affect the National Highway 39 started from August 7 after continuous heavy rainfall in the hilly state of Nagaland.   Almost all roads in Tuensang district including those connecting the district headquarters have become unpliable for both the Nagaland State Transport (NST) buses and private vehicles. Some of the roads worst hit by landslides and land-sinking are Tuensang-Shamatore road, Noklak-Tuensang road, Kiphire-Tuensang road and Tuensang-Mokokchung road. (Very unclear about the date, anytime between August 7th and August 21st)","Tuensang-Shamatore(Sampurre) rd, Nagaland",10km,landslide,downpour,medium,unknown,0.0,,,,,glc,2247.0,India,IN,Nāgāland,33748.0,Tuensang,13.31188,04/01/2014 12:00:00 AM,11/20/2017 03:17:00 PM,02/15/2018 03:51:00 PM,94.8422,26.148
africa.reuters,http://africa.reuters.com/world/news/usnDEL257604.html,727,08/18/2008 12:00:00 AM,,"Lalkhan Bazar in Chittagong, Cox Bazar","occurred in morning at Motijharna, chunks of soil rolled down from 10-12 meters smashing huts below; 142 millimeters (5.6 inches) of rain in 24 hours","Lalkhan Bazar in Chittagong, Cox Bazar",10km,landslide,monsoon,medium,unknown,11.0,,,,,glc,727.0,Bangladesh,BD,Chittagong,3920222.0,Chittagong,0.83926,07/20/2015 02:06:00 PM,11/20/2017 03:17:00 PM,02/15/2018 03:51:00 PM,91.8242,22.3421
The Statesman,http://www.thestatesman.com/news/northeast/landslides-snap-siliguri-gangtok-road-link/70121.html,6964,06/17/2015 12:00:00 AM,,"National Highway 31A, Darjeeling Hills","Note: one article listed multiple landslides, unspecific. Following heavy rainfall in the Darjeeling hills, there were three landslides at three spots on National Highway 31A, considered the lifeline of Sikkim.","National Highway 31A, Darjeeling Hills",50km,landslide,downpour,small,unknown,0.0,0.0,,,,glc,6964.0,India,IN,West Bengal,43000.0,Kālimpang,6.96339,06/25/2015 07:37:00 PM,11/20/2017 03:17:00 PM,02/15/2018 03:51:00 PM,88.443,27.0087
morungexpress,http://www.morungexpress.com/regional/1752.html,683,08/01/2008 12:00:00 AM,,"Meghalaya, Kalaphahar kills",4 villages on Bangladesh-India border affected by flooding/sand-debris blocking major roads. Occurred sometime 7-20 to 8-16,"Meghalaya, Kalaphahar kills",50km,landslide,rain,medium,unknown,,,,,,glc,683.0,Bangladesh,BD,Sylhet,237000.0,Sylhet,3.0718,04/01/2014 12:00:00 AM,11/20/2017 03:17:00 PM,02/15/2018 03:51:00 PM,91.9022,24.896
theshillongtimes.com,http://theshillongtimes.com/2011/08/17/landslides-claim-six/,3927,08/16/2011 08:00:00 AM,,"Garo Hills, Tura","torrential rains from seasonal monsoon, fatalities occurred when landslides buried houses, roads and bridges severely damaged, extensive damage to property and livestock","Garo Hills, Tura",unknown,landslide,downpour,medium,unknown,6.0,,,,,glc,3927.0,India,IN,Meghālaya,63645.0,Tura,0.82423,04/01/2014 12:00:00 AM,11/20/2017 03:17:00 PM,02/15/2018 03:51:00 PM,90.2167,25.5144
reuters,http://www.reuters.com/article/latestCrisis/idUSBKK101112,678,07/30/2008 12:00:00 AM,,"Hmawzizar Jade Mine in Phakant, Pha-Kant in Kachin state",collapsed jade mine,"Hmawzizar Jade Mine in Phakant, Pha-Kant in Kachin state",25km,complex,downpour,large,unknown,20.0,,,,,glc,678.0,Myanmar [Burma],MM,Kachin,90894.0,Myitkyina,115.14342,09/12/2014 07:03:00 PM,11/20/2017 03:17:00 PM,02/15/2018 03:51:00 PM,96.275,25.606
foxnews,http://www.foxnews.com/world/2012/06/27/landslides-kill-30-in-southern-bangladesh513572/,4431,06/24/2012 12:00:00 AM,,Bandarban ,"Landslides and floods caused by heavy monsoon rains killed at least 91 people in southern Bangladesh and many more were missing, the government said Wednesday.  At least 37 died in Cox's Bazar, 33 in neighboring Bandarban and another 21 in Chittagong, mostly in a series of landslides, the Disaster Management Ministry said. It said soldiers were joining the search for the missing. Three days of torrential rain in the region of small hills and forests dislodged huge chunks of earth which buried flimsy huts where families were sleeping late Tuesday and early Wednesday. Many homeless people live at the foot of the hills or close to them despite warnings from authorities.  Read more: http://www.foxnews.com/world/2012/06/27/landslides-kill-30-in-southern-bangladesh513572/#ixzz2HgIbeaxQ  Read more: http://www.foxnews.com/world/2012/06/27/landslides-kill-30-in-southern-bangladesh513572/#ixzz2HgIT0LvN",Bandarban ,unknown,landslide,downpour,large,unknown,36.0,,,,,glc,4431.0,Bangladesh,BD,Chittagong,52005.0,Sātkania,48.13191,04/01/2014 12:00:00 AM,11/20/2017 03:17:00 PM,02/15/2018 03:51:00 PM,92.3783,21.7684
India times,http://timesofindia.indiatimes.com/India/Flood-hit_Tripura_Mizoram_remain_cut_off_for_seventh_day/articleshow/2380211.cms,259,09/11/2007 12:00:00 AM,,"Assam-Agartala National Highway, Sonarpur in Jayantiya hills of Meghalaya","on highway, blocking road","Assam-Agartala National Highway, Sonarpur in Jayantiya hills of Meghalaya",unknown,landslide,rain,medium,unknown,,,,,,glc,259.0,India,IN,Meghālaya,25758.0,Nongstoin,0.4599,04/01/2014 12:00:00 AM,11/20/2017 03:17:00 PM,02/15/2018 03:51:00 PM,91.27,25.52
Daily Star,http://www.thedailystar.net/city/ctg-manila-hill-owner-fined-tk-10-lakh-landslide-118918,7359,09/27/2015 12:00:00 AM,,"District Shilpakala Academy, Chittagong city","The Department of Environment (DoE) yesterday fined the owner of Manila hill Tk 10 lakh for keeping 2,500 sacks of sand on the hill slope which resulted in a landslide in Chittagong city on Sunday.","District Shilpakala Academy, Chittagong city",25km,landslide,construction,small,urban,0.0,0.0,,,,glc,7359.0,Bangladesh,BD,Chittagong,3920222.0,Chittagong,2.58085,10/28/2015 09:56:00 PM,11/20/2017 03:17:00 PM,02/15/2018 03:51:00 PM,91.8236,22.3605
in.reuters,http://in.reuters.com/article/topNews/idINIndia-33975420080609,574,06/07/2008 12:00:00 AM,,"Wangkha, about 90 km south of the capital, Thimphu",Ten workers died at site when a big boulder hit the rear of the truck,"Wangkha, about 90 km south of the capital, Thimphu",50km,complex,rain,medium,unknown,12.0,,,,,glc,574.0,Bhutan,BT,Chhukha,17043.0,Phuntsholing,21.03652,04/01/2014 12:00:00 AM,11/20/2017 03:17:00 PM,02/15/2018 03:51:00 PM,89.591,26.7969
wireupdate.com,http://wireupdate.com/news/dozens-dead-hundreds-missing-after-heavy-rains-and-landslides-hit-burma.html,4021,10/20/2011 12:00:00 AM,,"Pakkokku , Magwe Division ","At least 58 people have been killed and hundreds more are missing after flash floods hit central Burma this week, officials told a Burmese newsorganization in exile on Saturday.The flooding happened on Thursday in the town of Pakkokku in the Magwe Division after torrential rains hit the region. A local official told Mizzima News that at least 58 people were killed while 320 others are still missing as a result of landslides and flood waters.Four relief centers in local monasteries have opened to assist flood victims. According to residents, at least 500 houses from an illegal slum quarter located along the Shwechaung stream were swept away by the flood waters.""There was a landslide along the bank of the stream, about 400 or 500 yards (365 to 457 meters) in length in some places. About 15 to 20 feet (4.5 to 6 meters) of soil eroded and the houses were swept away by the water. In total about 500 houses [were affected],"" said one resident.South East Asia has been hit by unusually heavy ","Pakkokku , Magwe Division ",5km,landslide,downpour,large,unknown,0.0,,,,,glc,4021.0,Myanmar [Burma],MM,Magway,126938.0,Pakokku,0.18343,04/01/2014 12:00:00 AM,11/20/2017 03:17:00 PM,02/15/2018 03:51:00 PM,95.0827,21.3354
Assam Times,http://www.assamtimes.org/node/11181,6112,06/28/2014 09:00:00 AM,,"Kharghuli Hills, Assam","Over 50 people had a narrow escape in Guwahati when 13 houses collapsed in landslide on Saturday. The incident took place in the morning at Kharghuli hilltop where 13 houses were damaged in landslide. The people inside the houses, who were remaining alert, however, managed to escape the tragedy. The incident took place 24 hours after three persons of a family died in landslide in Bhangagarh area.","Kharghuli Hills, Assam",exact,landslide,rain,medium,unknown,0.0,0.0,,,,glc,6112.0,India,IN,Assam,899094.0,Guwahati,2.35032,08/24/2014 12:00:00 AM,11/20/2017 03:17:00 PM,02/15/2018 03:51:00 PM,91.7652,26.1964
The Daily Star,http://www.thedailystar.net/country/6-killed-landslide-wall-collapse-ctg-113944,7222,07/19/2015 02:00:00 AM,,"Amin Colony, Bayazid",Six people of three families were killed in separate incidents of landslide and wall collapse at Bayezid and Lalkhan areas of Chittagong city due to heavy rain early today.  The authorities have asked people of the neighbourhood through miking this noon to move to safer places to ensure safety,"Amin Colony, Bayazid",5km,landslide,downpour,small,urban,3.0,0.0,,,,glc,7222.0,Bangladesh,BD,Chittagong,3920222.0,Chittagong,6.02922,07/20/2015 02:06:00 PM,11/20/2017 03:17:00 PM,02/15/2018 03:51:00 PM,91.8177,22.3913
India Today In,http://indiatoday.intoday.in/story/darjeeling-landslides-heavy-rains-west-bengal/1/448268.html,7039,07/01/2015 12:00:00 AM,,8 mile in Kalimpong,15 people missing at 8th and 11th mile,8 mile in Kalimpong,1km,landslide,downpour,medium,unknown,0.0,0.0,,,,glc,7039.0,India,IN,West Bengal,43000.0,Kālimpang,0.90229,07/01/2015 07:09:00 PM,11/20/2017 03:17:00 PM,02/15/2018 03:51:00 PM,88.456,27.0678
The hindu.com,,231,09/05/2007 12:00:00 AM,,Darjeeling Hills (Lebong - 10 km from Darjeeling,"damaged structures in area, one debris flow hit a jeep at 7:30am",Darjeeling Hills (Lebong - 10 km from Darjeeling,5km,landslide,rain,medium,unknown,15.0,,,,,glc,231.0,India,IN,Bengal,123797.0,Dārjiling,0.79891,04/01/2014 12:00:00 AM,11/20/2017 03:17:00 PM,02/15/2018 03:51:00 PM,88.28121204,27.06826195
E-PAO,http://e-pao.net/GP.asp?src=1..020815.aug15,7390,08/01/2015 12:00:00 AM,,between Tengnoupal-Sita junction and Tengnoupal Power Sub-Station,In between Tengnoupal-Sita junction and Tengnoupal Power Sub-Station landslide occurred at four locations and blocked the Tengnoupal-Sangshak road,between Tengnoupal-Sita junction and Tengnoupal Power Sub-Station,25km,landslide,continuous_rain,medium,above_road,0.0,0.0,,,,glc,7390.0,India,IN,Manipur,7528.0,Wāngjing,22.17372,12/14/2015 10:05:00 PM,11/20/2017 03:17:00 PM,02/15/2018 03:51:00 PM,94.1913,24.4265
"The Hindu, Bharat Press",,7036,07/01/2015 12:00:00 AM,,"Mahendra village, Thana Line, Tingling Garden village in Mirik","At least 20 people went missing after a rain-triggered landslip in Mirik, A local district administration official said the landslip was “huge” and “may have killed many.""Three people were killed in Mahendra village, two in Thana Line and 14 in Tingling Limbu village in Mirik.","Mahendra village, Thana Line, Tingling Garden village in Mirik",5km,landslide,downpour,large,unknown,42.0,0.0,,,,glc,7036.0,India,IN,West Bengal,10109.0,Mirik,1.28532,07/09/2015 05:40:00 PM,11/20/2017 03:17:00 PM,02/15/2018 03:51:00 PM,88.1881,26.8352
beacononline.wordpress,http://beacononline.wordpress.com/2009/08/21/darjeeling-hillssikkim-landslides-claim-five-in-hills/,1106,08/20/2009 12:00:00 AM,,"(Okai Tea Garden) Mirik, Darjeeling, West Bengal","While Dal Bahadur Rai (50) and his wife Sunita Rai alias Shanti Rai (47), residents of Tarsing Busty in Mirik, were buried in the debris when the hill side came tumbling down while they were sleeping in their home, the four-years-old Ashish Rai of Geetkolbong in Kalimpong sub-division was also killed by the landslide in that area.","(Okai Tea Garden) Mirik, Darjeeling, West Bengal",1km,landslide,continuous_rain,medium,unknown,2.0,,,,,glc,1106.0,India,IN,Bengal,10109.0,Mirik,2.62334,04/01/2014 12:00:00 AM,11/20/2017 03:17:00 PM,02/15/2018 03:51:00 PM,88.1667,26.8992
Mizoram Express,http://mizoramexpress.com/index.php/2010/09/mizoram-landslides-kill-one-woman/,2420,09/13/2010 12:00:00 AM,,"Tuikual 'C', Aizawl, Mizoram","Landslide triggered by heavy rain in Tuikual ‘C’ on Monday killed a woman, R. Laltanpuii.  According to Aizawl Police sources, the landslide buried the woman while she was collecting water with her friend. Luckily, her friend who was nearby her escaped unhurt.  The dead body was handed over to her relatives after post mortem examination in Aizawl Civil Hospital. ","Tuikual 'C', Aizawl, Mizoram",1km,landslide,downpour,medium,urban,1.0,,,,,glc,2420.0,India,IN,Mizoram,20244.0,Serchhīp,8.59507,04/01/2014 12:00:00 AM,11/20/2017 03:17:00 PM,02/15/2018 03:51:00 PM,92.71495623,23.72988966
Saharas Samay,http://www.saharasamay.com/samayhtml/articles.aspx?newsid=84791,264,09/13/2007 12:00:00 AM,,Guwahati,"landslide hit house and buried a family, occurred at 3am",Guwahati,10km,landslide,rain,medium,unknown,,,,,,glc,264.0,India,IN,Assam,2000.0,Dispur,5.28094,04/01/2014 12:00:00 AM,11/20/2017 03:17:00 PM,02/15/2018 03:51:00 PM,91.8,26.1833
news.oneindia,http://news.oneindia.in/2010/07/04/landslidedisrupts-toy-train-services-in-darjeelingdisappo.html,2034,07/04/2010 12:00:00 AM,,"Toy Train rails between Siliguri and Darjeeling, West Bengal","The services of Darjeeling Himalayan Railway (DHR), also known as Toy Train, has been suspended due to a landslide in the hills, disappointing hundreds of tourists coming here from different parts of the country.  The landslide took place on the National Highway 55 severely damaging the narrow gauge track on which the train runs.  But the local rail authority have not taken any initiative to inform the tourists and they continued booking tickets for the toy train journey, leaving tourists angry and disappointed when they learn about disruption of services.","Toy Train rails between Siliguri and Darjeeling, West Bengal",exact,landslide,rain,medium,below_road,0.0,,,,,glc,2034.0,India,IN,Bengal,46427.0,Kārsiyāng,5.89631,03/04/2015 12:22:00 AM,11/20/2017 03:17:00 PM,02/15/2018 03:51:00 PM,88.3052,26.8712
Sikkim times.com,http://sikkimnews.blogspot.com/,251,09/09/2007 12:00:00 AM,,Hingdam village in South Sikkim,"many people displaced, houses damaged",Hingdam village in South Sikkim,50km,landslide,rain,medium,unknown,1.0,,,,,glc,251.0,India,IN,Sikkim,1147.0,Namchi,1.61449,04/01/2014 12:00:00 AM,11/20/2017 03:17:00 PM,02/15/2018 03:51:00 PM,88.35,27.1667
The Telegraph,http://www.telegraphindia.com/1141007/jsp/frontpage/story_18900562.jsp#.VDVSk_ldV8E,6214,10/05/2014 05:45:00 PM,,Jorabat-Umiam route,"Last evening, a massive landslide at Umling in Ri Bhoi district, around 42km from here, claimed one life while several others had a providential escape. Umling is located along the Jorabat-Umiam route. Around 6pm yesterday, six light vehicles and a tanker travelling on that stretch were pushed away by the potent debris, leaving one person from Nagaland in an i20 dead.",Jorabat-Umiam route,5km,landslide,rain,medium,above_road,1.0,0.0,,,,glc,6214.0,India,IN,Meghalaya,14387.0,Nongpoh,7.69459,06/30/2016 05:24:00 PM,11/20/2017 03:17:00 PM,02/15/2018 03:51:00 PM,91.8587,25.9702
ibnlive.in,http://ibnlive.in.com/generalnewsfeed/news/five-killed-in-landslides-in-sikkim/801295.html,3944,08/25/2011 12:00:00 AM,,"Hee-Khola, Sikkim","Five persons including two minors were killed in two separate landslides incident in West Sikkim district, official sources said today. A cloud burst triggered a massive landslide at Samathang village, near Malbasey in West Sikkim in which three members of a family including two children were killed midnight last night, the sources said. Nirmaya Chettri (36) and her two daughters - Manju (16) and Anju (6) were killed while her husband Pratab Chettri was injured when the landslide destroyed their house, they said. In the second landslide incident two persons - Santa Bir Majhi and Sarki Maji working as casual labourers at a private construction site at Hee-Khola in West district were killed on the spot when loose muck from the construction site buried them in the site today, the sources said.","Hee-Khola, Sikkim",10km,landslide,downpour,medium,unknown,2.0,,,,,glc,3944.0,India,IN,,1464.0,Mangan,27.20627,04/01/2014 12:00:00 AM,11/20/2017 03:17:00 PM,02/15/2018 03:51:00 PM,88.633,27.7344
The Himalayan Times,https://thehimalayantimes.com/nepal/landslides-displace-nine-families-ilam/,10022,08/09/2016 04:00:00 AM,,"Landslide at Irautar, Ilam Province, Nepal",,"Irautar, Ilam Province, Nepal",10km,landslide,continuous_rain,medium,natural_slope,0.0,0.0,,,Three families were displaced after a landslide destroyed their houses at Irautar while six other houses are at the risk of displacement.,,,,,,,,,06/29/2017 01:37:00 PM,11/20/2017 03:17:00 PM,02/15/2018 03:51:00 PM,88.11,26.7903
isikkim.com,http://isikkim.com/2012-06-sikkim-landslide-at-tathangchen-poses-threat-to-residents-15-5/,4411,06/14/2012 04:00:00 AM,,"Tathangchen, Gangtok, Sikkim ","The continuous rainfall triggered a landslide on Thursday  morning at 4 am near Kamala Gas agency at Tathangchen, Gangtok.  Though no casualties were reported but the landslide has posed threat to some of the residence. Immediately after the occurrence the ward councilor, Mayor KN Topgay, Deputy Mayor Shakti Singh Chowdhury reached the spot.","Tathangchen, Gangtok, Sikkim ",5km,landslide,downpour,medium,unknown,,,,,,glc,4411.0,India,IN,Sikkim,30700.0,Gangtok,1.57239,04/01/2014 12:00:00 AM,11/20/2017 03:17:00 PM,02/15/2018 03:51:00 PM,88.6065,27.339
kanglaonline.com,http://www.kanglaonline.com/index.php?template=headline&newsid=39229&typeid=2,252,09/09/2007 12:00:00 AM,,"Mao in Manipur, Phipema and Chunikhudima in Nagaland","along NH 39, multiple heavy events, blocked traffic significantly","Mao in Manipur, Phipema and Chunikhudima in Nagaland",25km,landslide,rain,medium,unknown,,,,,,glc,252.0,India,IN,Nāgāland,92113.0,Kohima,19.44563,04/01/2014 12:00:00 AM,11/20/2017 03:17:00 PM,02/15/2018 03:51:00 PM,94.1192,25.4993
Telegraph India,http://telegraphindia.com/1070728/asp/frontpage/story_8116912.asp,142,07/27/2007 12:00:00 AM,,Tura,closest to predicated location of Shillong (138.89 km),Tura,10km,rock_fall,rain,large,unknown,8.0,,,,,glc,142.0,India,IN,Meghālaya,63645.0,Tura,0.94369,04/01/2014 12:00:00 AM,11/20/2017 03:17:00 PM,02/15/2018 03:51:00 PM,90.232,25.5212
Hindustan Times,http://www.hindustantimes.com/india/20-dead-several-houses-swept-away-in-manipur-landslide/story-KoP6OouFBWhqxSdcnLrXJN.html,7384,08/01/2015 12:00:00 AM,,"Wayang, Khengjoi","Several houses of Hollenjang, Wayang and Tuitung village under Khengjoi were also swept away by the landslide. The total number of casualties from these areas, if any, are not known so far.","Wayang, Khengjoi",5km,landslide,rain,medium,unknown,0.0,0.0,,,,glc,7384.0,India,IN,Manipur,44540.0,Mawlaik,44.98236,12/14/2015 08:59:00 PM,11/20/2017 03:17:00 PM,02/15/2018 03:51:00 PM,94.0906,23.9278
kanglaonline.com,http://www.kanglaonline.com/index.php?template=headline&newsid=39058&typeid=1,211,08/26/2007 12:00:00 AM,,Tamenglong,"man killed along road cut, many events in this area affecting people and livestock, occurred at 5:30 pm",Tamenglong,5km,mudslide,continuous_rain,medium,unknown,1.0,,3 days of rain,,,glc,211.0,India,IN,Manipur,223523.0,Imphal,43.53546,04/01/2014 12:00:00 AM,11/20/2017 03:17:00 PM,02/15/2018 03:51:00 PM,93.55,24.9667
articles.timesofindia,http://articles.timesofindia.indiatimes.com/2012-06-04/guwahati/32030359_1_barail-hill-harangajao-landslides,4384,06/03/2012 12:00:00 AM,,"between Haflong and  Bagetar, Assam","Torrential rain in the Barail Hill range for the past many days triggered landslides at least five places along the Lumding-Silchar section of Northeast Frontier Railway (NFR) early on Sunday. Authorities have suspended and regulated services of all the trains in this 214-km section until tracks are cleared.   A senior official of NFR here said at around 3am on Sunday, a large amount of soil and mud, boulders and trees came down the Borail Hill on the tracks at five different places in Dima Hasao district. The affected places are between Harangajao and Mailongdisa, Bandarkhal and Chandranathpur, Maibang and Daotohaja, Lower Haflong and Bagetar and between Mahur and Migrendisa.","between Haflong and  Bagetar, Assam",5km,landslide,downpour,medium,unknown,,,,,,glc,4384.0,India,IN,Assam,39982.0,Hāflong,1.50142,04/01/2014 12:00:00 AM,11/20/2017 03:17:00 PM,02/15/2018 03:51:00 PM,93.0123,25.1775
The Daily Star,http://www.thedailystar.net/newDesign/latest_news.php?nid=24242,1974,06/15/2010 12:00:00 AM,,Cox's Bazar,"Powerful landslides triggered by heavy rains killed at least 49 people, including six army personnel, on Tuesday in two southeastern districts of Cox’s Bazar and Bandarban.  In Cox’s Bazar, the mudslides occurred at different parts including the district town and Himchhari ECB camp, leaving 45 people dead.  Superintendent of Police Nibash Chandra Majhi said 31 people were killed in Teknaf, six in Ukhia, two in the district headquarters and six in the Himchhari army camp.  Of the army men buried under the mud, three bodies were recovered while search was going on for the rest, reports a correspondent from Cox’s Bazar.  Deputy Commissioner Md Gias Uddin Ahmed said they were urging people through loudhailers to evacuate the hilly areas. ",Cox's Bazar,5km,landslide,downpour,large,unknown,31.0,,,,,glc,1974.0,Bangladesh,BD,Chittagong,40557.0,Teknāf,0.29303,04/01/2014 12:00:00 AM,11/20/2017 03:17:00 PM,02/15/2018 03:51:00 PM,92.19566765,21.06313524
The Times of India,http://timesofindia.indiatimes.com/city/kolkata/Landslide-halts-joy-ride-in-Darjeeling/articleshow/47887813.cms,7033,06/29/2015 12:00:00 AM,,NH-55 at Merry Villa,"We had to stop the service because debris have blocked the track at Merry Villa - S Sekhar. At present, all vehicles are waiting in a single file to enter and leave Darjeeling town. ""Boulders are still blocking most of the road space."" - Santosh Tamang",NH-55 at Merry Villa,1km,landslide,downpour,medium,above_road,0.0,0.0,,,,glc,7033.0,India,IN,West Bengal,123797.0,Dārjiling,2.67215,07/01/2015 06:12:00 PM,11/20/2017 03:17:00 PM,02/15/2018 03:51:00 PM,88.2478,27.0161
articles.timesofindia,http://articles.timesofindia.indiatimes.com/2012-06-04/guwahati/32030359_1_barail-hill-harangajao-landslides,4383,06/03/2012 12:00:00 AM,,"between Maibang and Daotohaja, Assam","Torrential rain in the Barail Hill range for the past many days triggered landslides at least five places along the Lumding-Silchar section of Northeast Frontier Railway (NFR) early on Sunday. Authorities have suspended and regulated services of all the trains in this 214-km section until tracks are cleared.   A senior official of NFR here said at around 3am on Sunday, a large amount of soil and mud, boulders and trees came down the Borail Hill on the tracks at five different places in Dima Hasao district. The affected places are between Harangajao and Mailongdisa, Bandarkhal and Chandranathpur, Maibang and Daotohaja, Lower Haflong and Bagetar and between Mahur and Migrendisa.","between Maibang and Daotohaja, Assam",5km,landslide,downpour,medium,unknown,,,,,,glc,4383.0,India,IN,Assam,8364.0,Maibong,1.26422,04/01/2014 12:00:00 AM,11/20/2017 03:17:00 PM,02/15/2018 03:51:00 PM,93.1265,25.3056
Daily Star,http://www.thedailystar.net/country/landslide-kills-2-in-habiganj-64024,6758,02/09/2015 11:00:00 AM,,Gulgaon Hill area under Bahubal upazila of Habiganj district,Two workers were killed in a landslide while cutting a hill in Gulgaon Hill area under Bahubal upazila of Habiganj district yesterday.,Gulgaon Hill area under Bahubal upazila of Habiganj district,10km,other,mining,small,mine,2.0,0.0,,,,glc,6758.0,Bangladesh,BD,Sylhet,88760.0,Habiganj,16.28953,02/10/2015 03:28:00 PM,11/20/2017 03:17:00 PM,02/15/2018 03:51:00 PM,91.5642,24.3311
E-PAO,http://e-pao.net/GP.asp?src=22..020815.aug15,7375,08/01/2015 12:00:00 AM,,Ukhrul NH 201-Jessami road,"The landslides occurred at three places between Ukhrul to Nungbi Village, following which a team of RKL inspected the sites today.",Ukhrul NH 201-Jessami road,25km,landslide,continuous_rain,medium,above_road,0.0,0.0,,,,glc,7375.0,India,IN,Manipur,15118.0,Phek,52.60509,11/21/2015 02:02:00 AM,11/20/2017 03:17:00 PM,02/15/2018 03:51:00 PM,94.4481,25.1941
assamtribune,http://www.assamtribune.com/scripts/detailsnew.asp?id=jul3110/oth05,2163,07/29/2010 12:00:00 AM,,"Maram area in Senapati district, National Highway 39",Manipur’s National Highway 39 has been cut off from the rest of the region after a heavy landslide at Maram area in Senapati district. The Imphal-Mao section of the NH-39 has been cut off due to landslide at Maram bazaar following heavy rainfall in the last few days. The landslide took place on Thursday cutting off the road totally leaving many vehicles stranded on both sides of the stretch.,"Maram area in Senapati district, National Highway 39",5km,landslide,downpour,medium,unknown,0.0,,,,,glc,2163.0,India,IN,Nāgāland,92113.0,Kohima,28.26285,04/01/2014 12:00:00 AM,11/20/2017 03:17:00 PM,02/15/2018 03:51:00 PM,94.1054,25.4196
Ani News,http://www.aninews.in/videogallery9/38760-landslide-hits-toy-train-services-in-west-bengal.html,6967,06/13/2015 06:30:00 AM,,"Darjeeling Heritage Railway, Darjeeling",Massive landslide in West Bengal hit toy train service...Boulders and debris fell on the rail tracks caused by incessant rain followed by the landslide.,"Darjeeling Heritage Railway, Darjeeling",1km,landslide,downpour,medium,above_road,0.0,0.0,,,,glc,6967.0,India,IN,West Bengal,123797.0,Dārjiling,2.65817,06/25/2015 07:56:00 PM,11/20/2017 03:17:00 PM,02/15/2018 03:51:00 PM,88.2476,27.0165
thenewsofindia,,3932,08/18/2011 12:00:00 AM,, Botsa  and Chiechama,affected area is the NH-61 between Botsa and Chiechama (34 Kms from Kohima) where a stretch of 500 feet has been affected by landslides., Botsa  and Chiechama,exact,landslide,monsoon,medium,unknown,0.0,,,,,glc,3932.0,India,IN,Nāgāland,92113.0,Kohima,17.31317,04/01/2014 12:00:00 AM,11/20/2017 03:17:00 PM,02/15/2018 03:51:00 PM,94.13,25.83
www.e-pao.net,http://www.e-pao.net/GP.asp?src=23..130513.may13,4861,05/12/2013 12:00:00 AM,,"Khongsang, Tamenglong, Manipur,","With unprecedented heavy pre-monsoon rains making the condition of Tamenglong- Khongsang road to turn from bad to worse, one goods laden truck (Registration no.MN01-7681) has been washed away in the mudslides occurring at various points of the road which has not known maintenance for the last many years.The incident occurred at Sangrungpang village yesterday while the goods laden truck was heading towards Tamenglong District HQs. ","Khongsang, Tamenglong, Manipur,",25km,mudslide,rain,medium,unknown,,,,,,glc,4861.0,India,IN,Assam,7176.0,Mahur,43.86029,04/01/2014 12:00:00 AM,11/20/2017 03:17:00 PM,02/15/2018 03:51:00 PM,93.4946,24.9926
beacononline.wordpress,http://beacononline.wordpress.com/2009/08/17/darjeeling-hills-landslides-kill-6-in-hills-darjeeling-cut-off-for-nine-hours/,1093,08/16/2009 12:00:00 AM,,"Phagutar near Mahanadi, 12km from Kurseong, Siliguri district, Darjeeling","Jay Kumar Rai (26) was buried under his house at Phagutar near Mahanadi, 12km from Kurseong.","Phagutar near Mahanadi, 12km from Kurseong, Siliguri district, Darjeeling",5km,landslide,downpour,medium,unknown,1.0,,,,,glc,1093.0,India,IN,Bengal,46427.0,Kārsiyāng,0.21657,04/01/2014 12:00:00 AM,11/20/2017 03:17:00 PM,02/15/2018 03:51:00 PM,88.3195318,26.88211522
The Indian Express,http://indianexpress.com/article/india/india-others/mizorams-power-lifeline-on-shaky-ground-after-landslip/,7972,08/28/2015 01:45:00 AM,,"Mizoram, India","A downpour was drenching the old building at 1.45am on August 28 when what seemed to be a tremor struck. Several glass panes on windows lining the western wall cracked and broke, as did parts of the concrete wall of the control room of the 132KV power sub-station at Zuangtui, on Aizawl’s eastern outskirts.","Mizoram, India",25km,landslide,downpour,large,unknown,0.0,0.0,,,,glc,7972.0,India,IN,Mizoram,5963.0,Thenzawl,15.9845,06/30/2016 04:21:00 PM,11/20/2017 03:17:00 PM,02/15/2018 03:51:00 PM,92.8112,23.4495
e-pao.net,http://e-pao.net/GP.asp?src=4..230711.jul11,3831,07/22/2011 12:00:00 AM,,Heibok Hills,"Mudslide alarm at Heibok hills Source: The Sangai Express  Imphal, July 22 2011: Following heavy mudslide on the western side of Heibok hills, people of Hiyangthang Tarahei Konjil are caught in a panicky situation.  Apprehension hangs heavy among the people that their homesteads might be buried by the falling mud and earth.  Following heavy downpour in the last 4/5 days, mud and earth started sliding down the hill side from a spot 40 feet above the ground, said the villagers.  Because of the heavy mudslide which occurred near a rice mill, one inter-village road located beneath the hill was closed for some period.  Even as the rice mill belonging to one Md Rabi (63) was saved from the devastating effect of the mudslide by putting wooden fence around it, one hand-pump, a tube-well and a cow shed have been buried by the mudslide.  The IVR was re-opened after the villagers cleared the mound of mud and earth.  The villagers said that a similar mudslide occurred in the other side of Heibok h",Heibok Hills,unknown,landslide,downpour,medium,unknown,0.0,,,,,glc,3831.0,India,IN,Manipur,223523.0,Imphal,1.05312,04/01/2014 12:00:00 AM,11/20/2017 03:17:00 PM,02/15/2018 03:51:00 PM,93.948,24.7992
www.youtube.com,http://www.youtube.com/watch?v=KzIBG_Q1dNU,5394,08/23/2013 12:00:00 AM,,"Zar Lai, Falam, Chin","Five homes in Zar Lai village were damaged in a landslide on August 23, the Relief and Resettlement Department said. Since then, about 75 households have fled the village and they are likely to be resettled at a new site about 16 kilometres (10 miles) away. U Zone Hle Htan, an Amyotha Hluttaw representative from Chin State, said in a letter to the parliamentary Victim Care Committee on August 28 that up to 90 households have been affected by the landslides. A private school teacher from Falam, who frequently visits the affected area, said most of the communityÕs residents have moved to Falam and are staying with relatives. ÒZar Lai village was seriously affected by landslides. Almost all families living at the village have relocated, even though no further landslides have occurred,Ó he said. ÒA new village for the affected families is planned near Lon Pi village, which is about 6 miles [9.6 kilometres] from Falam. But negotiations between the villagers and township authorities are cont","Zar Lai, Falam, Chin",5km,landslide,downpour,medium,unknown,0.0,,,,,glc,5394.0,Myanmar [Burma],MM,Chin,5404.0,Falam,0.6759,04/01/2014 12:00:00 AM,11/20/2017 03:17:00 PM,02/15/2018 03:51:00 PM,93.6833,22.9167
articles.timesofindia.indiatimes.com,http://articles.timesofindia.indiatimes.com/2013-10-07/guwahati/42793381_1_anil-nagar-heavy-rain-nabin-nagar,5584,10/06/2013 12:00:00 AM,,"Nilachal Hill, Guwahati, Assam","Heavy downpour in the last 24 hours paralyzed life in Guwahati and a landslide triggered by the rain claimed the life of an elderly person in the city on Sunday. The rain also dampened the spirit of Durga Puja shopping in the city. Kamrup (Metro) additional deputy commissioner Dhrubajyoti Das said one Man Bahadur Gurung (80) of Batahghuli area in the city died when a rock rolled down the hills and hit Gurung, who was sitting at the foothills. Another landslide occurred on the Nilachal Hill, but no one was injured in the incident.","Nilachal Hill, Guwahati, Assam",5km,landslide,downpour,medium,unknown,0.0,,,,,glc,5584.0,India,IN,Assam,17516.0,North Guwāhāti,3.75928,04/01/2014 12:00:00 AM,11/20/2017 03:17:00 PM,02/15/2018 03:51:00 PM,91.7049,26.1665
morungexpress,http://www.morungexpress.com/local/50451.html,1986,06/15/2010 12:00:00 AM,,"Fazl Ali College, Mokokchung, Nagaland","On Tuesday, June 15, 2010 incessant rain triggered landslides at Falz Ali College Mokokchung, at one side of the 3-storied building Science Stream, damaging the Physics laboratory set up at the ground floor.  The Principal of the college, Kuholi Chishi reported the incident to the district administration. SDO (Civil) Nungsangmenla visited the college to ascertain the damage caused to the building, particularly the Physics lab of the college. Following the landslide, two pillars of the stairway connecting the Science Stream building with the premises of the main building were forced to hang precariously.","Fazl Ali College, Mokokchung, Nagaland",1km,landslide,downpour,medium,unknown,0.0,,,,,glc,1986.0,India,IN,Nāgāland,34021.0,Mokokchūng,3.41935,04/01/2014 12:00:00 AM,11/20/2017 03:17:00 PM,02/15/2018 03:51:00 PM,94.5512,26.3335
E-PAO,http://e-pao.net/GP.asp?src=1..020815.aug15,7387,08/01/2015 12:00:00 AM,,Imphal-Ukhrul road,,Imphal-Ukhrul road,50km,landslide,continuous_rain,small,below_road,0.0,0.0,,http://www.e-pao.org/galleries/images/News_Related/2015/08/Chandel_20150802.jpg,,glc,7387.0,India,IN,Manipur,223523.0,Imphal,31.83231,12/14/2015 09:38:00 PM,11/20/2017 03:17:00 PM,02/15/2018 03:51:00 PM,94.2156,24.954
The Daily Star,http://www.thedailystar.net/frontpage/rain-triggers-landslides-103642,7002,06/26/2015 03:00:00 AM,,"Banorupa Para in Sadar upazila, Bandarban","Two siblings -- Alif, 11, and his sister Mim, 8, children of Abdur Razzak -- were killed in their sleep after a landslide partially buried their house at Banorupa Para in Sadar upazila in the early hours yesterday, our Bandarban correspondent reports.  Their parents were also injured in the incident...A number of other houses were reportedly damaged in landslides in other parts of the district.","Banorupa Para in Sadar upazila, Bandarban",25km,landslide,monsoon,medium,unknown,2.0,2.0,,,,glc,7002.0,Bangladesh,BD,Chittagong,32523.0,Bāndarban,2.64839,06/29/2015 02:20:00 PM,11/20/2017 03:17:00 PM,02/15/2018 03:51:00 PM,92.235,22.2144
dnaindia,http://www.dnaindia.com/india/report_one-dead-road-and-rail-communication-disrupted-due-to-rains-in-assam_1450237,2573,10/09/2010 12:00:00 AM,,"Haflong, Assam","One person has died and both road and railway links between Assam's North Cachar Hills district and the rest of the country has been completely cut-off following continuous heavy rainfall for the last two days, official sources said here today.  One person, identified as 45-year old Isak Indu, died last night when his house was washed away by mudslides in Haflong town.","Haflong, Assam",5km,mudslide,downpour,medium,unknown,1.0,,,,,glc,2573.0,India,IN,Assam,39982.0,Hāflong,1.88273,04/01/2014 12:00:00 AM,11/20/2017 03:17:00 PM,02/15/2018 03:51:00 PM,93.0083,25.1796
e-Pao.net,http://www.e-pao.net/GP.asp?src=5..211007.oct07,319,10/19/2007 12:00:00 AM,,"Maram-Purul Road, Karong Assembly Constituency of Senapati district, Manipur","occurred at 3 places along road (23 km), unsure of exact date within past 5 days","Maram-Purul Road, Karong Assembly Constituency of Senapati district, Manipur",50km,landslide,rain,medium,unknown,,,,,,glc,319.0,India,IN,Nāgāland,92113.0,Kohima,26.23523,04/01/2014 12:00:00 AM,11/20/2017 03:17:00 PM,02/15/2018 03:51:00 PM,94.1162,25.4379
Eleven,http://www.elevenmyanmar.com/index.php?option=com_content&view=article&id=9249:high-death-toll-estimated-in-hpakant-jade-mine-landslide&catid=44&Itemid=384,6846,03/08/2015 12:00:00 AM,,between Khunkhar and Shansu village,"“I ran as soon as I heard the landslide. There were about 30 people running behind me. When I reached the hill, I looked back and I didn’t see anyone. Estimates of the death toll exceed 50,” said miner Phoe Tin Lay.",between Khunkhar and Shansu village,50km,mudslide,mining,large,mine,50.0,0.0,,http://www.elevenmyanmar.com/images/stories/2015/mar/mar8-landslide1.jpg,,glc,6846.0,Myanmar [Burma],MM,Kachin,90894.0,Myitkyina,113.32908,08/01/2016 02:11:00 PM,11/20/2017 03:17:00 PM,02/15/2018 03:51:00 PM,96.2964,25.6183
kanglaonline.com,http://www.kanglaonline.com/index.php?template=headline&newsid=39638&typeid=2,313,10/16/2007 12:00:00 AM,,"NH-39 at Piphema,  6 km towards Dimapur from Kohima in Nagaland","occurred at 2pm, stranded vehicles on road between cities, multiple events on road","NH-39 at Piphema,  6 km towards Dimapur from Kohima in Nagaland",5km,landslide,rain,large,unknown,,,,,,glc,313.0,India,IN,Nāgāland,92113.0,Kohima,10.39298,04/01/2014 12:00:00 AM,11/20/2017 03:17:00 PM,02/15/2018 03:51:00 PM,94.0132,25.7055
Arunachal Times,http://www.arunachaltimes.in/man-washed-away-by-mudslide/,9010,07/16/2016 12:00:00 AM,,"Hoj-Potin Highway, Arunachal Pradesh, India",In an unfortunate accident one Amit Lama was washed away by mudslide when he came out of his car to inspect the block point in the Hoj-Potin Highway. The district administration immediately pressed men and machines to recover the body. Till the filling of this report the body could not be recovered. However roads have opened for vehicle movement late in the evening.,"Hoj-Potin Highway, Arunachal Pradesh, India",5km,mudslide,downpour,medium,above_road,1.0,0.0,,,,glc,9010.0,India,IN,Arunachal Pradesh,26912.0,Naharlagun,24.51693,07/18/2016 04:08:00 PM,11/20/2017 03:17:00 PM,02/15/2018 03:51:00 PM,93.804,27.3034
gsi.gov,"http://www.portal.gsi.gov.in/portal/page?_pageid=127,875814&_dad=portal&_schema=PORTAL",2539,10/03/2010 12:00:00 AM,,"Mosing village, Upper Siang district, Arunachal Pradesh","Ten people were killed and about 300,000 displaced in flash floods and landslides triggered by heavy rains in Arunachal Pradesh. Heavy rains triggered mudslides and flooding in at least three districts of Arunachal Pradesh, washing away bridges, huts and school buildings, besides devastating agriculture crops. ""The devastation caused by the floods and landslides had been extensive with eight people already killed in incidents of house collapse due to landslides, besides snapping road links in many areas."" The casualties were reported early on Saturday in Mosing village in Upper Siang district (of Arunachal Pradesh) bordering China, where several houses got buried under mounds of earth. ","Mosing village, Upper Siang district, Arunachal Pradesh",25km,landslide,downpour,medium,unknown,10.0,,,,,glc,2539.0,India,IN,Arunāchal Pradesh,25581.0,Pāsighāt,28.27407,04/01/2014 12:00:00 AM,11/20/2017 03:17:00 PM,02/15/2018 03:51:00 PM,95.4149,28.3092
Nagaland Post,http://www.nagalandpost.com/channelnews/State/StateNews.aspx?news=TkVXUzEwMDA2Njg2NQ%3D%3D,6331,09/08/2014 12:00:00 AM,,Kiphire-Seyochung road near Yangzitong village,"Kiphire-Seyochung road via Lukhami village has been blocked since Monday last after the heavy landslide occurred near Yangzitong village under Seyochung sub-division of Kiphire district. The road is considered to be the lifeline of Lukhami , Phisami, Shothumi “A”  and “B” villages,  however owing to the mudslide these villages have been sandwiched in the middle for almost a week.",Kiphire-Seyochung road near Yangzitong village,25km,mudslide,unknown,medium,unknown,0.0,0.0,,,,glc,6331.0,India,IN,Nagaland,29499.0,Zunheboto,11.35779,11/03/2014 10:30:00 PM,11/20/2017 03:17:00 PM,02/15/2018 03:51:00 PM,94.6279,25.9466
articles.timesofindia.indiatimes.com,http://articles.timesofindia.indiatimes.com/2013-09-10/india/41936154_1_east-and-north-sikkim-chungthang-gangtok,5485,09/08/2013 12:00:00 AM,,"Chungthang, Sikkim","""On Monday, workers of Southern Engineering Works (SEW) Ltd, Chungthang (North Sikkim) were brought to Army Field Hospital with multiple injuries sustained after a landslide struck they were working in a light mechanical workshop near the project site. Heavy boulders fell over the shed, killing one of the workers instantly,"" Singha added. Among those brought in, Tersus Lakra (27) was suffering from hemorrhagic shock as a result of a traumatic amputation of right leg, a fractured left forearm, closed head injury and blunt trauma in the chest region. Another worker Gayan Singh (38) sustained fractures in his entire left leg. Several other workers sustained multiple laceration and abrasions. A surgical team and medical officers of the Army Field Hospital managed the casualties by timely resuscitation and surgery. The serious patients were transferred to a Gangtok hospital after hemodynamic stabilization.","Chungthang, Sikkim",50km,rock_fall,rain,medium,unknown,1.0,2.0,,,,glc,5485.0,India,IN,,1464.0,Mangan,16.17081,04/01/2014 12:00:00 AM,11/20/2017 03:17:00 PM,02/15/2018 03:51:00 PM,88.6463,27.6047
nibiru-planetx,http://www.nibiru-planetx.com/portal/klizista-i-pukotine/bhutan-55-landslides-10-roadblocks-and-counting/,4554,09/15/2012 12:00:00 AM,,"Thimphu-Phuentsholing Highway, between Taktikoti and Wangkha, Phuentsholing,  Chukha , Bhutan","Thimphu-Phuentsholing Highway Continuous rainfall has triggered heavy landslides in many areas along the Thimphu-Phuentsholing highway, Dantak officials in Chapcha, Chukha, said.The highway has already experienced 55 landslides and 10 road blocks this year,  Dantak records show.On September 15, landslides blocked hundreds of vehicles around noon between Taktikoti and Wangkha, 74km from Phuentsholing.  Traffic moved after 6pm, when the debris were cleared.Dantak major, Parikshit Mehra, said the slide covered some 60m of the road, when heavy boulders rolled down and blocked the highway.  Major Mehra said the rains had softened the earth and loosened the boulders to roll off.The boulders were systematically blasted and subsequently cleared using pay-loader and excavator,” he said. “We’ve deployed these machines at the site, should landslides occur again.”","Thimphu-Phuentsholing Highway, between Taktikoti and Wangkha, Phuentsholing,  Chukha , Bhutan",50km,landslide,downpour,large,unknown,,,,,,glc,4554.0,Bhutan,BT,Chhukha,17043.0,Phuntsholing,0.91324,04/01/2014 12:00:00 AM,11/20/2017 03:17:00 PM,02/15/2018 03:51:00 PM,89.3903,26.8597
Kalimpong.info,http://www.kalimpong.info/2007/06/15/landslide-hits-highway-raging-river-threatens-to-wreak-havoc/,94,06/15/2007 12:00:00 AM,,National Highway 31A at Sevoke,stranded traffic for hours,National Highway 31A at Sevoke,25km,landslide,rain,medium,unknown,,,,,,glc,94.0,India,IN,Bengal,12311.0,Odlābāri,10.70327,04/01/2014 12:00:00 AM,11/20/2017 03:17:00 PM,02/15/2018 03:51:00 PM,88.526,26.8096
ptinews,http://www.ptinews.com/news/721800_Landslides--blockade-hit-trains-services-in-NC-Hills,1987,06/15/2010 12:00:00 AM,,"rails between Mahur and Wadringdisa(?), Assam","Train services in central Assam's North Cachar Hills district have been disrupted due to heavy landslides and a three-day railway blockade called by a students organisation today.  The landslide and blockade affected the Agartala Special, Cachar Express, Barak Valley Passenger, Hill Queen and several other goods trains, railway sources said here today.  Landslides between Jatinga and Longrangjao as well as Mahur and Wadringdisa yesterday stopped rail traffic in the district, the sources said.","rails between Mahur and Wadringdisa(?), Assam",25km,landslide,downpour,medium,unknown,0.0,,,,,glc,1987.0,India,IN,Assam,7176.0,Mahur,7.17384,04/01/2014 12:00:00 AM,11/20/2017 03:17:00 PM,02/15/2018 03:51:00 PM,93.1658,25.2269
morungexpress,http://www.morungexpress.com/local/51540.html,2043,07/06/2010 12:00:00 AM,,"Mon, Nagaland","Dimapur| July 12  : Yet another monsoon season in Nagaland and one has to batter bad roads.    This year’s monsoon has been the worse by far.  Most interior villagers of Mon, Tuensang and Kiphire are cut out from the rest of the state. With good roads beyond their dreams even on dry days, rainy days are a nightmare for the people. Journey to places like Mimi in Kiphire, Pangsha in Tuensang and parts of Mon and Peren can be made only on four wheel drive vehicles or on foot. Mud slides are common in almost all the highways leading to district headquarters. Exploitation of natural resources like boulders and deforestation is causing more landslides than before. The use of roads by all size vehicles has spoilt most of the soiled roads making it difficult for smaller vehicles to ply. ","Mon, Nagaland",5km,mudslide,monsoon,medium,unknown,0.0,,,,,glc,2043.0,India,IN,Nāgāland,18742.0,Mon,3.35789,04/01/2014 12:00:00 AM,11/20/2017 03:17:00 PM,02/15/2018 03:51:00 PM,95.0281,26.7225
E-Pao,http://e-pao.net/GP.asp?src=30..300815.aug15,7910,08/01/2015 12:00:00 AM,,Chandel,Khengjoy village under sub-division headquarter in Chandel district has remained totally cut-off after a major landslide that occurred on August 1 on a 3 km long road stretch from Kemdo to Maokot Khengjoi.,Chandel,10km,landslide,unknown,medium,above_road,0.0,0.0,,,,glc,7910.0,India,IN,Manipur,30418.0,Kakching,21.42769,06/29/2016 05:35:00 PM,11/20/2017 03:17:00 PM,02/15/2018 03:51:00 PM,94.1146,24.3481
Telegraph,http://www.telegraphindia.com/1150215/jsp/frontpage/story_3475.jsp#.VONkky5HWUk,6775,02/14/2015 12:00:00 AM,,Kailashpur hill,"Three labourers - Ayub Ali, Majid Ali and Moinul Ali - came under the debris triggered by the landslip while constructing the boundary wall of the house of Girindra Chandra Das at noon. Das's neighbours immediately swung into action and rescued the three from under the debris and rushed them to Gauhati Medical College and Hospital. Majid succumbed to his injuries in hospital.",Kailashpur hill,5km,landslide,mining,small,mine,1.0,2.0,,http://www.telegraphindia.com/1150215/images/15reglandslip.jpg,,glc,6775.0,India,IN,Assam,13917.0,Soalkuchi,7.93849,02/17/2015 04:10:00 PM,11/20/2017 03:17:00 PM,02/15/2018 03:51:00 PM,91.6469,26.1468
hmar.in,http://hmar.in/news/landslide-blocks-nh-44-for-12-hours,1776,04/21/2010 12:00:00 AM,,Shillong-Jowai(Jwai)-Badarpur National Highway(NH 44) at Sunapur village in Jaintia Hills District,"Traffic movement on the Shillong-Jowai-Badarpur National Highway came to a standstill for the last two days due to heavy landslides at Sunapur village in Jaintia Hills district.  NH 44, the main road link via Shillong to Tripura, Mizoram and Barak Valley of Assam was severely affected for over 12 hours. Villages under Narpuh Elaka including Sunapur, Ratacherra, Lumshnong and Umkiang have been badly hit by heavy rain for the past eight days.  Heavy rains accompanied by high velocity winds hit some villages in the area and damaged several houses and uprooted hundreds of trees besides causing landslides at Sunapur village.  A small hillock including a number of huge trees collapsed on highway which resulted in a huge traffic jam as thousands of vehicle were stuck for last two days.",Shillong-Jowai(Jwai)-Badarpur National Highway(NH 44) at Sunapur village in Jaintia Hills District,25km,landslide,downpour,medium,unknown,0.0,,,,,glc,1776.0,India,IN,Meghālaya,132842.0,Shillong,46.46354,04/01/2014 12:00:00 AM,11/20/2017 03:17:00 PM,02/15/2018 03:51:00 PM,92.2845,25.3612
Business Standard,http://www.business-standard.com/article/pti-stories/two-labourers-killed-in-landslide-115022000437_1.html,6786,02/19/2015 11:00:00 PM,,"Hailākāndi : Two labourers died while another was injured in a landslide in Assam's Hailakandi district, the police said today.","Two labourers died while another was injured in a landslide in Assam's Hailakandi district, the police said today.",,5km,landslide,mining,medium,mine,2.0,1.0,,,,glc,6786.0,India,IN,Assam,31031.0,Hailākāndi,8.09941,02/22/2015 07:47:00 PM,11/20/2017 03:17:00 PM,02/15/2018 03:51:00 PM,92.562,24.6108
Indian Express,http://indianexpress.com/article/india/india-others/pregnant-woman-among-nine-killed-in-shillong-landslide/,6291,09/21/2014 12:00:00 AM,,National Highway 51,"South West Garo Hills deputy commissioner Ram Singh said the seven landslides that occurred between Rari and Jengjal, have cut off road communication to all the districts in the Garo Hills region. Several hundred vehicles have been stranded. There is no railway or air connectivity to any place in western Meghalaya. - See more at: http://indianexpress.com/article/india/india-others/pregnant-woman-among-nine-killed-in-shillong-landslide/#sthash.BxXeFv7G.dpuf",National Highway 51,25km,landslide,continuous_rain,large,unknown,0.0,0.0,,,,glc,6291.0,India,IN,Meghalaya,63645.0,Tura,30.61905,10/21/2014 05:49:00 PM,11/20/2017 03:17:00 PM,02/15/2018 03:51:00 PM,90.3852,25.7354
The New Indian Express,http://www.newindianexpress.com/nation/Fifty-Nine-Killed-in-Flash-Flood-and-Landslide-in-Meghalaya/2014/10/07/article2466329.ece,6213,09/24/2014 12:00:00 AM,,Meghalaya,"""The number of deaths due to flash floods and landslides is 59 while five persons are still missing,"" Deputy Chief Minister and Revenue and Disaster Management Minister Roytre C Laloo said.  ""We have almost completed compiling our assessment of the damages caused by the flash floods and landslides. We hope to be able to complete it soon,"" Laloo said.  The recovery of more bodies was made after water receded in several places in the plain areas of West Garo Hills and also in East Khasi Hills district, Revenue and Disaster Management Principal Secretary P K Srivastava said.  The September 24 cloudburst that continued for a week affected over two lakh people.  The state government said flash floods and landslides damaged Rs 2,000 crore worth properties including livestock, roads, bridges, and agricultural produce.",Meghalaya,unknown,landslide,continuous_rain,large,unknown,0.0,0.0,,,,glc,6213.0,India,IN,Meghalaya,14045.0,Lakhipur,36.10354,10/08/2014 02:57:00 PM,11/20/2017 03:17:00 PM,02/15/2018 03:51:00 PM,90.5763,25.8143
Telegraph,http://www.telegraphindia.com/1100916/jsp/northeast/story_12941830.jsp,2415,09/12/2010 12:00:00 AM,,power lines 5 km from Kohima,"Kohima, Sept. 15: The Nagaland capital has been in darkness for the last three days because of a damaged 132kV transmission line near here.  The power department said it would take a few more days to restore power, depending on the weather conditions.  The 132kV power transmission line, 5km from here, was damaged because of landslides triggered by heavy rainfall. The department said it was taking a 4kV supply from Manipur that is distributed to Ministers’ Hill and VIP quarters.  The department said dozens of workers were deployed at the landslide site but were finding it difficult to pull the wires because of slippery land. Bad weather has turned the situation worse. ",power lines 5 km from Kohima,25km,landslide,downpour,medium,unknown,,,,,,glc,2415.0,India,IN,Nāgāland,92113.0,Kohima,0.50696,04/01/2014 12:00:00 AM,11/20/2017 03:17:00 PM,02/15/2018 03:51:00 PM,94.11112157,25.63961883
Indian Express,http://indianexpress.com/article/india/india-news-india/at-least-10-killed-in-landslides-in-assam-rescue-operations-underway-2806810/,9336,05/18/2016 08:00:00 AM,,"Ramchandi , Hailakandi District, Assam, India","Ten people were killed in landslides in Karimganj and Hailakandi districts in Barak Valley in Assam on Wednesday following incessant rains. In neighbouring Hailakandi district, two incidents of landslide killed four persons at Bilaipur and a six-year old boy at Ramchandi area, police officials said. The debris fell on two houses where the victims were sleeping early in the morning, they said. NDRF and police have been engaged in rescue and relief operations.","Ramchandi , Hailakandi District, Assam, India",1km,landslide,continuous_rain,small,unknown,1.0,0.0,,,,glc,9336.0,India,IN,Assam,10942.0,Lāla,10.83583,08/03/2016 01:45:00 PM,11/20/2017 03:17:00 PM,02/15/2018 03:51:00 PM,92.5121,24.5308
Indian Express,http://indianexpress.com/article/india/india-news-india/west-bengal-rains-landslips-affect-life-in-north-of-state-3079833/,9604,10/12/2016 12:00:00 AM,,Legship,"Another landslip occurred at Legship, near the tourist spot of Pelling, in Sikkim severely affecting road traffic movement between Darjeeling and Legship, officials said.",Legship,10km,landslide,continuous_rain,medium,above_road,0.0,0.0,,,,glc,9604.0,India,IN,Sikkim,1147.0,Namchi,13.56522,10/18/2016 11:47:00 AM,11/20/2017 03:17:00 PM,02/15/2018 03:51:00 PM,88.2891,27.2676
beacononline.wordpress,http://beacononline.wordpress.com/2009/09/20/darjeeling-hills-toytrain-joyride-hit-by-fresh-landslides-in-darjeeling/,1170,09/18/2009 12:00:00 AM,,Tindharia and Rong Tong,"An attempt was made yesterday to run the Darjeeling Himalayan Railway (DHR) train between New Jalpaiguri and Kurseong, about 50 kms between them, but fresh landslides between Tindharia and Rong Tong forced the authorities to halt the train at the Siliguri junction. fresh landslides and rains hampered the resumption of the DHR, but still the NFR is expecting to clear the tracks within the next 72 hours.",Tindharia and Rong Tong,50km,landslide,rain,medium,unknown,,,,,,glc,1170.0,India,IN,Bengal,46427.0,Kārsiyāng,5.35873,04/01/2014 12:00:00 AM,11/20/2017 03:17:00 PM,02/15/2018 03:51:00 PM,88.2798,26.8342
Indian Express,http://indianexpress.com/article/india/india-others/mizoram-aizawl-houses-swept-away-graves-damaged-by-rain-and-landslide/,7837,08/27/2015 12:00:00 AM,,three graveyards within Aizawl,"The landslides also damaged as many houses and dislodged, and in some cases swept away, about 160 graves in three graveyards within the city.",three graveyards within Aizawl,5km,landslide,downpour,medium,urban,0.0,0.0,,,,glc,7837.0,India,IN,Mizoram,265331.0,Aizawl,0.90676,06/24/2016 07:39:00 PM,11/20/2017 03:17:00 PM,02/15/2018 03:51:00 PM,92.7265,23.7269
kuenselonline,http://www.kuenselonline.com/2011/?p=29724,4309,04/06/2012 11:00:00 PM,,"Thumangdrak, 18 km from Trongsa","Around 50 heavy vehicles, including tourist buses, that were stranded at Thumangdrak, Trongsa for the last two days after landslides washed off the road, were able to pass through by 7:30pm yesterday. According to the executive engineer with the Trongsa road division, Ghalley, around 20m of the road was washed off on the night of April 6 at Thumangdrak, about 18km from Trongsa. The place was a stone quarry site, and it took more time to clear the block, because the road pavement was also washed off, he said.","Thumangdrak, 18 km from Trongsa",25km,complex,unknown,medium,unknown,0.0,,,,,glc,4309.0,Bhutan,BT,Shemgang,852.0,Shemgang,13.79568,04/01/2014 12:00:00 AM,11/20/2017 03:17:00 PM,02/15/2018 03:51:00 PM,90.5257,27.256
The Sangai Express,http://www.thesangaiexpress.com/page/items/54212/massive-landslide-along-maram-peren-road-downpour-creates-havoc-in-different-parts,7267,07/22/2015 12:00:00 AM,,NH-2 between Senapati and Mao,"Reports from other locations also say that minor landslides, potholes, water-logging have been spotted along the NH-2 stretch between Senapati and Mao.",NH-2 between Senapati and Mao,10km,landslide,continuous_rain,small,above_road,0.0,0.0,,,,glc,7267.0,India,IN,Manipur,92113.0,Kohima,31.50636,07/23/2015 04:38:00 PM,11/20/2017 03:17:00 PM,02/15/2018 03:51:00 PM,94.0926,25.3908
Wikipedia,http://en.wikipedia.org/wiki/2007_Chittagong_mudslide,84,06/11/2007 10:00:00 AM,,Chittagong,"128 killed, many missing, 150 injured; occurred at 10:00 hrs, 219mm of rainfall w/in 24 hrs",Chittagong,25km,landslide,monsoon,very_large,urban,128.0,150.0,,,,glc,84.0,Bangladesh,BD,Chittagong,3920222.0,Chittagong,2.48492,12/16/2015 08:58:00 PM,11/20/2017 03:17:00 PM,02/15/2018 03:51:00 PM,91.8205,22.3555
www.upi.com,http://www.upi.com/Top_News/World-News/2013/05/09/Cyclonic-storms-kill-seven-in-India/UPI-39151368107292/,4848,05/08/2013 12:00:00 AM,,"Purba Simna, Tripura",A large landslide in western Tripura killed at least two people Wednesday night.,"Purba Simna, Tripura",5km,landslide,rain,medium,unknown,1.0,,,,,glc,4848.0,India,IN,Tripura,20046.0,Khowai,13.61141,04/01/2014 12:00:00 AM,11/20/2017 03:17:00 PM,02/15/2018 03:51:00 PM,91.4663,24.0896
Times of India,http://timesofindia.indiatimes.com/city/kolkata-/Landslides-cut-off-Hills-for-two-hours/articleshow/8907428.cms,3617,06/17/2011 11:00:00 PM,,Pankhabari and Rohini routes in Kurseong,"The Hills was cut off for a couple of hours from the rest of the country due to landslides at various places in Kurseong subdivision though there were no reports of loss of life or damage to properties.   Incessant overnight rainfall continued through Saturday morning, barring a few hours of break. On Friday night, landslides hit the Pankhabari and Rohini routes in Kurseong, halting vehicular movement. Electricity poles and trees were uprooted at various places due to the high wind blocking roads. However, the roads were cleared on Saturday for vehicular movement.   ""Vehicular movement via Pankhabari and Rohini in Kurseong were disrupted because of landslides and trees uprooted from last night's rain. But that has been cleared today,"" said Mohan Gandhi, Darjeeling DM. The Kurseong SDO asked schools to remain closed on Saturday because of the high wind and incessant rainfall.",Pankhabari and Rohini routes in Kurseong,5km,landslide,continuous_rain,medium,above_road,0.0,,,,,glc,3617.0,India,IN,Bengal,46427.0,Kārsiyāng,0.16768,11/05/2015 02:08:00 PM,11/20/2017 03:17:00 PM,02/15/2018 03:51:00 PM,88.26181745,26.84850975
Times of India,http://timesofindia.indiatimes.com/city/guwahati/Landslide-toll-touches-6-as-woman-buried-alive-in-Guwahati/articleshow/53314082.cms,9122,07/20/2016 12:00:00 AM,,"Noonmati, Guwahati, Assam, India",This was not the only incident of landslide in the city on Wednesday as a similar episode was also reported from the Noonmati locality. Two houses were completely buried under debris. No one suffered any injury.,"Noonmati, Guwahati, Assam, India",5km,landslide,rain,medium,unknown,0.0,0.0,,,,glc,9122.0,India,IN,Assam,899094.0,Guwahati,5.77893,07/22/2016 01:24:00 PM,11/20/2017 03:17:00 PM,02/15/2018 03:51:00 PM,91.802,26.1966
Dailyworld,https://dailyworld.in/houses-damaged-in-landslide-in-imphal/,11152,04/06/2017 01:19:00 PM,,Landslide in Sirakhong,Significant landslide on slope under buildings damages four houses and a playground in Sirakhong,"Sirakhong, Ukhrul Central, Ukhrul, Manipur State, India",exact,landslide,unknown,medium,urban,0.0,0.0,,https://i0.wp.com/dailyworld.in/wp-content/uploads/Houses-damaged-in-landslide-in-Imphal.jpg?w=600&ssl=1,,,,,,,,,,08/04/2017 01:19:00 PM,12/20/2017 03:39:00 PM,02/15/2018 03:51:00 PM,94.23757741,25.08303063
dnaindia,http://www.dnaindia.com/india/report_one-dead-road-and-rail-communication-disrupted-due-to-rains-in-assam_1450237,2574,10/09/2010 12:00:00 AM,,"between Mahur and Maigrandisa(?) or Lumding, Assam","Meanwhile, rail communication has been disrupted with landslides affecting railway tracks at 28 places between Mahur and Maigrandisa in the Lumding-Silchar section with 40metres of track completely washed away.  NF railways have suspended rail services in the section till the tracks can be repaired and restored.","between Mahur and Maigrandisa(?) or Lumding, Assam",50km,landslide,downpour,medium,unknown,0.0,,,,,glc,2574.0,India,IN,Assam,8364.0,Maibong,19.26104,04/01/2014 12:00:00 AM,11/20/2017 03:17:00 PM,02/15/2018 03:51:00 PM,93.1477,25.4749
Assam Tribune,http://www.assamtribune.com/scripts/detailsnew.asp?id=sep2414/at051,6282,09/22/2014 12:00:00 AM,,Lalmati,"Flash flood and landslides continued to cause devastation in Guwahati for the second day today with the death toll due to landslip rising to four. Two persons died in two separate incidents of landslides in Lalmati and Dakhingaon, whereas a woman was injured in another landslide incident at Batahghuli.",Lalmati,5km,landslide,rain,small,urban,1.0,0.0,,,,glc,6282.0,India,IN,Assam,2000.0,Dispur,3.87279,10/21/2014 02:05:00 PM,11/20/2017 03:17:00 PM,02/15/2018 03:51:00 PM,91.7747,26.1097
morungexpress,http://www.morungexpress.com/frontpage/53726.html,2263,08/17/2010 12:00:00 AM,,"Dikhu bridge(?), Mokokchung-Tuensang road, Nagaland","On Tuesday, vehicles plying on the Mokokchung-Tuensang road were stranded for than 15 hours near the Dikhu Bridge under Mokokchung district due to mudslides and sinking caused by rains.  People cross a portion of the landslide area, along the National Highway 39, below Kohima, on Saturday, August 21, 2010. The calamities which affect the National Highway 39 started from August 7 after continuous heavy rainfall in the hilly state of Nagaland.  ","Dikhu bridge(?), Mokokchung-Tuensang road, Nagaland",25km,landslide,downpour,medium,unknown,0.0,,,,,glc,2263.0,India,IN,Nāgāland,34021.0,Mokokchūng,15.67627,04/01/2014 12:00:00 AM,11/20/2017 03:17:00 PM,02/15/2018 03:51:00 PM,94.6654,26.2753
dailyindia,http://www.dailyindia.com/show/255019.php/Landslides-block-Himalayan-road-cuts-Sikkim-from-India,620,06/30/2008 12:00:00 AM,,Kalimpong,"Monsoon rains triggered heavy landslides in Kalimpong in Himalayas on Monday, snapping road link to Sikkim with rest of India.  ",Kalimpong,5km,landslide,downpour,medium,unknown,,,,,,glc,620.0,India,IN,Bengal,43000.0,Kālimpang,1.49112,07/01/2015 07:09:00 PM,11/20/2017 03:17:00 PM,02/15/2018 03:51:00 PM,88.482,27.0771
Assam Tribune,http://www.assamtribune.com/scripts/detailsnew.asp?id=sep2414/at051,6289,09/22/2014 12:00:00 AM,,Pamohi,"On the other hand, several incidents of landslides were reported from Dhirenpara, Koinadhara, Gorhchuk, Noonmati and Pamohi.",Pamohi,5km,landslide,rain,small,unknown,0.0,0.0,,,,glc,6289.0,India,IN,Assam,899094.0,Guwahati,11.15465,10/21/2014 03:43:00 PM,11/20/2017 03:17:00 PM,02/15/2018 03:51:00 PM,91.6849,26.1001
NELive,http://www.nelive.in/arunachal-pradesh/news/landslide-disrupts-road-communication-between-aalo-and-pangin,9087,07/19/2016 12:00:00 AM,,"5 km off Sangam point on Aalo- Pangin road, Arunachal Pradesh, India","(Location along road estimated. Landslide may have occured a couple days before June 19, 2016). Landslides triggered by torrential rains over the past few days blocked the road at 5 km off Sangam point on Aalo- Pangin road causing a total disruption in road communication.  According to official sources, men and machineries were pressed into service on Tuesday to clear the debris but without any progress as the landowners were obstructing the works demanding compensation.  Meanwhile, Siang Deputy Commissioner Rahul Singh along with ADC and EAC Pangin visited the landslide-hit area on Tuesday to assess the extent of damage.  He interacted with TK Engineering officials and asked them to put more men and machineries to carryout the restoration work.","5 km off Sangam point on Aalo- Pangin road, Arunachal Pradesh, India",50km,landslide,downpour,medium,above_road,0.0,0.0,,http://www.nelive.in/sites/default/files/07-09-15%20Meghalaya-%20Landslide%20hits%20NH-40%20%282%29.jpg,,glc,9087.0,India,IN,Arunachal Pradesh,18425.0,Along,17.3564,07/20/2016 07:36:00 PM,11/20/2017 03:17:00 PM,02/15/2018 03:51:00 PM,94.9612,28.235
newkerala,http://www.newkerala.com/news/fullnews-25771.html,2279,08/19/2010 12:00:00 AM,,"NH 31A at Likhuvir(?), near Teesta Bazar, 42nd Km marker(?), Kalimpong, West Bengal cutting off Sikkim and Kalimpong","Siliguri (West Bengal), Aug 19 (IBNS) Sikkim and parts of West Bengal's Darjeeling state were cut off from the rest of the country on Thursday, the second time this week, after massive landslides washed away a major portion of road at Likhuvir on 31A National Highway near Teesta Bazar, official sources said.  The landslides, triggered by heavy rains, washed a good chunk of surface at Likhuvir forcing the authorities to close roads for all vehicles for indefinite period, according to BRO, which maintains the strategic roads linking landlocked Sikkim. ","NH 31A at Likhuvir(?), near Teesta Bazar, 42nd Km marker(?), Kalimpong, West Bengal cutting off Sikkim and Kalimpong",10km,landslide,downpour,medium,unknown,0.0,,,,,glc,2279.0,India,IN,Bengal,43000.0,Kālimpang,10.78474,04/01/2014 12:00:00 AM,11/20/2017 03:17:00 PM,02/15/2018 03:51:00 PM,88.4481,26.9722
headlinesindia,http://www.headlinesindia.com/natural-disasters/flood/darjeeling-landslide-toll-reaches-27-12747.html,1030,05/26/2009 12:00:00 AM,,"Darjeeling Sadar, Darjeeling West Bengal","With the recovery of three more bodies, the toll in the landslides in West Bengal's hill district of Darjeeling due to Cyclone Aila has risen to 27, police said today.   ""We have recovered three bodies from the debris at Rangiabong under Jorbungalow police station area this (Thursday) morning. One of the bodies has been identified as Pramila Rai, 68,"" a senior official of the Jorbungalow police station said.   He said the teams of Natural Disaster Management Authority have started rescue operations in the cyclone-hit areas.   Meanwhile, state Home Secretary Ardhendu Sen reached Darjeeling Thursday morning to hold meetings with the district administration. He is likely to visit the landslide-affected zones and will also survey the situation there.   ""Search operations are on in some areas as at least four people are still missing from the Darjeeling district after the cyclonic storm,"" the police officer said.   According to district administration sources, 14 bodies were found in ar","Darjeeling Sadar, Darjeeling West Bengal",25km,landslide,tropical_cyclone,medium,unknown,14.0,,Cyclone Aila,,,glc,1030.0,India,IN,Bengal,123797.0,Dārjiling,0.79891,04/01/2014 12:00:00 AM,11/20/2017 03:17:00 PM,02/15/2018 03:51:00 PM,88.26522126,27.04357147
Saharas Samay,http://www.saharasamay.com/samayhtml/articles.aspx?newsid=80536,130,07/19/2007 12:00:00 AM,,Guwahati,closest to predicted location of Gauhati (167.34 km),Guwahati,25km,landslide,rain,medium,unknown,6.0,,,,,glc,130.0,India,IN,Assam,2000.0,Dispur,3.80164,04/01/2014 12:00:00 AM,11/20/2017 03:17:00 PM,02/15/2018 03:51:00 PM,91.7986,26.1699
Arunachal Times,http://www.arunachaltimes.in/arunachal-devastated-by-landslides-and-floods-minor-dead/,11167,07/09/2017 01:23:00 PM,,Landslide on road near Durga Mandir,"Landslide on Nirjuli to Banderdewa road obstructs said road, after heavy rains","Naharlagun Sub-District, Papum Pare, Arunachal Pradesh",10km,landslide,continuous_rain,small,above_road,0.0,0.0,,,,,,,,,,,,07/10/2017 01:23:00 PM,12/20/2017 03:55:00 PM,02/15/2018 03:51:00 PM,93.79559574,27.11610665
DNA,http://www.dnaindia.com/india/report-all-schools-in-dima-haso-district-closed-due-to-bad-weather-2381478,10980,04/04/2017 12:57:00 PM,,Landslide in Mahur,"The rains also caused landslide and landslip in several places in Dima Hasao district headquarters of Haflong and many other places like Harangajao, N Leikul, Mahur and Phaiding for the past couple of days, according to Dima Hasao district administration.","Mahur, Assam, India",1km,landslide,rain,small,natural_slope,0.0,0.0,,,,,,,,,,,,08/04/2017 12:57:00 PM,12/08/2017 08:46:00 PM,02/15/2018 03:51:00 PM,93.118105,25.181453
JagoNews24,https://www.jagonews24.com/en/national/news/20458,10983,03/16/2017 04:46:00 PM,,Jaflong Landslide Caused by Illegal Stone Picking,"Two labours have been killed and two others injured while picking stones illegally at Jaflong area in Gowainghat upazila of Sylhet district. The deceased were identified as Akram Mia and Lesu Mia, both are hailing from Tukerbazar area of Sylhet. Police and local sources said that four people were illegally trying to pick stone to make a hole at Nayabosti area. At one stage, a heavy chunk of mud collapsed on them, leaving the duo died on the spot. The injured were rushed to Sylhet Osmani Medical College Hospital.","Noyabosti area beside the Piyan River, Jaflong, Gowainghat upazila, Sylhet District, Bangladesh, Y:25.178619 X:92.012806",5km,landslide,mining,small,above_river,2.0,2.0,,https://www.jagonews24.com/media/imgAll/2016October/Sylhet-pic2017031612503020170316165734.jpg,Exact time 8:30am,,,,,,,,,10/04/2017 04:46:00 PM,12/08/2017 08:47:00 PM,02/15/2018 03:51:00 PM,92.012806,25.178619
Landslide in Gaznaipur,http://bdnews24.com/bangladesh/2016/11/01/two-labourers-die-in-habiganj-landslip,10964,11/01/2016 02:24:00 PM,,Sankarsena landslide buries two during hill-cutting,The deaths occured on Tuesday morning when the labourers were cutting down a hill for sand at Sankarsena in Gaznaipur union.,"Sankarsena, Nabiganj upazilla, Habiganj, Gaznaipur Union, Bangladesh",5km,landslide,mining,medium,natural_slope,2.0,0.0,,,,,,,,,,,,07/11/2017 02:24:00 PM,12/08/2017 08:22:00 PM,02/15/2018 03:51:00 PM,91.588893,24.506937
The Shillong Times,http://www.theshillongtimes.com/2017/07/10/landslide-in-ri-bhoi-blocks-nh-6/,10988,07/09/2017 06:45:00 PM,,Landslide on NH-6,"Landslide after continuous rain blocks NH-6 near Pahamrynnai village, cleared after a few hours","Pahamrynnai, Ribhoi, Meghalaya",1km,landslide,continuous_rain,small,above_road,0.0,0.0,,,,,,,,,,,,07/10/2017 06:45:00 PM,12/08/2017 08:50:00 PM,02/15/2018 03:51:00 PM,91.87113067,25.82601444
Kuensel,http://www.kuenselonline.com/landslides-block-roads-across-the-country/,11182,07/08/2017 02:21:00 PM,,Landslides block roads connecting to Lhamoizingkha,"Landslides during periods of rain block several gewog roads, isolate Lhamoizingkha. Multiple landslides in region.",Bhutan,25km,landslide,downpour,medium,above_road,0.0,0.0,,http://www.kuenselonline.com/wp-content/uploads/2017/07/road-1-660x330.jpg,Date approximate,,,,,,,,,07/11/2017 02:21:00 PM,12/20/2017 04:21:00 PM,02/15/2018 03:51:00 PM,89.90712175,27.02099026
The Arunachal Times,http://www.arunachaltimes.in/man-buried-alive-in-landslide/,11176,06/20/2017 01:16:00 PM,,Fatal landslide in Gussar circle,Man buried by landslide in Gussar,"Gussar, Upper Subansiri, Arunachal Pradesh",5km,landslide,rain,medium,unknown,1.0,0.0,,,,,,,,,,,,07/07/2017 01:16:00 PM,12/20/2017 04:12:00 PM,02/15/2018 03:51:00 PM,94.18315697,28.10756941
The Independent,http://www.theindependentbd.com/post/100012,10955,06/18/2017 02:21:00 PM,,Fatal landslide in Budungpara,"Downpour lasting one hour causes fatal landslide in Budungpara, killing two","Budungpara, Ragmar Upazila, Bangladesh",10km,landslide,downpour,medium,natural_slope,2.0,0.0,,,,,,,,,,,,07/11/2017 02:21:00 PM,12/08/2017 08:11:00 PM,02/15/2018 03:51:00 PM,91.80439129,22.97758595
Nagaland Post,http://www.nagalandpost.com/ChannelNews/Regional/RegionalNews.aspx?news=TkVXUzEwMDExMjEyMg%3D%3D,11150,03/30/2017 08:28:00 PM,,NH-37 Landslide in the Tamenglong District,"Heavy overnight rainfall and hailstone caused a landslide on NH-37 in the Tamenglong district, between T. Laijang and K.Sinam villages. It blocked heavy vehicles on the road, but light vehicles could drive around the affected area.","NH-37, between T. Laijang and K. Sinam villages, Tamenglong district, Manipur, 795008",10km,landslide,downpour,small,above_road,0.0,0.0,,,Landslide occurred sometime in the early morning.,,,,,,,,,09/13/2017 08:28:00 PM,12/20/2017 03:21:00 PM,02/15/2018 03:51:00 PM,93.72386429,24.79591421
Kuensel,http://www.kuenselonline.com/landslides-block-roads-across-the-country/,11179,07/08/2017 02:21:00 PM,,Landslide on Phuntsholing-Thimphu road,"Landside after rains causes multiple blocks along road, cleared after a few days. Date approximated.","Phuntsholing-Thimphu road, Bhutan",50km,landslide,downpour,small,above_road,,,,,,,,,,,,,,07/11/2017 02:21:00 PM,12/20/2017 04:19:00 PM,02/15/2018 03:51:00 PM,89.57220662,27.02856666
Hindustan Times,http://www.hindustantimes.com/india-news/12-dead-in-mizoram-landslides-flood-in-9-days/story-kgRi9Vr3dRit9uVIAOGMQK.html,10957,06/09/2017 02:21:00 PM,,Landslides throuhgout Lunglei District,"Landslides + flash floods after heavy rain hit throughout Lunglei District, Tlabung town hard hit. Death toll is 10, article does not specify specific landslide deaths. Article: Altogether 165 buildings were destroyed and 299 houses damaged by landslide, mudslide and flood in Lunglei","Tlabung, Lungsen, Lunglei, Mizoram",100km,landslide,rain,medium,unknown,10.0,,,,"Area of Tlabung is known, but confidence radius is 100km to encompass all of Lunglei District, which article said had various landslides. Date approximate, article says ""since June 9 [2017]""",,,,,,,,,07/11/2017 02:21:00 PM,12/08/2017 08:11:00 PM,02/15/2018 03:51:00 PM,92.47207294,22.90813548
The Arunachal Times,http://www.arunachaltimes.in/six-killed-in-meghalaya-landslides/,10985,06/17/2017 06:45:00 PM,,Fatal landslide in Mawjrong,"Landslide after incessant rains kills boy, parents injured","Khatarshnong Laitkroh, East Khasi Hills, Meghalaya",1km,landslide,continuous_rain,medium,natural_slope,1.0,2.0,,,,,,,,,,,,07/10/2017 06:45:00 PM,12/08/2017 08:48:00 PM,02/15/2018 03:51:00 PM,91.79904872,25.43807422
The Shillong Times,http://www.theshillongtimes.com/2017/02/16/2-die-in-quarry-landslide/,10989,02/15/2017 10:56:00 PM,,Stone Quarry Landslide in Lamlyer,"Two persons died in a landslide at a stone quarry at Lamlyer near Mawlyngngad in East Khasi Hills on Wednesday. Police said two persons, Edwin Kharbihkhiew (42) and Pynbhalang Kharsohnoh (35), were buried alive. The bodies have been shifted to Shillong civil hospital for postmortem.","Mawryngkneng, East Khasi Hills, Meghalaya",1km,landslide,mining,small,mine,2.0,0.0,,,,,,,,,,,,10/19/2017 09:56:00 PM,12/08/2017 08:51:00 PM,02/15/2018 03:51:00 PM,91.9630294,25.51826286
The Echo of India,http://echoofindia.com/guwahati-landslide-kills-2-labourers-guwahati-3-die-lightning-strikes-across-assam-125768,10974,04/05/2017 01:19:00 PM,,Fatal landslide in Bonda,Two killed in Bonda neighborhood of Guwahati by landslide triggered by incessant rainfall. Article: The landslide triggered by heavy rainfall since one week here caused a huge chunk of earth to come down the hill and fall on the two labourers engaged by a private school for cutting earth in Bonda area.,"Bonda, Guwahati, Assam, India",5km,landslide,continuous_rain,medium,urban,2.0,0.0,,,,,,,,,,,,08/03/2017 01:19:00 PM,12/08/2017 08:37:00 PM,02/15/2018 03:51:00 PM,91.85294885,26.16066111
Echo of Arunachal,http://echoofarunachal.in/newecho/2017/05/16/one-dies-in-landslide/,11175,05/03/2017 02:05:00 PM,,Fatal landslide in Yangte,"Landslide kills one in Yangte village. Article very sparse on information, presumably rainfall triggered due to the contemporaneous flooding in Arunachal.","Yangte, Kra Daadi District, Arunachal Pradesh, India",1km,landslide,rain,medium,unknown,1.0,0.0,,,,,,,,,,,,07/12/2017 02:05:00 PM,12/20/2017 03:56:00 PM,02/15/2018 03:51:00 PM,93.62407259,27.82743132
Kuensel,http://www.kuenselonline.com/landslides-block-roads-across-the-country/,11180,07/08/2017 02:21:00 PM,,Landslide on road between Wangdue and Thimphu,"Landslide after rains blocks road, cleared after a few days. Date approximate.","Wangdeu-Thimphu road, Bhutan",10km,landslide,downpour,small,above_road,0.0,0.0,,,,,,,,,,,,07/11/2017 02:21:00 PM,12/20/2017 04:19:00 PM,02/15/2018 03:51:00 PM,89.79033898,27.51353298
Zoram Observer,https://www.zoramobserver.com/mizoram/landslides-cut-off-various-parts-of-mizoram-as-rain-continues/,10962,06/17/2017 01:16:00 PM,,Landslide damages Aizawl-Champhai Road,Road between Kawlkulh and Keifang cut off after landslide triggered by incessant rains (lasting weeks),"Aizawl-Champhai road, Champhai, Mizoram State, India",5km,landslide,continuous_rain,small,above_road,0.0,0.0,,https://i1.wp.com/www.zoramobserver.com/wp-content/uploads/2017/06/MIZORAM-ROAD-2017.jpg?w=480&ssl=1,,,,,,,,,,07/07/2017 01:16:00 PM,12/08/2017 08:18:00 PM,02/15/2018 03:51:00 PM,93.02746602,23.65637182
The Daily Tribunal,http://thedailytribunal.net/landslide-claims-quarry-laborer-in-companigonj/,10982,03/06/2017 08:35:00 PM,,Quarry Worker Killed in Companigonj Landslide,"Yet another labourer, Faruq (32) by name has been killed in landslide while collecting stones from Uthma Chara quarry in Companigonj Upazila in Sylhet Monday morning at eleven. It has been learnt from Companigonj Upazila Police Officer-in-Charge Altaf Hussain and locals that the aforesaid Faruq and other labourers were collecting stones. Suddenly a large tract of soil mass collapsed killing Faruq on the sport. Acting on information the OC rushed there.","Uthma Chara quarry, Companigonj Upazila, Bangladesh",10km,landslide,mining,small,mine,1.0,0.0,,,,,,,,,,,,10/06/2017 07:35:00 PM,12/08/2017 08:47:00 PM,02/15/2018 03:51:00 PM,91.763689,25.092576
Arunachal Times,http://www.arunachaltimes.in/arunachal-devastated-by-landslides-and-floods-minor-dead/,11164,07/09/2017 01:23:00 PM,,Landslides on Itanagar-Naharlagun road,Landslides obstruct Itanagar-Naharlagun road after heavy rains in Arunachal Pradesh,"NH-52A, Naharlagun Sub-District, Papum Pare, Arunachal Pradesh, 791111",5km,landslide,continuous_rain,small,above_road,0.0,0.0,,,Confidence radius should be 3km,,,,,,,,,07/10/2017 01:23:00 PM,12/20/2017 03:55:00 PM,02/15/2018 03:51:00 PM,93.65156438,27.1071241
DNA,http://www.dnaindia.com/india/report-all-schools-in-dima-haso-district-closed-due-to-bad-weather-2381478,10977,04/04/2017 12:57:00 PM,,Landslides along National Highway 54,The National Highway 54 connecting Haflong and Lumding in the district with Silchar in Cachar district was closed in many places today due to landslides.,,50km,landslide,rain,small,above_road,0.0,0.0,,,,,,,,,,,,08/04/2017 12:57:00 PM,12/08/2017 08:46:00 PM,02/15/2018 03:51:00 PM,93.141692,25.481623
Hindustan Times,http://www.hindustantimes.com/india-news/manipur-heavy-rains-trigger-landslides-along-national-highways/story-84kUb5i3oGENZmSEVhJ3eO.html,11153,07/09/2017 01:23:00 PM,,Landslide in Langol Laimanai,Landslide following continuous rain damages houses in Langol Laimanai near Imphal,"Langol Laimanai, Imphal West, Manipur",5km,landslide,continuous_rain,small,natural_slope,0.0,0.0,,,,,,,,,,,,07/10/2017 01:23:00 PM,12/20/2017 03:40:00 PM,02/15/2018 03:51:00 PM,93.89896294,24.83507319
Hindustan Times,http://www.hindustantimes.com/india-news/14-people-feared-dead-in-massive-landslide-in-arunachal-pradesh/story-I1ogsSk2zfyvXm2wGlmjWP.html,11168,07/11/2017 02:21:00 PM,,Large landslide at Laptap village,"Landslide after incessant rains buries 3 dwellings, kills 14","Laptap, Papum Pare, Arunachal Pradesh, India",1km,landslide,continuous_rain,large,natural_slope,14.0,0.0,,http://www.hindustantimes.com/rf/image_size_960x540/HT/p2/2017/07/11/Pictures/_cb57521a-663f-11e7-99b4-5703255acffe.jpg,,,,,,,,,,07/11/2017 02:21:00 PM,12/20/2017 03:55:00 PM,02/15/2018 03:51:00 PM,93.63051815,27.21668161
Imphal Times,http://www.imphaltimes.com/news/item/9009-state-medical-team-rushes-henglep-sub-division-stranded-midway-due-to-landslide,10967,07/10/2017 06:45:00 PM,,Landslide near Molnom blocks road,Landslide after heavy rains strands state medical team responding to calls in remote villages,"NH-150, Churachandpur, Manipur, 795133",25km,landslide,rain,small,above_road,0.0,0.0,,,,,,,,,,,,07/10/2017 06:45:00 PM,12/08/2017 08:25:00 PM,02/15/2018 03:51:00 PM,93.70684171,24.37169581
The Arunachal Times,http://www.arunachaltimes.in/six-killed-in-meghalaya-landslides/,10987,06/17/2017 06:45:00 PM,,Fatal landslide in Umiam,Landslide following continuous rain kills 3 in Umiam industrial area,"Umiam, Ribhoi, Meghalaya",5km,landslide,continuous_rain,medium,unknown,3.0,0.0,,,,,,,,,,,,07/10/2017 06:45:00 PM,12/08/2017 08:50:00 PM,02/15/2018 03:51:00 PM,91.9234343,25.67836832
Arunachal Times,http://www.arunachaltimes.in/arunachal-devastated-by-landslides-and-floods-minor-dead/,11172,07/09/2017 01:23:00 PM,,Landslide at Niti Vihar,"After heavy rains. Article: In Itanagar, a massive landslide occurred this morning [7/9/17]at upper Niti Vihar junction washing away Police waiting shed and buried a dwelling house and damaged two cars.","Niti Vihar, Itanagar, Arunachal Pradesh, India",5km,landslide,continuous_rain,medium,natural_slope,0.0,0.0,,http://www.arunachaltimes.in/wp-content/uploads/2017/07/0000-268x1024.jpg,,,,,,,,,,07/10/2017 01:23:00 PM,12/20/2017 03:55:00 PM,02/15/2018 03:51:00 PM,93.60505989,27.0844941
The Asian Age,http://dailyasianage.com/news/51110/sylhet-worker-killed-in-landslide,10984,03/08/2017 09:02:00 PM,,Makeshift Stone Quarry Landslide Kills Worker,"A worker died in a landslide near Jaflang Mandir in Gowainghat upazila of the district on Wednesday morning. The deceased was identified as Mostakim Mia, son of Batir Mia, resident of Isabpur village of Baniachang upazila in Habiganj.","Jaflang Mandir, Gowainghat upazila, Sylhet Division, Bangladesh",5km,landslide,mining,small,mine,1.0,0.0,,,Event occurred in the morning.,,,,,,,,,10/05/2017 08:02:00 PM,12/08/2017 08:47:00 PM,02/15/2018 03:51:00 PM,92.019575,25.167803
The New Nation,http://thedailynewnation.com/news/137920/two-killed-in-barlekha-landslide.html,10966,06/18/2017 02:21:00 PM,,Fatal landslide in Dimai village,Landslide kills two in Dimai village. No further weather info given. Contemporaneous with many rainfall triggered landslides in the region.,"Dimai village (??), Barlekha Upazila, Bangaldesh",5km,landslide,rain,medium,natural_slope,2.0,0.0,,,,,,,,,,,,07/11/2017 02:21:00 PM,12/08/2017 08:24:00 PM,02/15/2018 03:51:00 PM,92.23034662,24.70412149
DNA,http://www.dnaindia.com/india/report-all-schools-in-dima-haso-district-closed-due-to-bad-weather-2381478,10979,04/04/2017 12:57:00 PM,,Landslide in Phaiding,"The rains also caused landslide and landslip in several places in Dima Hasao district headquarters of Haflong and many other places like Harangajao, N Leikul, Mahur and Phaiding for the past couple of days, according to Dima Hasao district administration.



","Phaiding, Assam, India",1km,landslide,rain,small,above_road,0.0,0.0,,,,,,,,,,,,08/04/2017 12:57:00 PM,12/08/2017 08:46:00 PM,02/15/2018 03:51:00 PM,93.172758,25.195355
Imphal Free Press,http://www.ifp.co.in/item/1220-mizoram-calamity-12-dead-877-houses-damaged,10963,06/12/2017 02:21:00 PM,,Damaging landslide in Serchhip District,"Landslide following rains throughout Mizoram State kills one, damages 8 houses","Serchhip District, Mizoram, 796230",10km,landslide,rain,medium,natural_slope,1.0,0.0,,,"Unsure if all damage due to single landslide event. Date approximated, article only says between 6/9 and 6/20/17",,,,,,,,,07/11/2017 02:21:00 PM,12/08/2017 08:18:00 PM,02/15/2018 03:51:00 PM,92.85410625,23.33501164
NewAge,http://www.newagebd.net/article/7829/death-toll-from-sylhet-landslide-rises-to-five,10981,01/23/2017 02:49:00 PM,,Companiganj Landslide in Stone Quarry,"The landslide took place on Monday morning when a group of some 12 workers were extracting underground stones illegally from the quarry. A landslide occurred at the site, causing the death of 5 workers.","Companiganj, Sylhet Division, Bangladesh",1km,landslide,mining,small,mine,5.0,0.0,,,,,,,,,,,,10/31/2017 01:49:00 PM,12/08/2017 08:47:00 PM,02/15/2018 03:51:00 PM,91.75063827,25.08734272
Hindustan Times,http://www.hindustantimes.com/india-news/manipur-heavy-rains-trigger-landslides-along-national-highways/story-84kUb5i3oGENZmSEVhJ3eO.html,10968,07/09/2017 01:23:00 PM,,Landslide blocks road near Thanlon,"Following continuous rain, landslide impedes vehicular movement along NH-2 near Thanlol","Thanlon, Churachandpur, Manipur",1km,landslide,continuous_rain,small,above_road,0.0,0.0,,,"Time approximate, corroborated chronologically with other contemporary landslides from article in close proximity to this one.",,,,,,,,,07/10/2017 01:23:00 PM,12/08/2017 08:25:00 PM,02/15/2018 03:51:00 PM,93.28039349,24.27173018
NewsBytes,https://www.newsbytesapp.com/timeline/India/1929/11909/arunachal-pradesh-floods-landslides-reap-misery,11177,07/11/2017 02:24:00 PM,,Landslide in Tawang,"Two more people were killed in another landslide in Tawang, Arunachal Pradesh, taking the death toll in two days to 19.  The fresh landslides also swept away over 30 houses.  Union Minister of State for Home Affairs Kiren Rijiju visited the affected region to assess the situation.  The Indian Army has been helping the civil administration in most of the flood and landslide-affected areas.","Tawang, Arunchal Pradesh",5km,landslide,rain,large,,19.0,0.0,,,,,,,,,,,,07/11/2017 02:24:00 PM,12/20/2017 04:14:00 PM,02/15/2018 03:51:00 PM,91.876945,27.583849
Eastern Mirror,http://www.easternmirrornagaland.com/21-houses-destroyed-by-landslide-in-kohima-town/,11158,07/12/2017 01:28:00 PM,,"Landslide destroys houses in Kohiama, near High School area","Landslide causes significant damage to property. Talking to Eastern Mirror, the colony members informed that nine (9) houses were fully damaged, while five (5) houses were severely damaged and seven (7) houses partially damaged. Two roads connecting the colony were also taken away by the landslide; sources said adding that there was no casualty.","Kohima, Nagaland, India",1km,landslide,rain,medium,natural_slope,0.0,0.0,,,,,,,,,,,,07/13/2017 01:28:00 PM,12/20/2017 03:45:00 PM,02/15/2018 03:51:00 PM,94.09483333,25.69111465
The Northeast Today,https://thenortheasttoday.com/cars-crushed-by-deadly-landslide-on-chongey-road-sikkim-in-pictures/,11183,07/10/2017 12:55:00 PM,,"Cars crushed by deadly landslide on Chongey road, Sikkim","Many vehicles plying along the Rongey/Chongey road were crushed by a major landslide at Maney Khola Rongay, East Sikkim. According to reports posted by the Sikkim Police in facebook on Wednesday, Rongey/Chongey road was blocked at Maney Khola due to rock slide moment ago.",East Sikkim,100km,rock_fall,,medium,,0.0,0.0,,https://static.thenortheasttoday.com/wp-content/uploads/2016/09/land1.jpg,Cannot find location of Maney Khola Rongay,,,,,,,,,07/10/2017 12:55:00 PM,12/20/2017 04:36:00 PM,02/15/2018 03:51:00 PM,88.651914,27.360364
Eleven,http://www.elevenmyanmar.com/local/8413,10969,03/19/2017 03:47:00 PM,,Kalay-Tiddim-Reed Route Landslide near Sozan village suspends border trade,"Trading at Tiddim in Chin State, on the India- Myanmar trade route, has been temporarily suspended due to a landslide in Kennedy mountain.  The landslide occurred on Kalay-Tiddim-Reed route, near Sozan village on Sunday evening and lasted for one day, according to Tiddim township administrator U Khine.  “The landslide occurred at the base of Kennedy mountain as the road in that section is very narrow. With the assistance of four big machines, we are carrying out land-clearing works,” said U Khine.","Kalay-Tiddim-Reed Route, near Sozan Village, Chin State, Myanmar",5km,landslide,unknown,unknown,natural_slope,0.0,0.0,,,Event occurred in the evening.,,,,,,,,,09/28/2017 03:47:00 PM,12/08/2017 08:29:00 PM,02/15/2018 03:51:00 PM,93.75079688,23.32140323
The Arunachal Times,http://www.arunachaltimes.in/arunachal-devastated-by-landslides-and-floods-minor-dead/,11170,07/09/2017 01:23:00 PM,,Mudslides in Borum and Nyorch,Mudslides in Borum and Nyorch (could not identift Nyorch) affect 6 houses. After constant rains throughout Arunachal Pradesh.,"Naharlagun Sub-District, Papum Pare, Arunachal Pradesh",5km,mudslide,continuous_rain,medium,natural_slope,0.0,0.0,,,,,,,,,,,,07/10/2017 01:23:00 PM,12/20/2017 03:55:00 PM,02/15/2018 03:51:00 PM,93.66495709,27.14163897
The Arunachal Times,http://www.arunachaltimes.in/rebia-inspects-flood-ravaged-itanagar-jote-tapiasso-road-doimukh-circle/,11169,07/09/2017 02:21:00 PM,,Landslide on Itanagar- Jote-Tapiasso road,"Landslide after weeks of incessant rain in Arunachal Pradesh completely blocks road. Significant enough to be visited by Minister for Urban Development & Housing, Town Planning.","Itanagar- Jote-Tapiasso road, Papum Pare, Arunachal Pradesh",10km,landslide,continuous_rain,medium,above_road,0.0,0.0,,,,,,,,,,,,07/11/2017 02:21:00 PM,12/20/2017 03:55:00 PM,02/15/2018 03:51:00 PM,93.50102778,27.05957271
The Financial Express,http://www.thefinancialexpress-bd.com/2017/03/17/64576/Rangamati-landslide-leaves-three-dead,10958,03/16/2017 08:44:00 PM,,Landslide Triggered by Digging at Rangamati,"A landslide triggered by digging work on a Rangamati hill has left three people dead, reports bdnews24.com. Another person has been left injured in the incident at College Gate area on Thursday afternoon, said Golam Mostafa, assistant director of Fire Service at Rangamati. The dead victims include Shamsul Alam, 55, the owner of the plot, and the others are construction workers – Kalu Malakar, 35, and Md Hanif, 32.","a hill in Rangamati, College Gate area, Bangladesh",5km,landslide,construction,small,natural_slope,3.0,1.0,,,,,,,,,,,,10/03/2017 08:44:00 PM,12/08/2017 08:11:00 PM,02/15/2018 03:51:00 PM,92.15455,22.64753
Hindustan Times,http://www.hindustantimes.com/india-news/floods-landslides-hit-arunachal-capital-itanagar-following-heavy-rains/story-0FRcHVbMWVXWXotUXVBVuI.html,11171,04/26/2017 01:17:00 PM,,Landslide on Senki View road,"Article: ""Incessant rainfall for the past one week has flooded large areas of Arunachal Pradesh’s capital town Itanagar and caused landslides and road blocks at many points.  The PWD took swift action to clear the debris caused by the landslide at Senki View and Donyi Polo Road, an official report said on Thursday.""","Senki View, Itanagar, Papum Pare, Arunachal Pradesh, India",1km,landslide,continuous_rain,small,above_road,0.0,0.0,,http://www.hindustantimes.com/rf/image_size_960x540/HT/p2/2017/04/27/Pictures/landslide-in-arunachal-pradesh_cc89f20a-2b5c-11e7-bd89-19cc2c5d765e.jpg,,,,,,,,,,07/17/2017 01:17:00 PM,12/20/2017 03:55:00 PM,02/15/2018 03:51:00 PM,93.61156568,27.104022
DNA,http://www.dnaindia.com/india/report-all-schools-in-dima-haso-district-closed-due-to-bad-weather-2381478,10976,04/04/2017 12:57:00 PM,,Landslide in Harangajao,"The rains also caused landslide and landslip in several places in Dima Hasao district headquarters of Haflong and many other places like Harangajao, N Leikul, Mahur and Phaiding for the past couple of days, according to Dima Hasao district administration.","Harangajao, Assam, India",1km,landslide,rain,small,above_road,0.0,0.0,,,,,,,,,,,,08/04/2017 12:57:00 PM,12/08/2017 08:46:00 PM,02/15/2018 03:51:00 PM,92.853913,25.118398
Mizzima,http://www.mizzima.com/news-domestic/myanmar-jade-mine-landslide-kills-9-official,10970,02/09/2017 05:05:00 PM,,Jade Mine Collapse in Hpakant in Kachin State Kills 9,"A landslide in northern Myanmar's jade mining region has killed 9 people, a local official said Saturday, the latest fatal incident to strike the shadowy billion-dollar industry. The men were believed to be searching for jade in Kachin state when a wall of unstable earth collapsed late Thursday night.","Hpakant, Kachin, Myanmar (Burma)",1km,landslide,mining,medium,mine,9.0,0.0,,http://www.mizzima.com/sites/default/files/photo/2017/02/Myanmar-jade-mine-landslide-kills-9.jpg,,,,,,,,,,10/20/2017 04:05:00 PM,12/08/2017 08:33:00 PM,02/15/2018 03:51:00 PM,96.3086022,25.61953667
DNA,http://www.dnaindia.com/india/report-all-schools-in-dima-haso-district-closed-due-to-bad-weather-2381478,10978,04/04/2017 12:57:00 PM,,Landslide in N. Leikul,"The rains also caused landslide and landslip in several places in Dima Hasao district headquarters of Haflong and many other places like Harangajao, N Leikul, Mahur and Phaiding for the past couple of days, according to Dima Hasao district administration.","N. Leikul, Assam, India",1km,landslide,rain,small,above_road,0.0,0.0,,,,,,,,,,,,08/04/2017 12:57:00 PM,12/08/2017 08:46:00 PM,02/15/2018 03:51:00 PM,93.04681,25.132228
Arunachal Times,http://www.arunachaltimes.in/arunachal-devastated-by-landslides-and-floods-minor-dead/,11165,07/09/2017 01:23:00 PM,,"Landslide near Civil Secretariat, Itanagar","Landslide blocks road near Civil Secretariat, easily cleared. Following heavy rains throughout Arunachal Pradesh.","Civil Secretariat, Itanagar, Arunachal Pradesh, India",exact,landslide,continuous_rain,small,above_road,0.0,0.0,,,,,,,,,,,,07/10/2017 01:23:00 PM,12/20/2017 03:55:00 PM,02/15/2018 03:51:00 PM,93.61882043,27.092916
Hindustan Times,http://www.hindustantimes.com/india-news/manipur-heavy-rains-trigger-landslides-along-national-highways/story-84kUb5i3oGENZmSEVhJ3eO.html,11159,07/09/2017 01:23:00 PM,,Landslide on NH-2 between Sinam and Laijang,"Landslide on NH-2 near Kohima, following continuous rain. Around 60 feet of the national highway 37 between Sinam and Laijang villages in the Imphal-Jiribam sector, about 35 km from Imphal, broke off on Sunday morning, officials said.","Jakhama, Kohima, Nagaland",10km,landslide,continuous_rain,small,above_road,0.0,0.0,,http://www.hindustantimes.com/rf/image_size_960x540/HT/p2/2017/07/09/Pictures/_7532de6e-64a9-11e7-8e9a-26934b659213.jpg,"Date is approximate, article does not give specific date (corroborated with other landslides in close proximity and chronology).",,,,,,,,,07/10/2017 01:23:00 PM,12/20/2017 03:45:00 PM,02/15/2018 03:51:00 PM,94.10065403,25.6320357
Daily Sun,http://www.daily-sun.com/printversion/details/213012/2-killed-in-Comilla-landslide,10959,03/16/2017 08:44:00 PM,,Comilla Landslide Kills Two,"Two workers were killed and another was injured in a landslide while constructing a wall beside a hillock at Tipra Bazar near the Cantonment area on Thursday night, reports UNB. The deceased were identified as Tamim Hossain, son of Arun Mia of Kathalia village of Burichang upazila and Ashraful Islam, hailing from Rangpur. A big chunk of mud fell on the workers while they were working around 10pm, leaving the duo dead on the spot and another injured.","Tipra Bazar, near Cantonment area, Bangladesh",5km,landslide,construction,small,natural_slope,2.0,1.0,,,,,,,,,,,,10/03/2017 08:44:00 PM,12/08/2017 08:11:00 PM,02/15/2018 03:51:00 PM,91.125374,23.438189
Eastern Mirror,http://www.easternmirrornagaland.com/army-rescues-200-people-from-landslide-site-in-arunachal-pradesh/,11178,06/18/2017 01:16:00 PM,,Landslide traps commuters,Two landslides during monsoon rains trap 70 cars and 200 people along road from Bhaulkpong 7 km towards Sessa. Army rescues commuters.,"Bhalukpong, Assam",10km,landslide,monsoon,medium,above_road,0.0,0.0,,,,,,,,,,,,07/07/2017 01:16:00 PM,12/20/2017 04:15:00 PM,02/15/2018 03:51:00 PM,92.78260587,26.96437841
Firstpost,http://www.firstpost.com/india/assam-floods-death-toll-reaches-33-over-12-55-lakh-people-affected-across-20-districts-3798017.html,11163,07/10/2017 02:21:00 PM,,Fatal landslide in Narayanpur,Landslide during heavy rains and flooding throughout Assam State kills two,"Narayanpur, Lakhimpur, Assam, 784164",1km,landslide,continuous_rain,medium,unknown,2.0,0.0,,,,,,,,,,,,07/11/2017 02:21:00 PM,12/20/2017 03:55:00 PM,02/15/2018 03:51:00 PM,93.85748748,26.95223279
Outlook India,https://www.outlookindia.com/newsscroll/landslides-after-heavy-premonsoon-rain-in-mizoram/1035823,10961,04/25/2017 05:58:00 PM,,Landslide blocks NH-54,"Article: ""Mizoram has been cut off from the rest of the country as landslide, triggered by heavy and incessant pre-monsoon rains, blocked the National Highway 54, official sources said today."" Sparse on details.","NH-54, North Thingdawl, Kolasib, Mizoram, 796075",50km,landslide,continuous_rain,small,above_road,0.0,0.0,,,,,,,,,,,,07/17/2017 05:58:00 PM,12/08/2017 08:18:00 PM,02/15/2018 03:51:00 PM,92.67420963,24.0135808
The Northeast Today,https://thenortheasttoday.com/nagaland-heavy-rainfall-and-landslide-massively-damages-nh-29/,11156,05/16/2017 02:05:00 PM,,Landslide on NH-29 between Dimapur and Kohima,"Article: ""Following the incessant rain for last one week and earth cutting works for the four lane National Highway 29, between Dimapur and Kohima, resulted to land slide and sinking, continued to block National Highway near at Peducha under Kiruphema jurisdiction in Kohima district today since wee hours.""","NH-29, Sechu (Zubza), Kohima, Nagaland, 797002",1km,landslide,continuous_rain,small,above_road,0.0,0.0,,https://thenortheasttoday.com/wp-content/uploads/2017/05/road-block.jpg,,,,,,,,,,07/12/2017 02:05:00 PM,12/20/2017 03:41:00 PM,02/15/2018 03:51:00 PM,93.99655231,25.73318099
The Northeast Today,https://thenortheasttoday.com/nagaland-landslides-cuts-off-lifeline-route-to-12-villages/,11161,06/24/2017 01:23:00 PM,,Landslide on road isolates villages,Landslide on road connecting 12 villages of Longchem circle to Tuli and the NH-2. Villages isolated. After heavy rains.,"Alongkima, Mokokchung, Nagaland",5km,landslide,rain,small,above_road,0.0,0.0,,https://thenortheasttoday.com/wp-content/uploads/2017/07/8BB9378B-155D-4519-3ED0A575472EEEAB.jpg,,,,,,,,,,07/10/2017 01:23:00 PM,12/20/2017 03:52:00 PM,02/15/2018 03:51:00 PM,94.62220277,26.66354481
The Daily Star,http://www.thedailystar.net/country/mudslide-kills-one-1357441,10864,02/07/2017 06:52:00 PM,,Brickfield Worker Killed in Pirgachha upazila During Work,A brickfield worker was killed and another sustained critical injuries in a mudslide in Pirgachha upazila of Rangpur yesterday.,"Pirgachha Upazila, Rangpur Division, Bangladesh, পীরগাছা",10km,mudslide,construction,medium,urban,1.0,1.0,,,,,,,,,,,,10/23/2017 05:52:00 PM,12/05/2017 07:03:00 PM,02/15/2018 03:51:00 PM,89.45570226,25.64319355
WebIndia123,https://news.webindia123.com/news/articles/India/20170708/3142321.html,11155,07/08/2017 01:23:00 PM,,Landslides at Kiruphema village,"Landslides following incessant rain destroy 16 paddy fields, many tree plantations, and parts of a 50 acre swath of forest reserve. Also triggered by construction practices. Article: the landslides were caused due to negligence and haphazard dumping of earth by the said Firm/Contractor who in the process of four lane road [NH-29] development has dumped earth in an unsecured area without proper consultation/permission from the village authority.","Kiruphema village, Kohima, Nagaland",5km,landslide,continuous_rain,medium,natural_slope,0.0,0.0,,,Date estimated (numerous events),,,,,,,,,07/10/2017 01:23:00 PM,12/20/2017 03:41:00 PM,02/15/2018 03:51:00 PM,94.03225673,25.72019272
Nagaland Post,http://www.nagalandpost.com/ChannelNews/State/StateNews.aspx?news=TkVXUzEwMDExMjUzMQ%3D%3D,11154,04/07/2017 01:19:00 PM,,Landslide blocks NH-29 between Pherima and Phiphema,"Landslide on road between Pherima and Piphema. Article: The already loose uncompacted soils on slopes along the highway and the recent torrential rain in the state was one of the main reason for the landslide.  Another reason was that the ongoing four-lane road project, with earth cuttings at most places along the highway, may have triggered the landslides.","Medziphema, Dimapur, Nagaland",5km,landslide,rain,small,above_road,0.0,0.0,,,,,,,,,,,,08/04/2017 01:19:00 PM,12/20/2017 03:41:00 PM,02/15/2018 03:51:00 PM,93.93507183,25.77171292
The Daily Star,http://www.thedailystar.net/backpage/rail-link-sylhet-cut-6-hours-1422739,10965,06/19/2017 02:21:00 PM,,Landslide in Lawachara National Park,"Landslide in Lawachara National Park cuts railroad track, severs Sylhet by rail from Dhaka and Chittagong before repairs 6 hours later. Exacerbated by deforestation. Article: Narayan Saha, former head of forestry and environment science department at Shahjalal University of Science and Technology, told this correspondent that cutting down of big trees was the main reason behind landslide.  Small trees cannot hold soil properly as roots of big trees are stronger than small trees. So, it is important to save big trees to avoid landslides, he added.","Lawachara National Park, Bangladesh",1km,landslide,rain,small,above_road,0.0,0.0,,,,,,,,,,,,07/11/2017 02:21:00 PM,12/08/2017 08:23:00 PM,02/15/2018 03:51:00 PM,91.8008536,24.33197035
The Independent,http://www.theindependentbd.com/post/100012,10956,06/18/2017 02:21:00 PM,,Fatal landslide in Lakhsmichhari,"After heavy rain, chunk of mud crushes and kills girl in Lakhsmichhari","Lakshmichhari Upazila, Bangladesh",25km,landslide,rain,small,unknown,1.0,0.0,,,,,,,,,,,,07/11/2017 02:21:00 PM,12/08/2017 08:11:00 PM,02/15/2018 03:51:00 PM,91.95656252,22.84756674
The Shillong Times,http://www.theshillongtimes.com/2017/07/07/landslide-blocks-nh-6-hundreds-stranded/,10986,07/06/2017 01:16:00 PM,,Landslide on NH-6,Landslide following heavy rainfall blocks NH-6 near Umsawnongkhrai village,"Umsning, Ribhoi, Meghalaya State, India",1km,landslide,downpour,medium,above_road,0.0,0.0,,http://www.theshillongtimes.com/wp-content/uploads/2017/07/IMG_20170706_170734-750x430.jpg,,,,,,,,,,07/07/2017 01:16:00 PM,12/08/2017 08:50:00 PM,02/15/2018 03:51:00 PM,91.876717,25.82860033
Arunachal Times,http://www.arunachaltimes.in/arunachal-devastated-by-landslides-and-floods-minor-dead/,11166,07/09/2017 01:23:00 PM,,Landslides in Aalo,Heavy rains throuhgout Arunachal Pradesh cause multiple landslides in the Aalo neighborhood of Itanagar,"Aalo, Itanagar, Papum Pare, Arunachal Pradesh",5km,landslide,continuous_rain,small,urban,0.0,0.0,,,Confidence radius should be 2-3 km,,,,,,,,,07/10/2017 01:23:00 PM,12/20/2017 03:55:00 PM,02/15/2018 03:51:00 PM,93.59755441,27.07671517
Keunsel,http://www.kuenselonline.com/landslides-block-roads-across-the-country/,11181,07/08/2017 02:21:00 PM,,Landslide blocks road between Dagapela and Dagana,"Landslide after rain between Dagapela and Dagana, cleared. Caused by heavy rainfall",Bhutan,5km,landslide,downpour,small,above_road,0.0,0.0,,,,,,,,,,,,07/11/2017 02:21:00 PM,12/20/2017 04:21:00 PM,02/15/2018 03:51:00 PM,89.90633458,27.04040393
Indian Express,http://indianexpress.com/article/india/india-news-india/massive-landslide-in-mizoram-kills-five/,10960,09/17/2016 02:54:00 PM,,Landslide in Mizoram,"Five persons from two families, including a minor girl, were killed in a massive landslide triggered by extremely heavy rainfall today at Tlungvel village in Mizoram’s Aizawl district. Heavy rainfall between 1 AM and 2 AM swept away three houses of the village and a couple and their four-year-old daughter were killed in the landslide. Their 11-year-old son, however, survived with minor injuries. The bodies of the girl and her mother were recovered, but the man’s body was found two km away where he was swept away by a flash flood. An elderly woman and her 25-year-old son living in the same village were also killed in the landslide, police said, adding another house, which had been abandoned, was also destroyed in the calamity. A number of landslides were also reported from across Mizoram which caused road blockades.","Mizoram, India",5km,landslide,,,,5.0,0.0,,,,,,,,,,,,07/10/2017 02:54:00 PM,12/08/2017 08:18:00 PM,02/15/2018 03:51:00 PM,92.7178,23.725943
Eastern Mirror,http://www.easternmirrornagaland.com/landslide-near-peducha-cuts-off-national-highway-29/,11157,07/09/2017 01:23:00 PM,,Significant landslide blocks NH-29 near Peducha,"Following incessant rain, a significant landslide stretching 50 yards completely blocks NH-29 near Peducha village.","Peducha, Kohima, Nagaland State, India",1km,landslide,continuous_rain,medium,above_road,0.0,0.0,,http://www.easternmirrornagaland.com/wp-content/uploads/2017/07/8.jpg,,,,,,,,,,07/10/2017 01:23:00 PM,12/20/2017 03:41:00 PM,02/15/2018 03:51:00 PM,93.98827528,25.73111942
E-Pao,http://e-pao.net/GP.asp?src=4..090717.jul17,11151,07/08/2017 01:23:00 PM,,Landslides along Lamlang River,"Incessant rains cause landslides along river. Article: huge tracts of land covering nine different major paddy field areas Hongchao, Litji, Nitrei, Rashoi, Khaying, Yakrei, Chanwoi, Napik and Mirang measuring about 12 hectares have been destroyed by land slip.","Ukhrul Central, Ukhrul, Manipur",100km,landslide,continuous_rain,medium,above_river,0.0,0.0,,,"All details gleaned from single sentence in article, which was primarily about flooding",,,,,,,,,07/10/2017 01:23:00 PM,12/20/2017 03:39:00 PM,02/15/2018 03:51:00 PM,94.27420555,25.06466676
Eastern Mirror,http://www.easternmirrornagaland.com/landslide-damages-houses-in-tuensang-village/,11160,07/10/2017 02:21:00 PM,,Landslide in Tuensang Village,"Landslide damages homes of 21 families, St. Thomas school. Taking place over weeks.","Tuensang, Nagaland",5km,landslide,unknown,medium,natural_slope,0.0,0.0,,http://www.easternmirrornagaland.com/wp-content/uploads/2017/07/weeeee-768x577.jpg,"Date approximated, landslide is a continuous creep resulting from previous slide events",,,,,,,,,07/11/2017 02:21:00 PM,12/20/2017 03:45:00 PM,02/15/2018 03:51:00 PM,94.81481951,26.2632687
The Northeast Today,https://thenortheasttoday.com/arunachal-pradesh-three-assam-labourers-killed-in-a-landslide/,11174,04/22/2017 06:27:00 PM,,Fatal landslide near Palin,Landslide triggered by continuous rains lasting several days kills 3,"Palin, Kurung Kumey, Arunachal Pradesh",1km,landslide,continuous_rain,small,natural_slope,3.0,0.0,,https://thenortheasttoday.com/wp-content/uploads/2017/04/arunachal-pradesh.jpg,,,,,,,,,,07/18/2017 06:27:00 PM,12/20/2017 03:56:00 PM,02/15/2018 03:51:00 PM,93.62592773,27.6802471
Kuensel,http://www.kuenselonline.com/landslides-block-roads-across-the-country/,10865,07/08/2017 02:21:00 PM,,Landslide on Samdrupjongkhar to Trashigang road,"Landslide after rain obstructs road, cleared after a few days. Date approximated.",Bhutan,25km,landslide,rain,small,above_road,,,,,,,,,,,,,,07/11/2017 02:21:00 PM,12/05/2017 07:04:00 PM,02/15/2018 03:51:00 PM,91.6036289,27.16009861
Hindustan Times,http://www.hindustantimes.com/india-news/manipur-heavy-rains-trigger-landslides-along-national-highways/story-84kUb5i3oGENZmSEVhJ3eO.html,11149,07/09/2017 01:23:00 PM,,Landslide on NH-37,Continuous heavy rains in Manipur State. Landslide around 35 km from Imphal destroys 60 feet of NH-37.,"NH-37, Manipur State, India",10km,landslide,continuous_rain,medium,below_road,0.0,0.0,,http://www.hindustantimes.com/rf/image_size_960x540/HT/p2/2017/07/09/Pictures/_7532de6e-64a9-11e7-8e9a-26934b659213.jpg,,,,,,,,,,07/10/2017 01:23:00 PM,12/20/2017 03:21:00 PM,02/15/2018 03:51:00 PM,93.51825,24.82767572
The Dawnlit Post,https://thedawnlitpost.com/house-damaged-in-landslide/,11173,04/22/2017 06:27:00 PM,,Landslide at IMC Ward Number 18,"House damaged overnight due to monsoon. Article does not mention trigger directly, but mentions monsoon (reasoning for assuming rainfall trigger.)","IMC ward #18 (??), Lower Subansiri, Arunachal Pradesh",10km,landslide,monsoon,small,natural_slope,0.0,0.0,,https://thedawnlitpost.com/wp-content/uploads/2017/04/2-17-1024x768.gif,,,,,,,,,,07/18/2017 06:27:00 PM,12/20/2017 03:56:00 PM,02/15/2018 03:51:00 PM,93.84196894,27.61790706
India Blooms,http://www.indiablooms.com/ibns_new/news-details/N/30787/assam-three-children-die-in-landslide-in-west-karbi-anglong.html,10975,04/29/2017 01:17:00 PM,,Fatal landslide in Makhim village,Landslide following continuous rain kills 3 children who were working in hills,"Makhim (??), West Karbi Anglong, Assam",25km,landslide,continuous_rain,medium,natural_slope,3.0,0.0,,,,,,,,,,,,07/17/2017 01:17:00 PM,12/08/2017 08:38:00 PM,02/15/2018 03:51:00 PM,92.7094701,25.61919207
Daily World,https://dailyworld.in/nagaon-a-landslide-at-national-highway-37-near-burapahar-area-in/,11162,07/09/2017 06:45:00 PM,,Landslide blocks NH-37,Following continuous rain. Article: landslide at National Highway 37 near Burapahar area in Nagaon district of Assam,"Burapahar, Nagaon, Assam",5km,landslide,continuous_rain,small,above_road,0.0,0.0,,https://i0.wp.com/dailyworld.in/wp-content/uploads/Nagaon-A-landslide-at-National-Highway-37-near-Burapahar-area-in....jpg?w=600&ssl=1,,,,,,,,,,07/10/2017 06:45:00 PM,12/20/2017 03:53:00 PM,02/15/2018 03:51:00 PM,93.13195098,26.56636244
NBC Daily,http://www.nbcdaily.com/separate-landslides-kill-two-in-assam/85170/,10973,12/15/2016 05:00:00 AM,,Landslide at Pub Sarania Hill,An octogenarian was killed when a sudden landslide buried his house at Pub Sarania hill.,"Pub Sarania Hill, Guwahati, Assam, India",1km,landslide,unknown,small,urban,1.0,0.0,,,,,,,,,,,,07/26/2017 01:22:00 PM,12/08/2017 08:37:00 PM,02/15/2018 03:51:00 PM,91.772042,26.181606
