p_pinn,sigma_mc,fos,p_hgb,p_ensemble,y_true
0.0001998846,0.0010551009,1.9188714,0.00022018131634660626,0.04789839932368511,0
1.2947082e-05,0.0006433606,1.105338,0.00038363600270261236,0.02803898603989564,0
0.11395026,0.20584264,5.0,0.05477351846737816,0.12957869194321903,0
0.00017183562,0.0012515576,1.1403137,0.000376019174286143,0.029162374106433877,0
0.002538939,0.038653277,1.9008701,0.0019508347224932627,0.048868623224634526,0
1.1759138e-05,0.00027032546,1.7178987,0.00041911638672914906,0.044090651085786046,0
0.00012060812,0.029758438,1.1195692,0.00027021535722955873,0.028691248859096054,0
0.014776735,0.015233899,1.2560349,0.038768717699934466,0.04787770480505212,0
0.22482453,0.10542652,3.593072,0.0017401902315137,0.06986395333668202,0
0.09508035,0.067198224,1.3016598,0.04079158046597905,0.051507360677392644,0
0.3223493,0.13221055,2.825493,0.015530174002282092,0.07252649633469263,0
0.94823515,0.04987216,1.8293995,0.9860345249018613,0.9991823241942878,1
0.77550894,0.10243959,3.5962684,0.9003711215564241,0.9986850035307289,0
0.8097844,0.10174802,0.9788397,0.3169214409000185,0.3939516150621969,0
7.472883e-06,0.0012601658,5.0,0.00029353077083140887,0.07434031056479941,0
0.0047914297,0.02529246,3.6714332,0.024060350238550743,0.08497252707659646,0
2.4008876e-05,0.00032194564,5.0,0.0012786361280850657,0.07502027409782205,0
5.8978796e-05,0.0012873054,1.4649569,0.00044942348841074567,0.03834777740090354,0
0.017052414,0.19293417,1.4292955,0.02340223483410039,0.04937093744531165,0
0.2544408,0.09310777,1.384436,0.06033326750288703,0.0668210682585708,0
0.0017559346,0.005048006,5.0,0.03535820721163909,0.10328626965317203,0
3.7596772e-05,0.00045701,1.2711601,0.0003412571546673459,0.03309842908629321,0
5.3321324e-05,0.022735272,1.2199304,0.000141352558866552,0.03172259152411206,0
0.66670966,0.08374466,1.304449,0.2895834768632307,0.4140493483835832,0
0.6005876,0.05904839,1.1358324,0.8936099555477437,0.9965742039068884,1
0.5891534,0.0515561,1.2954736,0.8524997815737557,0.9955347795774586,1
0.62331,0.04731578,1.3377367,0.4108501502837973,0.7136490571537774,0
0.32929605,0.12173478,1.6108778,0.07812553520711625,0.09132955888322548,0
6.8394693e-06,0.0017271806,1.5601171,0.0003980485689021251,0.04062794536917485,0
0.99779165,0.008090921,1.1221918,0.999844938949128,0.9988163948780782,1
0.00024047293,0.0012455054,3.1637094,0.0007246655055179562,0.06379152039215623,0
1.509777e-05,0.028232347,1.2740421,0.0014597180868631615,0.03380293719127668,0
0.13152778,0.07362182,1.9412761,0.30869044931312095,0.5508559142198239,0
0.00012227808,0.0028154287,5.0,0.010428200318030234,0.08184786370437525,0
0.01500736,0.12023812,1.0086546,0.015708419701126977,0.029853099393868134,0
0.116737925,0.033424713,5.0,0.021343146885418076,0.0915002699734622,0
0.84814006,0.039618745,0.9899506,0.9421258354635236,0.9974770848443619,1
0.0009194902,0.010919261,4.0708985,0.11305895938684729,0.19321434318208708,0
3.5401863e-05,0.0050542117,1.503054,0.0012068129172260022,0.039620382973727206,0
3.8983457e-05,0.002011125,1.3610929,0.00018288720804367206,0.035563461446165026,0
0.6919054,0.08059483,1.0193363,0.8333755979135479,0.9927272801132874,0
0.32817695,0.07585194,5.0,0.6671664074998873,0.9871482690473881,0
0.51665026,0.075116925,1.2763025,0.34150971297499016,0.5389547122743583,0
0.2726435,0.054863814,5.0,0.19621508002635513,0.3788918999002555,0
0.113333814,0.07560271,2.9918227,0.48483943481211383,0.906667154704408,0
0.0034060339,0.017007794,2.3521504,0.0010770625158582395,0.05537083422650481,0
8.8095985e-06,0.00042389866,1.0403816,0.0003102374384391846,0.02586493594414038,0
0.2381457,0.09027592,1.4661219,0.17166575629688946,0.1919313901410731,0
0.00036901946,0.002921674,1.8124828,0.005892991284429286,0.048550735089687144,0
0.59858054,0.04588424,1.0769062,0.39695047438406145,0.6240235716963842,0
0.66694176,0.053764734,1.1695021,0.8977765587118827,0.9968336628225616,1
0.17553708,0.122236855,1.5755429,0.08052404131488203,0.09152677374177778,0
0.0007523416,0.027229127,1.5714328,0.000272716838297535,0.04111947939940642,0
0.5691406,0.11682632,1.9208137,0.4624651168439261,0.8570454033045494,0
0.00011609081,0.0018518494,1.6733756,0.0005567744112114948,0.04322781788838061,0
0.1576401,0.06510999,3.5755334,0.014488826516442607,0.07783031262928491,0
0.18929242,0.07779127,5.0,0.29618945857401446,0.6309022366349833,0
0.9310052,0.052639686,0.91688144,0.9996531653195073,0.9984335878472371,1
3.9905983e-05,0.0016030893,5.0,9.479264548965737e-05,0.07420679489465647,0
9.2775925e-05,0.008509034,4.9025564,0.020306804095185607,0.08944719478504673,0
0.84384876,0.049911626,1.312578,0.9828262605664281,0.9988432246893502,1
0.029342141,0.052129086,1.064444,0.13719610999161927,0.10168130071715102,0
8.836591e-06,0.030176168,1.0409636,7.631722570696025e-05,0.026033494109541516,0
0.36878625,0.18735068,1.2247359,0.02373403557746337,0.042250068075709225,0
0.51628065,0.07309758,1.5716112,0.2709285953029366,0.41239123027785407,0
0.29942384,0.160572,1.0064194,0.3634717336942167,0.5241419650095144,0
0.90251017,0.07495741,1.1226877,0.9969075689959827,0.9988018406029995,1
7.373718e-06,0.00019751217,1.164004,0.00021573456999313264,0.029849920007119127,0
0.59443355,0.11738356,3.2876496,0.02805011389338922,0.08721034084984867,0
0.6915298,0.053000733,2.025716,0.9618456699826575,0.9990273990029731,1
0.9979044,0.0056534433,1.7803413,0.9968939795836672,0.9992434947883151,1
0.21657357,0.14198764,2.6928167,0.2885884742237741,0.5565702539856129,0
0.22901005,0.091714986,1.1955298,0.3455974342865708,0.5303986952750138,0
0.45730585,0.2002094,1.4018012,0.00915817790505545,0.04246500708345894,0
0.028452855,0.04008183,1.2729192,0.0042457890802077205,0.03483864918850277,0
0.015986515,0.02149019,3.3630602,0.043465782533074024,0.09842336273340434,0
0.64862555,0.11618405,1.1863054,0.7186690301908715,0.9811134379723906,0
0.14867638,0.022928359,5.0,0.3236738363799155,0.690416534579488,0
0.23089781,0.06629048,1.403282,0.2062569610909036,0.24342163913731255,0
0.0027196915,0.012075329,5.0,0.0011918755490198608,0.0751884283819438,0
0.18254517,0.1929853,1.4118313,0.0948958742153598,0.0966529559772572,0
0.3019881,0.14155798,1.5006341,0.42802053127321193,0.7736505919062536,0
0.085961744,0.02353293,5.0,0.028999200388111587,0.09795746048408761,0
0.46966332,0.1129774,1.271513,0.8830869600708215,0.9967143629525992,0
0.9965947,0.007573636,0.9207973,0.9998219657588482,0.9984286173239483,1
0.12111999,0.10625077,1.2284108,0.036530588877143465,0.046877190914498004,0
0.3291578,0.08867951,1.2315346,0.32374406425941243,0.4834451540986667,0
1.6061535e-05,0.0027671386,1.1722858,0.0022731228090132703,0.03075000438753928,0
0.48734307,0.14127639,0.9942354,0.35574251888001784,0.4992247158707399,0
0.557275,0.08866321,1.2196959,0.7957157327571822,0.9915481420762738,1
5.3217696e-05,0.010759752,1.2974926,0.005440978233500095,0.03570051828627352,0
1.7913791e-06,0.00064815144,5.0,0.002325140652490508,0.07577463392488441,0
1.8039687e-05,0.00073486456,1.1080397,0.00016291211733061333,0.028065424111547988,0
0.0037271972,0.015399309,1.6077987,0.04417067271077585,0.0640741957295289,0
0.07152842,0.027684972,5.0,0.004992798825001131,0.07832507411680535,0
0.43888476,0.08887928,1.217944,0.5184848005140902,0.8720222455160556,0
0.8383704,0.06079146,2.0417457,0.5095862709758722,0.9094604225311829,0
0.37696105,0.08974985,1.3772161,0.38084742064394106,0.65590950936657,0
0.005911153,0.031579755,1.0196304,0.010936834635957545,0.028212165023337458,0
0.07810996,0.040045965,5.0,0.03237045755314167,0.10146334973788004,0
0.23966789,0.09955669,1.8210666,0.5420401079873036,0.927981863940677,0
0.00012112734,0.0010977429,2.3084455,0.003014242904772939,0.05556384042586151,0
0.010559103,0.031674642,5.0,0.163796410022494,0.3022237574964468,0
3.7879863e-06,0.0034555874,1.2899191,0.041252495924135706,0.05032341667251708,0
6.691504e-06,0.036730845,1.0408691,7.438758470791139e-05,0.026076096267344646,0
0.99973804,0.0071730013,0.9724008,0.9999467275629175,0.998556492036547,1
0.5368347,0.06954774,1.276139,0.2451696135865835,0.3029847688311908,0
0.18672003,0.058262132,1.2746637,0.1295753655511439,0.11632791870788056,0
0.062385857,0.095775954,1.7250155,0.14944534101995643,0.17984482431492738,0
0.7398306,0.06477527,1.0113295,0.713455606404986,0.9751967609639532,0
1.42698045e-05,0.0008398776,1.329069,0.00041652872415283405,0.03476047354666782,0
0.00028449323,0.012726981,1.410834,0.00018288720804367206,0.036984340962240764,0
0.0001120005,0.007547552,1.0961857,0.00029043764210035845,0.027767356865412523,0
0.54513377,0.11873011,1.3931072,0.6985190771429267,0.9806372541198191,1
0.9999659,0.0010042721,0.8501386,0.9993495280813156,0.9981967473422164,1
0.16566819,0.02666477,5.0,0.0021940220256708737,0.07634960252259958,0
0.41334498,0.053714536,1.0488253,0.5044993948558496,0.8281990514624551,0
0.6602177,0.0714518,1.1416848,0.28921469736498473,0.37438471361786496,0
0.0001918653,0.0008020065,5.0,0.0008893951002539087,0.07475319456913398,0
0.6634786,0.031406496,1.1233714,0.4570442892598299,0.7641469248418978,0
0.02371377,0.04357792,1.2670221,0.22489174464760855,0.2566332028906241,0
0.05114645,0.10053256,1.227233,0.07970497924518154,0.07088276757419733,0
0.06789267,0.055194397,1.4829332,0.026013682272366202,0.05060134902876127,0
0.5837833,0.05357958,1.24657,0.8787496314978612,0.9964334310371437,1
0.87968755,0.048655104,1.0148939,0.9813615672129947,0.9983758955051221,1
0.7287277,0.047981646,1.0835478,0.8430583160796009,0.993889165031215,0
9.098679e-06,0.00024195715,1.3135458,0.0011075417018548144,0.03455940184884024,0
4.7667572e-06,0.00060465187,1.072584,7.619902754248466e-05,0.026881895872890745,0
0.08846886,0.039524473,5.0,0.08921641800189205,0.16823446887763066,0
0.79333526,0.09007639,1.7782122,0.34782695458434204,0.634236111505774,0
0.8137656,0.0984813,2.0435894,0.9511563284426184,0.998936987408081,1
6.289592e-05,0.003321917,1.2173095,0.00014394565082784366,0.03147942860320644,0
0.5719521,0.06775204,1.9031006,0.15250420606920198,0.19655740771844962,0
0.40727258,0.04837131,1.0388156,0.3574381420607524,0.51251433390384,0
0.03495197,0.03217523,2.3512392,0.10427710729280021,0.14502824035596798,0
0.17650294,0.088043615,1.3265922,0.2166519967900275,0.2531253847844538,0
1.4122374e-05,0.0015926209,1.234818,0.0003369017987929141,0.032046268301457556,0
0.5137588,0.18632452,1.9919857,0.9148808166196445,0.9984616876093598,1
0.61309516,0.10192334,1.572645,0.3616355881176273,0.6424378211578202,0
1.601326e-06,0.011522514,1.6542032,0.012284806668807702,0.04814458487866108,0
8.941299e-06,0.00042206649,1.2298844,0.00013047136996077475,0.03182472510909756,0
0.90150726,0.0574933,5.0,0.978843717917989,0.9994688644401826,1
1.2793317e-05,0.0004426094,1.5637773,0.0020975289703690095,0.04138491335156615,0
0.00361811,0.034311324,1.5086248,0.14798988984538783,0.15827114805332454,0
0.00090832956,0.010043021,1.485861,0.0005716711786572518,0.03900462289124858,0
0.34166038,0.08991114,1.7184757,0.1634319522179504,0.20181621330349453,0
0.8735038,0.041964717,0.9799773,0.8362620262172505,0.9924630715956196,0
0.4704647,0.09927575,1.1591283,0.7034613529487762,0.9772105611389795,0
0.79321855,0.074611984,1.7177428,0.9043328949154229,0.9980217794247271,1
0.8083554,0.10774092,0.9693129,0.50639041937985,0.8174362577650333,0
0.48506752,0.06334466,1.5932647,0.25886044651492457,0.38499400885595086,0
0.9937728,0.028076265,0.9170998,0.9997814354895634,0.9984268734995009,1
0.15552399,0.035321936,5.0,0.006970303939724944,0.08004284904500607,0
0.000429043,0.033871017,5.0,0.0002812872661240143,0.0749593931610224,0
0.00039213654,0.0010213327,1.265852,0.00043926193431293635,0.03298247250586072,0
0.4246695,0.112124145,1.2456925,0.17276098295208406,0.1689462033386875,0
5.9789378e-05,0.0067170267,1.8775347,0.0017285821638570993,0.04791477946089911,0
0.028246133,0.0382085,1.2377999,0.025215111220546153,0.04150749752354159,0
8.535008e-05,0.003546465,5.0,0.008371773956216319,0.08029218266826352,0
0.000109000386,0.011975082,5.0,0.0012049042232128466,0.07519327762327789,0
2.020385e-07,0.000117281066,5.0,0.00023713204060141983,0.07427862994068744,0
0.9999927,0.00027540693,0.97663337,0.9998992974076291,0.9985623559680741,1
1.2294796e-05,0.00040006536,2.3679593,0.00020933849840606807,0.05487901818508672,0
1.0897236e-05,0.0011017107,1.2962497,0.0004094923955175454,0.03384304395930228,0
0.52625996,0.12472707,3.7080429,0.6751422085899206,0.9871076155255228,0
3.0035882e-05,0.0061482983,5.0,0.020423554982775146,0.08996316513571836,0
0.027437994,0.021469638,5.0,0.0185316040769073,0.08876244104298484,0
2.938137e-06,0.0008374264,1.1100516,8.60364763642839e-05,0.028109604469181156,0
4.361392e-05,0.0014232865,2.0387692,0.0030699437208784206,0.05138251712073011,0
1.36766075e-05,0.014544986,5.0,0.0016031258128531142,0.07552758206257489,0
0.06580456,0.045886077,2.611917,0.029058360537095266,0.07731149424369385,0
4.630811e-06,0.00025643743,2.4816413,0.004274455126027557,0.05861223264176696,0
0.88511634,0.06415822,1.2626711,0.9512686732201486,0.9983381043558498,1
2.657342e-06,0.0016813548,1.2251303,0.006621920227650519,0.03380211487531025,0
0.64409155,0.11915788,1.2902116,0.1753215534947857,0.17922530728853825,0
5.1636747e-05,0.001099646,1.5570242,0.0007421203598777435,0.04068655089992113,0
0.0005070019,0.0031833318,1.1568925,0.0003127068026742654,0.029681102602539526,0
0.0014791749,0.012550675,2.2862136,0.029345478297547013,0.07136025143863317,0
0.12752122,0.024039377,5.0,0.03137395972864248,0.10019451111007956,0
0.025034143,0.050064947,1.9437778,0.01940153023380058,0.05901085072578594,0
0.753352,0.0675355,1.5153401,0.9172765893656017,0.998055335407953,1
0.8938797,0.054703195,1.72463,0.9522851625245479,0.9987882608656159,1
0.24009214,0.11563266,1.5265466,0.0625366520350401,0.07515029574957162,0
2.2501004e-05,0.00063421094,1.2573782,0.0007077731894883137,0.03282018150838241,0
0.21705815,0.09627464,3.753632,0.09372059928552343,0.16369487422595955,0
0.17465337,0.020065501,5.0,0.010224852764459277,0.08223356418131599,0
0.49538338,0.061154258,1.6388626,0.5021396072496908,0.8860512544500343,0
0.2589511,0.14727966,1.2110479,0.19084343933452463,0.19254098002804396,0
0.00014454061,0.008754583,1.4970753,0.0030984982825016318,0.040255542509484585,0
2.1414702e-05,0.003035722,1.3521338,0.000141352558866552,0.03531669192542534,0
0.016525596,0.030097265,1.6953707,0.012642229772959685,0.049557411919200094,0
0.080717206,0.14957663,5.0,0.038282181974308535,0.11008107298698526,0
5.1012565e-05,0.0035289617,1.0945318,0.00016923514826528167,0.02764970553788749,0
0.048824273,0.034367293,5.0,0.009977651867538191,0.08221214470356782,0
0.6065457,0.047653407,1.1676545,0.7702676131849322,0.9883424051601695,1
0.45706534,0.12635003,1.2902366,0.2209307966872148,0.2583634805723358,0
3.9096835e-06,0.00063005014,5.0,0.0009620544076108274,0.07480124737003198,0
1.6132562e-05,0.0011285703,5.0,0.005615691940410921,0.0781812994413034,0
0.1411815,0.029066758,5.0,0.051986595135106284,0.12109285544395727,0
0.7031744,0.037228387,1.0583148,0.7820559568051106,0.9882342054170502,1
0.37003294,0.12023213,1.2929573,0.1279408530858051,0.11831211558109163,0
0.39836887,0.14871477,3.0812585,0.4404555263108505,0.8649347151195924,0
0.0016321673,0.044134974,1.5552503,0.05425807086903912,0.06909706169794126,0
3.6806316e-06,0.0059437715,1.0730102,7.619902754248466e-05,0.02693492595149524,0
0.43189535,0.07799476,1.2165116,0.6117176576546313,0.9463639401957257,0
0.92288697,0.034870166,1.2974333,0.9817187470551741,0.9988111441011321,1
0.29568142,0.15530449,1.3369437,0.1197763032035892,0.11440787337502573,0
3.181074e-05,0.0010961625,5.0,0.007060074914296208,0.07925470627828313,0
0.30518922,0.116636835,3.3365228,0.1534417262155695,0.2572773616396434,0
3.7014772e-06,0.008749624,1.096372,7.552696422882621e-05,0.02772298417443834,0
0.009026939,0.025653666,1.2878602,0.009510847896501794,0.037018527170371025,0
0.02440318,0.043553524,5.0,0.010274942905287068,0.08261069651619071,0
0.37055382,0.09634568,1.9596664,0.41387801881102065,0.7857234285296129,0
0.12041298,0.056488093,1.4461316,0.04274003164463846,0.05818331890206324,0
0.7244318,0.06057335,1.8896606,0.9477939858499544,0.998820359550209,1
0.017268533,0.025262736,1.3347042,0.00423295036068203,0.03650545695915661,0
0.03252409,0.03320125,3.2936084,0.0018975224788166983,0.06619132264324946,0
0.046646904,0.050220083,1.3890043,0.015940397942210225,0.042978771386278446,0
0.009278834,0.019382358,5.0,0.012121256511908738,0.08352406761210361,0
0.48152363,0.03130523,1.0604588,0.5613651917002317,0.8971458529823445,0
0.9023022,0.15277714,1.1040192,0.009993543017950668,0.03248459934978463,0
0.5304781,0.03557574,1.8164136,0.12554672704606207,0.1505417833490419,0
6.242252e-06,0.0004961021,1.2927043,0.0003007246002824148,0.033700761683062734,0
0.12738869,0.034790125,5.0,0.2684597930831858,0.5594500397149315,0
0.9994697,0.013056438,0.9053004,0.9997229896680635,0.9983865218239886,1
2.7782526e-05,0.004115667,1.2976964,0.002731192871731844,0.03470008336619409,0
0.28620404,0.09653315,1.576754,0.12409718101773214,0.13548885754595966,0
0.020389926,0.08019659,1.213935,0.026536391681382783,0.041588769636208306,0
0.109221004,0.060017932,2.7247586,0.46294934003392746,0.8804942743660623,0
0.034025885,0.029498406,2.28063,0.00500439017145189,0.05668156788157953,0
0.18858512,0.16141094,1.80597,0.028309241163670104,0.06287362329234654,0
0.97153383,0.016055308,1.0696996,0.9989435793597787,0.9987294575111444,1
0.0006522758,0.02260725,2.615874,0.015502803098960887,0.06754786934780933,0
0.11983418,0.08140491,1.6394825,0.024867509358688044,0.05509809430545393,0
0.112253636,0.08522282,1.511818,0.3619544701859359,0.6319256445992041,0
0.0005447379,0.0057223253,5.0,0.004988112592083126,0.07781106535361239,0
0.54669434,0.05679035,1.6433034,0.6110325704587801,0.9596690262452744,0
0.12042139,0.025765905,5.0,0.09537812037496045,0.17676745972105448,0
0.09708046,0.06952686,1.216742,0.0325622758441647,0.04415828123597058,0
0.013315233,0.023458986,2.5863297,0.004893597501780953,0.06067084955909727,0
0.99920696,0.007055807,1.3796088,0.9938257260102917,0.999010944938231,1
0.018196175,0.029180542,1.2106597,0.04185472878040218,0.047522841611849734,0
0.039600052,0.07392865,1.4570407,0.24452994625134591,0.3309593349059059,0
0.16455548,0.0973738,5.0,0.059160882126635284,0.13133413814374542,0
0.9728423,0.057487916,1.082707,0.978560176985067,0.9984775661274745,1
0.22547732,0.102713466,1.7947395,0.7650346889524258,0.9920891837872515,0
0.44817472,0.14361364,1.8578733,0.035773262821489155,0.06887829338349451,0
0.12185294,0.032810427,5.0,0.15595959592541092,0.2859290319364341,0
0.55175394,0.116345316,2.8098745,0.8020546014629201,0.9959787789255719,1
2.4614008e-05,0.012231086,1.2728068,0.0006726731815285259,0.033360469087803366,0
0.5911841,0.10056699,1.0989373,0.8000110504840333,0.9908218763593846,1
0.0008976091,0.0040086275,5.0,0.015746761660068137,0.08606763921626115,0
0.00023014261,0.007052244,1.1139507,0.00036541260635424434,0.028361575911180756,0
0.7862732,0.10820671,1.1223617,0.9604722715678157,0.9982726833019727,1
0.21606456,0.108462006,1.4175726,0.3415997006886139,0.5685006273360406,0
0.7727961,0.05909385,1.0200855,0.8072902688875719,0.9904821983410002,1
0.8835973,0.07321166,1.1261487,0.9891316667087863,0.9987067101244603,1
3.812332e-05,0.0010663163,1.2006062,0.010500786236700938,0.03430737101938094,0
0.00011564476,0.0031447639,1.5352407,4.9211688676768316e-05,0.039921322770132786,0
0.0033830756,0.007325224,5.0,0.01490511921471241,0.08546606782887843,0
0.03297994,0.040326923,1.7331103,0.0160602335927967,0.05230214828470098,0
0.10601213,0.07754463,2.9878492,0.007159500998210239,0.06757300066907543,0
0.059298735,0.067962825,2.0561423,0.026449345562035823,0.06595140660042999,0
0.07906083,0.16153295,2.1814318,0.17268881975752112,0.25271735052322886,0
0.48469317,0.08186267,1.19136,0.29001871776039917,0.3889750324769907,0
0.28444412,0.12722114,1.1665206,0.25375876557364285,0.3016332244334124,0
0.43861443,0.12137132,1.1830959,0.4329227805580391,0.7340979276883535,0
0.5061132,0.1845413,1.8041009,0.01834076766421856,0.05765325974368021,0
0.5704679,0.2544126,1.1294231,0.0477803048892888,0.04958776126450611,0
0.0036562071,0.0123359095,1.3152326,0.006638542304169043,0.03667293603295971,0
0.050769288,0.057108045,1.6075261,0.007804116562266279,0.04555212139251915,0
0.9998797,0.002805357,1.03612,0.9998935135121828,0.9986808253651679,1
0.19007221,0.20743959,5.0,0.024088869628466132,0.09816099197199087,0
0.009496974,0.054564472,2.1201227,0.010410346035443576,0.05742443219365735,0
0.66558844,0.08849824,1.007136,0.700830999682069,0.9718543932854031,0
0.14529692,0.19950388,5.0,0.026338556232610572,0.09996748139650505,0
0.2609462,0.04035299,3.3052402,0.034673058804310604,0.09079531707094768,0
5.958065e-06,3.2075674e-05,3.1425564,0.0019297941343953172,0.06432646020112952,0
4.3345404e-05,0.0011720866,5.0,0.0009096896221267131,0.07477457734330507,0
0.36154345,0.15858026,5.0,0.03244607696368765,0.1049513053769474,0
2.95735e-05,0.0037473955,1.1471722,0.00012253306051074222,0.029324671955911125,0
0.054170933,0.05572758,3.0920599,0.11236909893802145,0.1770905266868173,0
0.8278683,0.13903487,1.1827109,0.007994329761478942,0.034499871622461306,0
0.00011896334,0.0040591615,5.0,0.012559241224262021,0.08353152607453224,0
0.59589016,0.12715892,5.0,0.4194365596607918,0.860466738717037,0
1.0439495e-05,0.0027885626,1.2241493,0.00040202906086462024,0.03176023584656704,0
0.30987176,0.13395663,1.6101457,0.34311968732186815,0.6040536925156945,0
0.004612185,0.01991567,1.9861379,0.0071631062010756264,0.052778794260720414,0
0.99923706,0.030027203,1.4404442,0.9901128159429685,0.9990235483194976,1
0.015278551,0.033615448,5.0,0.008464405854144982,0.08099897483993443,0
8.129034e-06,0.0032763323,1.1501833,0.0003664967946073908,0.029487017561831395,0
2.3345769e-05,0.0047131577,1.1708531,0.0003193138780594062,0.03012997078668783,0
0.011782517,0.022029793,1.4079849,0.010000783069665386,0.04076775099109633,0
5.5219793e-06,0.00012329461,1.2809274,0.0004215195457234831,0.033402241549860885,0
0.0010034136,0.005464791,1.3264496,0.019999998211817766,0.04213002543035231,0
9.915444e-05,0.0043390533,1.8914602,0.00727370821601514,0.050818824602029265,0
0.5082961,0.16305192,2.502531,0.40420773171312635,0.7992483866361775,0
7.5383205e-06,0.0044944505,1.1153772,0.00011224083377055666,0.028316361392310387,0
0.1255818,0.06817442,2.5114682,0.2101506747293725,0.34573945761483116,0
9.418056e-05,0.012641365,1.9533167,0.1266119630646645,0.15749033842514634,0
1.0700356e-05,0.004313962,5.0,0.0015691308353541996,0.07530459708073338,0
0.50649947,0.06271265,1.1420889,0.7970399660301157,0.9908926939470701,1
0.6905498,0.09833585,1.3015589,0.3487964502932058,0.5650830122990199,0
0.10886219,0.051092606,5.0,0.11232817476717086,0.20461292268220774,0
0.54882324,0.19248694,1.2159122,0.09153196654617711,0.0808756543018594,0
0.3486206,0.32049134,1.5106007,0.01448694643360637,0.04953198726373052,0
0.8450377,0.0505656,1.2253699,0.9791508695184097,0.9987007115050831,1
4.29151e-05,0.004270147,1.1282654,0.00012253306051074222,0.028730179206799183,0
0.00019420186,0.012871245,1.6348151,0.0009474165667924671,0.042676202059237674,0
0.066042,0.06270558,1.3458166,0.2132946450567293,0.24799051972332126,0
0.00030177415,0.0020109592,1.5502496,0.0004569389635658413,0.04042399334777599,0
2.1604113e-05,0.0032773744,1.584555,0.00253847631047043,0.042084891829881205,0
0.073587164,0.18172279,1.3837678,0.033143568362720595,0.05246632259653959,0
2.5905645e-05,0.0005741669,5.0,8.640964058011972e-05,0.0741811944627183,0
0.99971336,0.0079305535,0.90012425,0.9994747050689942,0.9983651086364717,1
0.0029652724,0.020093458,1.4960899,0.00907254559554069,0.042794587327381686,0
0.024215784,0.035483066,4.0579977,0.11675176696984246,0.2001484401859609,0
0.00012588274,0.0016931384,1.079127,0.00045649193250437705,0.02720879786729013,0
0.8612727,0.079390384,1.3167157,0.8893127267787639,0.9970235227159024,0
0.18138668,0.06939487,2.4284744,0.3109095912400138,0.5930655449637874,0
0.010066039,0.0154591175,3.9329898,0.001518233555112305,0.07016908869922894,0
0.74619037,0.07058638,1.0593629,0.5386321025463037,0.8750068883960394,0
0.99968266,0.0034278834,0.88739455,0.9998473420393634,0.9983311288161381,1
4.0411145e-05,0.0006640914,1.4283288,0.0004415052859338759,0.037410949047814675,0
0.73880583,0.14368172,3.4327683,0.9736925634617171,0.9993743817045103,1
6.682936e-05,0.004571953,1.6759996,0.003291570758061333,0.04449249351533057,0
0.062345583,0.026410753,5.0,0.016022920652698336,0.08685087123285823,0
0.0020972467,0.015486399,5.0,0.010119012177996354,0.08187685117230935,0
4.6326e-06,0.0017835731,1.2591525,0.000681819763074526,0.032873652762027,0
0.76596314,0.06124714,1.5042769,0.19613312392150403,0.23825091089913078,0
0.0002602249,0.0123944245,5.0,0.005307079607382281,0.07817960093287889,0
0.58788323,0.064171486,1.2969564,0.7795668588313586,0.9906585585149339,0
0.6420267,0.07403566,1.219081,0.9349262872180284,0.9979519030069932,0
0.012883501,0.012435759,5.0,0.002991157306768803,0.07649837127238031,0
0.0001328044,0.0019661975,5.0,0.0011334509336072408,0.07494888202711164,0
0.75402075,0.10899152,1.3440708,0.8237915486066825,0.9943556610481301,1
0.47004914,0.08449857,1.0329053,0.8003449437063996,0.9899929811065477,1
0.021185866,0.024626367,5.0,0.0002668370434686783,0.07479058329003278,0
0.48089257,0.12900305,1.4640483,0.6392955673077472,0.9667582493453564,1
0.15637708,0.03608454,5.0,0.030267622536965803,0.09951209789787169,0
0.22592096,0.08181765,5.0,0.14718276071736702,0.2708818997053088,0
0.47261703,0.16109338,1.1832252,0.12594048365098687,0.10711826602050648,0
0.99995255,0.003163997,0.7718236,0.9995978376750472,0.9978624768070957,1
0.92888016,0.070153646,1.3926486,0.9689760459775226,0.9987575696328899,1
0.0006412541,0.008675545,3.7934902,0.04404366792349126,0.10306106596198243,0
0.1807161,0.023903256,5.0,0.018566679603567872,0.08901734053153608,0
1.2861969e-05,0.00068840396,1.2043426,0.00013047136996077475,0.031063434379205522,0
0.01701118,0.02142068,1.7655838,0.04853803242828004,0.07215580668741764,0
0.5691406,0.09917393,1.9208137,0.4624651168439261,0.8564420314689989,0
0.043878864,0.039250102,5.0,0.013109567281161635,0.08476812993527272,0
0.06949558,0.054421924,2.5346985,0.0918741878181417,0.13588626694867226,0
7.692257e-06,0.00072167994,5.0,1.2153339309869243e-05,0.07413172210689453,0
2.9802542e-05,0.0014355546,1.3899367,0.0004119208732230579,0.03640835960150887,0
2.2940258e-05,0.00088246225,5.0,0.008105879002449863,0.080036373041606,0
0.314892,0.12655853,1.3889154,0.7361969862614439,0.9867058779114429,0
0.70619595,0.09012064,2.207098,0.9434206980758862,0.9989041906867134,1
0.014282539,0.021435102,2.7171962,0.03258131729177107,0.08096732657578444,0
0.6583056,0.074401796,1.117314,0.6511622910046163,0.9597229090643593,1
0.00036636056,0.0023901507,2.0268714,0.07541300813172876,0.10175843849557638,0
0.00015726312,0.0009665624,1.8454883,9.263957584448202e-05,0.04648380317998303,0
0.61692405,0.05206634,1.2556919,0.4387505491663272,0.7557418734751127,0
1.4552733e-05,0.0021465458,1.1165359,0.00011224083377055666,0.02833560145951812,0
0.8550215,0.04576945,1.6028568,0.893543040332203,0.9976361338836819,1
0.8843979,0.06590387,1.1361412,0.30609558361777,0.41458729901265073,0
9.026082e-06,0.0018165454,1.2668488,0.0012469097382511796,0.03328364588640436,0
0.5032046,0.11004039,1.2333517,0.1939543912255564,0.19989003192354948,0
0.34531838,0.20052536,1.7254385,0.7965761577801347,0.9942417666437946,1
0.3279941,0.10994299,1.2237825,0.19991335947615718,0.2079153087181535,0
0.0039352407,0.010186492,1.4892095,0.017440605418536516,0.04613110601098425,0
7.982121e-06,0.0001697355,2.2943244,0.017194185640731226,0.06345923026454434,0
3.382856e-05,0.0005419616,1.2983701,0.00045806878578481775,0.03391421441012457,0
0.21586742,0.10516992,3.4380848,0.00302128905703917,0.0695202807099286,0
0.26181683,0.10948855,1.377905,0.04409765914429238,0.057142461291152385,0
0.59658885,0.09790909,1.2005583,0.5297506882569785,0.8830745537437634,0
0.31520212,0.116617925,1.2327185,0.18439148267734207,0.18446289350594833,0
0.74341524,0.17389733,2.371169,0.9060286593962182,0.9985005951656807,0
0.028649516,0.10448007,1.3864479,0.019042636066573113,0.04485720313443987,0
0.0001754064,0.0066770534,1.9147018,0.0013030713409890487,0.048403416773140556,0
0.01676692,0.024596527,5.0,0.009328918652462033,0.08147465296484235,0
2.2356604e-05,0.0006644942,5.0,0.008370606683147557,0.08023198602652969,0
0.073527575,0.02536653,5.0,0.004161585930592917,0.07766771057818565,0
1.4634161e-05,0.0002447138,3.614651,0.00020933849840606807,0.0669539555869859,0
0.8512494,0.058513567,1.4973445,0.980325745727083,0.998967262289451,1
1.2136643e-05,0.009897846,1.128551,0.00016737653786768334,0.028795906076991094,0
0.74517363,0.05835918,1.531119,0.9550390878395159,0.9986883331050027,1
0.4961934,0.062763035,1.5012023,0.7188193008988549,0.9851075354632314,1
0.014137473,0.08157545,1.1274918,0.02743074301964193,0.03842710156237066,0
0.10629874,0.052999675,1.4448853,0.014258306647862038,0.04401180708984706,0
0.9926058,0.01484262,0.918644,0.9998309473900076,0.9984260427114261,1
0.1591719,0.0887096,5.0,0.016937900914077285,0.08910258204775288,0
0.056072604,0.060287658,1.7937725,0.05306153760184161,0.07703366290412812,0
2.188355e-05,0.0008869399,1.3695979,0.0024031475525651343,0.036574669653651484,0
0.6252579,0.14574002,1.2230189,0.19639535821839918,0.2041930749221814,0
0.16560087,0.026455453,5.0,0.002001446582572929,0.07620629978395285,0
0.0003227514,0.007994438,5.0,0.007047707797084647,0.07938603603736155,0
0.23574586,0.08754068,1.2399027,0.08653157726270665,0.07640816899970451,0
0.10996536,0.022034416,5.0,0.06596255517366477,0.13690887771225138,0
0.04433389,0.041835696,2.3919377,0.11295748348030188,0.1581852970866054,0
0.9713949,0.03468276,1.2230091,0.9693679978396753,0.9985566635714711,1
0.12039628,0.036221888,5.0,0.013625619081960298,0.0851959177518651,0
0.00017720446,0.0058156163,3.0986571,0.0005399570595530581,0.06318089445631503,0
0.07432647,0.04165996,1.739761,0.035989502902066706,0.06365522426471834,0
8.56288e-05,0.0029568877,1.1128656,0.0002660933075330576,0.028267106963260256,0
0.63116735,0.046626154,1.2112411,0.8760253427223019,0.9962014862274396,1
0.64655197,0.10036588,0.9917252,0.5263083437224535,0.8497860084841448,1
0.008607137,0.03759205,4.7949376,0.06350792943840707,0.1328636918421332,0
0.28043288,0.0776478,1.3076814,0.07951513930875453,0.07547456535673228,0
0.47074828,0.03941399,1.0648986,0.7507365738072679,0.9839440146860653,0
2.862101e-05,0.0009332222,1.7486644,0.00019007892316756417,0.04463018350918855,0
7.700205e-05,0.004433728,4.127536,0.0146370735090541,0.08051563195812608,0
0.00015679804,0.02963794,1.047358,0.0006644170446025446,0.026401375778501854,0
0.7383835,0.043254714,1.0716257,0.9211652187014533,0.9972027956885484,1
0.0003993315,0.007569605,5.0,0.0014895266348169843,0.07531126785497155,0
0.61412764,0.04581749,1.6515863,0.22825873883451386,0.3201540761001924,0
0.4738202,0.073188424,2.4438381,0.26752901282706454,0.48517634319947417,0
0.13774621,0.02977786,5.0,0.01958971730808537,0.08995715147635147,0
0.85142916,0.11078018,4.0784698,0.23167020254437917,0.4568887994114102,0
4.479049e-06,0.00012417766,1.4228489,0.003929527126267749,0.03856917046477045,0
0.8209525,0.031016026,1.2199695,0.9364670572655407,0.9979664638826609,1
0.0006841909,0.012498948,1.680634,0.0010291961197196663,0.04370886340298796,0
0.010630713,0.02882375,5.0,0.00252782538478555,0.07648297921787858,0
0.57192016,0.07318055,1.3832486,0.4511597785963484,0.7971785001371005,0
0.00063851284,0.00271591,4.044515,0.005296815247875295,0.0731801334416938,0
0.0003958698,0.022169115,1.1984904,0.00015867684887003244,0.03107492274866565,0
0.32488954,0.11326324,1.1570833,0.3560828110244473,0.5488856999771665,0
0.34532636,0.078183144,2.498408,0.24697022963708232,0.4359788317750964,0
0.002090224,0.026837897,5.0,0.0016888946934770321,0.07583058104270303,0
0.0005418463,0.004832794,5.0,0.0057253407039819905,0.07833733769370534,0
0.035359282,0.040593572,1.6312859,0.01726166051929988,0.0503574708050867,0
0.14257845,0.07284348,1.3623402,0.0901227827718731,0.0866419964825235,0
5.4565335e-05,0.01668958,1.1071782,0.00027067733734997677,0.02818919471177644,0
0.7533463,0.039480127,1.0614152,0.9506168788812408,0.997901484774713,1
0.29262355,0.056041498,3.5666606,0.1063020138119894,0.17763494326346335,0
2.3795881e-05,0.0068002758,1.100749,0.00013583637931184874,0.027867533368811453,0
0.29090595,0.13197657,1.1992726,0.2421801789867713,0.2843871528732798,0
7.454827e-05,0.0016165352,5.0,0.005975064965792668,0.07845716246286112,0
0.18831651,0.0999302,2.3935719,0.27080225635166355,0.49131930691764275,0
0.07554641,0.025404068,5.0,0.014260819983786501,0.0854208851740002,0
0.28260052,0.107333444,2.4518175,0.11115103211504539,0.16057591211696884,0
0.8520586,0.03501386,1.6295813,0.9589398921052177,0.9988038962295435,1
0.60554653,0.07297978,1.0335793,0.33994074730480234,0.4683291768614869,0
0.0048847334,0.015653705,3.1275144,0.0160386545678118,0.0737519026477459,0
0.9971794,0.011336288,0.84084857,0.9997433448651335,0.9981749836255837,1
0.00012846956,0.0024146996,5.0,0.02630579632673732,0.09493549534671483,0
0.017609544,0.025093446,5.0,0.06014557068634584,0.12996484584391627,0
0.13992971,0.040958345,5.0,0.0062372428405916905,0.07959031121323148,0
0.010656563,0.02707339,5.0,0.004115933005608408,0.07760625458217697,0
0.15579303,0.026281942,5.0,0.06467082707301286,0.13556370782958377,0
0.40931734,0.11502361,1.1452259,0.3834534035761996,0.6143088627496935,0
0.4027074,0.09064476,1.4082872,0.7735793118643467,0.9909505754357052,0
4.5103916e-06,0.00055269554,1.3228384,0.0012290321796991003,0.03486458021797426,0
1.2812194e-05,0.024298234,1.0715986,0.00010763693564902313,0.027030734208125864,0
0.002200357,0.012053507,5.0,0.008353654992708024,0.08045571713327064,0
0.015693216,0.034178536,2.3596928,0.010973161624226988,0.061321584902650605,0
0.0005051519,0.0065384773,1.3328236,0.0006387875606841921,0.03499456955829058,0
0.19100398,0.078406945,1.9670244,0.19080010828742755,0.27037411564125036,0
0.22521979,0.13164349,1.5739974,0.24934930903029082,0.3631645266419178,0
0.793725,0.04768943,1.1787032,0.9607602696242123,0.9983537073373469,1
0.39446115,0.09666622,1.1999388,0.19929670086822354,0.20257918634873093,0
0.12830274,0.07524861,4.6302743,0.01812977826300377,0.08787878372730029,0
0.7382435,0.041403484,1.4322977,0.871028586241251,0.9966764428029727,1
0.008797369,0.022921365,2.1401312,0.0005322817724322867,0.05206252115003879,0
0.034098998,0.043936327,5.0,0.01982624690616318,0.0903625159332845,0
0.0022792092,0.010781893,1.60804,0.056898503123006,0.07228167247675366,0
0.0030535008,0.01419134,1.2433066,0.16564814167229958,0.1542871482162683,0
0.75039047,0.034581926,1.0713623,0.6227563647360602,0.9434255350254107,0
0.99676394,0.017019123,0.92582524,0.9996986189981479,0.9984441407124414,1
0.0019889374,0.007820765,1.7030824,0.008837429516716004,0.04763730238062588,0
0.5919868,0.07598902,1.2931651,0.9279404960334008,0.9979448448182301,1
0.32898638,0.18171118,2.8061628,0.0029568125963418583,0.0649426514640674,0
0.2734066,0.12046694,1.6852051,0.2797309724321617,0.45224056069558416,0
0.038831532,0.23287502,1.1151799,0.0016270282612549365,0.030585932577107344,0
0.0124305505,0.033795383,2.5792174,0.08780659104799994,0.13144724901744786,0
0.832579,0.10775024,0.96499914,0.9199912510092383,0.9967751434588685,0
0.98656785,0.045615487,1.0235075,0.9998411189785433,0.9986727768416951,1
0.24624527,0.13275823,1.9244252,0.11855639233875782,0.15008238255024808,0
1.3908445e-05,0.0008323402,1.3687713,0.00015575808771192573,0.03574864800362526,0
0.54917186,0.054161094,1.1418025,0.4402999532725482,0.7368221030887157,0
0.94278926,0.07948088,5.0,0.9688137683366537,0.9994152900487976,1
0.99856746,0.0292338,0.915217,0.9977201110553537,0.9983887083539852,1
0.41756895,0.09196559,1.4139575,0.7531615488333585,0.9889183257411658,0
0.9056587,0.076607786,1.43886,0.9690127802296113,0.9988007131499056,1
0.46838507,0.1708717,1.5596131,0.052674975897983346,0.07092677554544574,0
0.1647256,0.025245184,5.0,0.026074231075041424,0.09547383458057147,0
2.9190835e-05,0.0027617905,5.0,0.008648242373676528,0.08048553871990197,0
0.0071794405,0.020939272,5.0,0.01521899131037203,0.08601966745553163,0
0.3135914,0.10381162,1.5243489,0.09438391455403455,0.10090193337263131,0
0.9999362,0.00029363987,1.0485014,0.9998555327390268,0.998701066054213,1
0.99894065,0.0069618085,1.6047913,0.9987610695847521,0.9991888365297275,1
0.14806028,0.024194598,5.0,0.04153268779786876,0.11001627612919647,0
0.07394267,0.043071747,5.0,0.028258337606790626,0.0977526030969548,0
0.00020431553,0.0053857164,5.0,0.013859491786966186,0.08458654797909061,0
0.4908851,0.07930255,1.1952109,0.7732459634947623,0.9890839128531612,0
0.6718856,0.07275617,1.1748847,0.17410406973836862,0.1601317327260538,0
0.26420158,0.091241784,1.1843218,0.34119365461841805,0.5163524286863942,0
0.27929267,0.09123175,5.0,0.013812620841615301,0.08672208279547182,0
0.8415766,0.058834713,0.98544854,0.7678778880867744,0.9851044006221084,0
0.9412969,0.049665924,3.208501,0.9764207908105095,0.9993585369872632,1
9.734658e-06,0.008870072,5.0,0.008962343957298953,0.08085052428129583,0
0.7533463,0.039181944,1.0614152,0.9506168788812408,0.9979013108670093,1
0.9268901,0.03227245,1.3081145,0.9630297730734471,0.9985725336150313,1
0.006537524,0.008309537,1.3078629,0.0037367541605670537,0.03538575231545848,0
0.010105716,0.06276018,1.137542,0.010605952445270418,0.032728732659178236,0
0.9904426,0.016206585,3.719455,0.9934037463447258,0.9994891206698736,1
0.9361309,0.025096575,1.2079036,0.9866897684662297,0.9987693029185726,1
0.0256033,0.044201866,1.2740054,0.014770654634970478,0.0387327434730338,0
3.5484165e-06,0.00013695382,1.3179055,0.00046025781573497387,0.034459291782831886,0
0.99920624,0.028974095,0.8616306,0.999398795449328,0.9982518603737343,1
0.00033248472,0.0033317835,1.9208952,0.0002435632285739601,0.04797479699662108,0
0.021075565,0.038219027,1.2100539,0.10871051757352733,0.09026677531992057,0
0.97193253,0.08152196,1.3696787,0.9807771858294938,0.9988837881621407,1
3.6259194e-06,0.00028784966,1.4444245,0.004627974509299529,0.039411131209829676,0
0.09097197,0.07599862,2.200988,0.14149679138682023,0.19438898875260235,0
0.0056799175,0.01838793,5.0,0.009764227848409931,0.08166807789505673,0
0.54317147,0.049398832,1.9143661,0.33806362529655265,0.6209788609711974,0
0.0019032239,0.0053296555,5.0,0.026991858483784457,0.09561394393020571,0
0.00039976646,0.0013609848,5.0,0.0038785500177199186,0.07691217579363331,0
0.20517115,0.05493067,5.0,0.6012452962020693,0.9748613252732335,0
0.9999728,0.00019315672,0.9982662,0.9996220734217476,0.998603944274719,1
0.13865402,0.08169762,1.1575652,0.015752201538200384,0.03542381153803557,0
0.5870658,0.04833374,1.5335612,0.5869012549393322,0.9456752111049479,0
0.877373,0.033733275,1.3978325,0.9596474811842858,0.9986234679081759,1
0.8840982,0.035479534,0.96832067,0.9286115893311102,0.9970048980403224,1
0.1362269,0.03486285,5.0,0.0028415981625218366,0.07695245902665251,0
0.5584239,0.06021279,1.0327133,0.5087530707387893,0.8318381862171846,0
0.1596012,0.074438274,1.0304008,0.0803030833477578,0.05736915960068442,0
0.09849936,0.22501843,1.3564314,0.09500191728071952,0.09379192210550863,0
0.04870802,0.036791857,5.0,0.01240945747816022,0.08416518684500474,0
0.661853,0.1688543,1.4814879,0.2908718185388549,0.45581422908586067,0
0.7798425,0.060647916,1.0224583,0.8513530824131132,0.9939442437870146,1
0.1650563,0.026592923,5.0,0.037054728102933907,0.10568561714560093,0
1.9314424e-05,0.0018254805,1.2520787,0.00046059223024662196,0.03259564247355167,0
0.0038460058,0.023977116,1.1897088,0.03002638414414772,0.04141020935354529,0
0.11681836,0.057718404,1.2219929,0.843044452543734,0.9947157934190168,1
0.00019382357,0.0048699453,3.8166149,0.0015641447336590224,0.06926844413131009,0
0.012088211,0.021500751,5.0,0.010780158812572585,0.08252503894968062,0
0.108687945,0.067101225,2.8108077,0.021371637393389358,0.07499497200529336,0
0.10741155,0.07119793,1.1944143,0.018241450635333695,0.03756536141602607,0
0.0010823951,0.010795453,5.0,0.009692066757429993,0.08144952403752077,0
0.87862104,0.21604425,4.1939564,0.8464735125324319,0.9979144434938638,1
0.66855437,0.06729077,1.1412473,0.8448501179265699,0.9944164229737247,1
0.026137417,0.040908016,1.6070933,0.21454967952160284,0.2834390390184808,0
0.87643623,0.059552133,1.2496294,0.95109655881792,0.9983127190981506,1
0.9960716,0.0122499615,0.92297775,0.9998751847463171,0.9984373337958025,1
0.4203817,0.10793579,1.6375908,0.44301017593893693,0.8109260293475973,0
0.4148539,0.06751875,1.0246342,0.20068866429422627,0.17205581749470472,0
3.4739853e-06,0.003140417,5.0,0.011599129741488709,0.08276141363059944,0
2.9235329e-05,0.00031864893,1.7815224,0.01622010497065522,0.05294232703466175,0
0.00014483351,0.006943324,3.763027,0.028223969968899826,0.08871163240804897,0
0.00054007955,0.0027489536,5.0,0.008785230241481435,0.08058980953679667,0
0.18970293,0.07946499,2.2346945,0.0036147448495270273,0.05608062860913614,0
5.5979654e-05,0.0005790406,1.5202446,0.0007275712747021783,0.03980260866132647,0
0.99978405,0.014460875,0.77558374,0.9992652167220806,0.99788130475796,1
0.10357662,0.08290959,1.3696306,0.03315556067621259,0.05061723959887212,0
0.01438049,0.024166942,1.4093102,0.0627995531920241,0.068162884493013,0
0.9304562,0.084953785,1.9100642,0.9556801904618539,0.9989311185042673,1
0.003990845,0.018695118,5.0,0.007595442668372948,0.08002028659193551,0
0.00030484804,0.0037643253,2.1821754,0.0036306318924760185,0.054042036515403374,0
6.312768e-06,0.0056731687,5.0,0.0015107383675868817,0.07528926055813422,0
0.3889886,0.11713706,1.2346048,0.37848886236456386,0.6240506686814385,0
0.58717316,0.08507256,1.384676,0.9267255528799477,0.9980726098942669,1
0.0004619001,0.008735299,1.7062359,0.0004553397591776898,0.043962271632959155,0
0.7244318,0.05850781,1.8896606,0.9477939858499544,0.9988196815766877,1
1.1122987e-05,0.00024763533,1.6447194,0.00018288720804367206,0.04243167723956999,0
0.21964219,0.08821482,5.0,0.058114766261223534,0.1299124847712963,0
0.19358201,0.07006217,2.0848243,0.185892085337361,0.2682394875621109,0
0.59065294,0.05474193,1.4611886,0.8172590265882309,0.994368930329164,0
0.00016986056,0.00779178,1.9188044,0.006436367917894995,0.05097975385363582,0
0.00012465242,0.0027028704,2.335126,0.001733543115706831,0.05527653265680573,0
0.115087815,0.108813405,1.4496793,0.015909878092507327,0.04554844622129069,0
1.5212323e-05,0.00082729885,2.5297432,0.00777565364023489,0.0612714766695379,0
0.18450941,0.037352525,5.0,0.050788597808739545,0.12009810023737173,0
0.0017613305,0.008904302,3.228079,0.004047491388493325,0.06655654075824995,0
0.99995995,0.000107072854,0.8602875,0.9996427260670125,0.9982375583192582,1
0.7982834,0.12107122,1.6070043,0.9713775797910296,0.9989581472425668,1
0.99948704,0.0063784905,1.3872112,0.998331108757542,0.9990608153293833,1
0.03447754,0.021819025,3.0735438,0.1969906779123588,0.33602711899334575,0
0.0011018132,0.010077928,2.0533624,0.05540639246241977,0.08536624313891164,0
2.146455e-05,0.0011584898,5.0,0.004782973174010933,0.07756875658164901,0
0.6246948,0.07048484,1.6851816,0.18999659979447509,0.2458580876700828,0
0.5779658,0.22783634,1.9380012,0.016412961403184895,0.060371703608698056,0
0.9737704,0.054494634,0.94921094,0.999692297597705,0.9985180555641102,1
0.14625967,0.1359603,1.522988,0.01889529563654701,0.049478058847176064,0
3.1318115e-05,0.0013908552,5.0,0.000294236247057761,0.07434333556171932,0
0.7467257,0.078389674,1.4974222,0.14877487769366704,0.1614058829831292,0
0.0026322934,0.029285524,1.2695436,0.006866054573268499,0.035533481243951955,0
9.1625225e-05,0.0015756923,5.0,0.004792460356851711,0.0775841010649911,0
0.9050249,0.034347907,1.2738347,0.8997346503146229,0.9971900734824155,0
0.6755912,0.06982498,1.1274986,0.5839994068041013,0.9236434836536556,0
4.897915e-06,0.00048334725,5.0,4.899438569682344e-05,0.07415309437931276,0
0.12793414,0.08052823,1.7948055,0.24674792358844777,0.37983269260561714,0
0.1474011,0.071421996,1.9026955,0.014390689302622104,0.05577133105513932,0
0.0016559581,0.00981198,1.0672517,0.0005735648314071274,0.026905810762879356,0
0.88638103,0.08242354,1.4592497,0.9680622888497782,0.9988075545956886,1
0.46761546,0.092329875,1.240675,0.5166756025789784,0.8725433505825486,0
0.5840356,0.088993944,1.2553025,0.4890873983741625,0.8395770911625554,0
2.1968654e-05,0.005995014,5.0,0.00549802099582447,0.07819202401290147,0
0.00022768222,0.0004038901,5.0,0.0012044842488957784,0.0749693071805511,0
0.64797384,0.07056431,1.7848465,0.33000876919908123,0.5898476336232408,0
0.0023557553,0.014954454,1.9481614,0.0009272901159774176,0.04893700293330281,0
0.9672125,0.024098149,1.9946179,0.9875771675771234,0.9992411606356617,1
4.436565e-05,0.011024104,1.1616528,0.001232441061441329,0.030167560354062466,0
0.4341811,0.09303985,1.231689,0.14622411094282015,0.1319679838300963,0
1.5490032e-05,0.021612404,2.4122179,0.006084694508391638,0.05903561614325955,0
0.17807642,0.023569811,5.0,0.8298518630556275,0.9975096550073089,1
0.0010285666,0.0050613726,1.2689793,0.0003116950157767644,0.033067307730600404,0
0.18451254,0.10672486,5.0,0.6053596605670264,0.9762054195338479,0
2.299392e-05,0.0010408608,1.3826268,0.00041652872415283405,0.0362126358969819,0
0.008017802,0.023291338,4.4214435,0.026826525955095774,0.09265853472087388,0
0.07050681,0.054929633,1.2488338,0.06841986751732576,0.06411208734348198,0
0.71785027,0.11056742,1.2494326,0.10675308169954142,0.09424746394131416,0
0.43565336,0.08194788,1.6950271,0.24294195654365838,0.36069720989210824,0
0.22082177,0.08302088,5.0,0.0006268321383665515,0.07637673251028565,0
0.18533792,0.047305238,2.3433194,0.25620172122157653,0.44715828843502914,0
0.0009947318,0.03337133,1.9859846,0.0006669418256233187,0.04971799952785079,0
0.45643923,0.09091467,1.2953047,0.6374752629833811,0.9612519375754909,0
0.99984837,0.051743362,1.0194091,0.999872603790196,0.9986681308357369,1
0.001475662,0.0063730055,5.0,0.0010321451728596224,0.0749632350809656,0
0.87621975,0.053725827,0.97789216,0.8293192441537103,0.9919126587759172,0
0.007869097,0.045183003,1.1354315,0.02274270065423946,0.036647260006444644,0
0.005741997,0.059657197,1.2368016,0.01103118749008806,0.03625638930281869,0
0.0332307,0.03921673,5.0,0.02354148336319664,0.0934306491602416,0
0.0020269174,0.024242766,3.1159985,0.014720289867366775,0.07287661432752364,0
0.752173,0.15593983,1.7604789,0.17347544826582093,0.22657156005756016,0
0.017495207,0.039400313,1.3857832,0.12287725281760263,0.1178998364601087,0
0.0001040245,0.008796211,1.3366193,0.00043036323367026213,0.03504810101490326,0
1.10293895e-05,0.00495441,2.4345276,0.008533252280327972,0.06049608959898876,0
0.018278819,0.019817796,1.7957345,0.006738550364594135,0.04883516322215039,0
0.88502306,0.03642351,1.576415,0.9573562795956314,0.9987483069129189,1
0.19389892,0.11472068,1.1929204,0.3691741226926662,0.5906749283038085,0
0.43513462,0.051773638,1.0309606,0.38221009727990557,0.5731558039640644,0
0.00012644359,0.0013673083,1.5994444,0.00018288720804367206,0.04143893441205156,0
0.11720865,0.030469825,5.0,0.03232369461144662,0.10122581219611027,0
0.10859531,0.074578345,1.3080981,0.1422322091316188,0.13408997911040368,0
0.5307816,0.050588746,1.6237458,0.17159200129095778,0.2060307128039742,0
0.00011203255,0.0009922934,1.5162381,0.00043609441433675435,0.039596739539181955,0
0.03900083,0.05737747,3.1270373,0.18269420822917085,0.30797930396241374,0
0.00680465,0.03086735,1.601464,0.03055637397880258,0.056236042717801304,0
0.12175902,0.08754356,1.5894265,0.0008878939582745915,0.042531860797800664,0
4.3633598e-05,0.010620803,1.1468185,0.0012414806187081204,0.0296968941462161,0
0.00146887,0.004869018,4.054577,0.017821204770274948,0.08249571281252951,0
1.44036e-05,0.010983058,1.1682475,0.0001315544089576815,0.030043914314546418,0
0.37682757,0.19458893,2.6525574,0.5031628885317835,0.9195384575810484,0
1.5374064e-05,0.0005632957,3.1341932,0.00020933849840606807,0.06320843314936585,0
0.0037917153,0.020592773,3.1242404,0.03489543605195776,0.08816808998947094,0
0.28296334,0.07637766,5.0,0.3677933132411302,0.7809461243650242,0
0.2955553,0.11546161,1.2441022,0.10651357827083255,0.09323720535659197,0
0.51376814,0.045952234,1.4740682,0.4861918428094921,0.8562317557643551,0
0.62904096,0.060519565,1.4338938,0.5832082457578297,0.9403143175842829,0
5.136128e-06,0.000630503,1.392567,0.00018288720804367206,0.03638741628796025,0
0.45236766,0.10312582,1.2609597,0.0793994181812326,0.07320919432877306,0
0.75036466,0.059153263,1.9969,0.5167619213713897,0.9139605039802982,0
0.20609635,0.080828525,1.2084141,0.4484211916085469,0.7659688102641765,0
0.45989615,0.1098056,1.3250185,0.46144730597932676,0.8079433428590446,0
0.9995479,0.0019671542,1.2043505,0.992858594997138,0.9988340780304421,1
0.2372534,0.04668312,3.4027357,0.04276463028377894,0.09912781919016897,0
0.010821598,0.019330548,1.2195153,0.00250938883075617,0.03243909395973086,0
0.5451209,0.12240145,1.2225032,0.08237508081870833,0.07326919834170041,0
0.5674502,0.0690932,1.0261565,0.8684117241380667,0.9949340713910196,0
0.96697825,0.038493056,5.0,0.9681204251395912,0.9994045624950985,1
0.066324495,0.087470055,1.2697024,0.2992402298494873,0.42899247410221886,0
0.24147545,0.08013015,1.0161086,0.20459952006799548,0.17627277819428688,0
1.960167e-05,0.0004091173,1.7136035,0.001705576310212265,0.044561202248865533,0
5.3857934e-06,0.00032284306,1.3124156,0.00046025781573497387,0.034307786931891335,0
1.3450483e-05,0.001000308,2.1832738,0.0009263228903977319,0.05262001880330058,0
0.00529478,0.012132464,1.1599904,0.008124229169901376,0.03226101958546619,0
0.00074068457,0.0018878509,2.7031572,0.0011479632263175514,0.0595247581730891,0
0.59021765,0.09335447,1.3609836,0.5817463138714482,0.9368150478940489,1
0.0077981674,0.0150165055,3.7194574,0.0066513414846481175,0.0722359460043627,0
0.04528178,0.1373554,3.3976305,0.06321322931048547,0.12181940214759386,0
0.16012523,0.029897705,5.0,0.050462340201604484,0.1194910470407479,0
0.00898525,0.033242602,1.2888082,0.04502124862530457,0.05257237324544136,0
5.3848894e-06,0.022329513,1.1980528,0.008454080828936563,0.03372752798970156,0
0.88824594,0.09949535,1.2939821,0.9812014342408504,0.9988220512107523,1
0.0064100167,0.013631405,5.0,0.0030615662797111717,0.07656663101166453,0
9.0207295e-06,0.00049680244,1.3121498,0.000141352558866552,0.0341938041218313,0
1.7795876e-06,0.00010447051,1.1823741,0.0001315544089576815,0.03039087514433053,0
0.00011046972,0.0049511646,1.5720071,0.009990097164027685,0.04497972594203957,0
0.517841,0.05909945,1.135447,0.7105553776878206,0.977999552963128,0
0.05567157,0.050250266,2.1028786,0.23271729072260036,0.3717140469538951,0
2.9473187e-05,0.0011913513,5.0,0.000988066725747378,0.07483055403498236,0
0.008807108,0.05577023,1.6934918,0.06027594154826386,0.078762354429561,0
3.7175594e-06,5.883141e-05,5.0,0.008135728800218334,0.08004200070467807,0
8.523337e-05,0.0037282018,1.331529,0.0009520279718738901,0.03504061912980596,0
0.24135561,0.0601573,1.9047178,0.11201184250039209,0.13833784990397363,0
0.9748473,0.072992854,2.5187192,0.9737285720044279,0.9992587017690063,1
0.00059642777,0.006227955,5.0,0.03838200357467903,0.10622310718618158,0
7.253905e-05,0.0040588845,5.0,0.006086516279786906,0.07858906542634628,0
6.070701e-05,0.0017774396,1.1184908,0.00038363600270261236,0.028472392094878802,0
0.0025733588,0.008801193,1.5181135,0.05030815407715585,0.06453470680330282,0
0.0065476527,0.015304604,1.7867595,0.05687198001323654,0.07866177258119113,0
0.045050804,0.098268285,2.0025275,0.23548577477194024,0.3733421295025734,0
0.018776953,0.04428818,1.2413551,0.009331550999684897,0.0356596066547352,0
0.35327625,0.07391739,1.0926619,0.5020797559954815,0.833206218546081,0
0.99847716,0.007226883,1.0173506,0.9999551175563609,0.9986487631379367,1
0.6395042,0.0425473,1.2155722,0.8144025275823485,0.9929014057021421,1
0.70722246,0.11003122,3.289555,0.24271560453343294,0.46323917090065697,0
0.5899113,0.037926506,1.2283723,0.5180182270742373,0.87126587656259,0
0.3472058,0.08363231,1.4599736,0.3899169733252973,0.6890849419700221,0
0.062092748,0.066072814,1.2310897,0.018229714554946652,0.038817609361409496,0
7.718379e-05,0.0024771267,1.4289633,0.009697949238089818,0.041020685458192575,0
0.00027620897,0.0033915557,1.202767,0.0002492944449247069,0.031075276501736256,0
2.4272493e-05,0.0017106273,5.0,0.0007820309999914107,0.0746944158849133,0
0.047885843,0.03000744,5.0,0.08145748490359536,0.15696856559590588,0
1.043012e-05,0.002661668,1.3435079,0.000141352558866552,0.035078698940976545,0
2.235922e-06,0.0363516,1.0946968,7.552696422882621e-05,0.027875887006862426,0
0.0006669877,0.010735748,1.62292,0.0012233131646073826,0.04250176867013277,0
0.99923706,0.03301373,1.4404442,0.9901128159429685,0.999024359337358,1
0.8443431,0.058660388,1.3610115,0.970197144021773,0.9987374141137287,1
0.17964286,0.11009511,1.3036363,0.30119060890675287,0.44317268539120624,0
0.84686804,0.07219333,5.0,0.9716767954761635,0.9994302918005628,1
8.7567605e-06,0.0015649464,1.5814779,0.00025586517556999716,0.041062210230393324,0
0.21783753,0.059504602,1.8030006,0.7971132480478247,0.9942459390712065,0
0.4778274,0.048683144,1.4782783,0.358621618334992,0.6175940352452474,0
0.3819368,0.12958136,1.3294452,0.16950190564822123,0.17527028833649863,0
0.5191178,0.10141366,1.438953,0.4254972733712722,0.7601394672611256,0
1.2513038e-05,0.002129453,3.6998472,0.006347150068418413,0.071642604250231,0
0.00040834394,0.0049155876,1.015926,0.0014563386453290822,0.025350103931577092,0
4.9202095e-05,0.006937061,5.0,0.003994862847285864,0.07710698357787536,0
0.16142352,0.026822614,5.0,0.008980109648492126,0.08140243868478571,0
0.0017480188,0.014660162,1.1767379,0.03219200867671814,0.041653458727630814,0
0.88808644,0.027972186,1.4693041,0.9714112117432511,0.9988381416414975,1
0.20861377,0.10193415,5.0,0.014399058759555989,0.08735944917549414,0
0.00043068043,0.0041610147,1.81944,0.00019957228893410716,0.04607378961700042,0
0.35648468,0.1678656,2.000805,0.8064718161576975,0.9953203893964803,1
0.124987245,0.06439135,1.2842038,0.0448720051659974,0.05280678417504489,0
0.0011794245,0.009017087,1.2305287,0.0003511411241527598,0.031988170904859295,0
0.9425134,0.04505423,1.4779315,0.9865572147183013,0.9990162528961556,1
0.99999523,8.1440136e-05,0.96686643,0.9998169340588593,0.9985392937621799,1
0.419216,0.22488151,5.0,0.2516017770546657,0.5307188299088222,0
0.03179458,0.041733623,1.3941882,0.02120313630407899,0.04531113750471801,0
5.1666695e-05,0.010335571,1.2994629,0.0005673553655022506,0.03407150492311148,0
0.0023001672,0.010149093,2.2242205,0.004452795963537466,0.05522114547956589,0
0.0021905005,0.008526396,5.0,0.008863539200006567,0.080770390480052,0
0.2024641,0.047293562,1.4605544,0.7233468991637371,0.9852697688919455,1
0.10429381,0.055714883,5.0,0.004081113557737597,0.07824635746807139,0
0.45551002,0.07356154,2.1039274,0.6850339053684927,0.9840995894241394,0
0.0023901705,0.009402929,2.171834,0.009269057504993216,0.056990331842041546,0
0.856412,0.07516557,4.3657928,0.25278245590931037,0.5143002423657999,0
0.3934381,0.19493751,3.1260924,0.08397087311783598,0.14444977431716183,0
6.8134277e-06,0.001305166,5.0,0.00438342011099267,0.0772790216811791,0
0.40500015,0.089245774,1.267583,0.32472566142485493,0.49464982352394116,0
4.01338e-06,0.0021008092,1.1101228,0.00013583637931184874,0.028135473078289723,0
1.1761011e-05,0.00013075989,1.1645821,0.00013518763243163776,0.029843426178473485,0
0.3041388,0.093488514,1.5606375,0.14797408976890317,0.16540185858153583,0
0.008745967,0.02187796,5.0,0.01136437475401608,0.08298422613581007,0
0.1694731,0.017543029,5.0,0.009251265930958666,0.08142538582126431,0
0.19323307,0.12037647,1.171889,0.4978445602263385,0.8410142729825878,0
1.3924795e-05,0.0021159665,1.197374,0.0005016291927401721,0.030978580264038172,0
0.7801847,0.1403593,1.1315889,0.9883716917389208,0.9987268195508721,1
0.46498725,0.12288184,0.99541116,0.3790734776024999,0.5578458283540664,0
0.00038489117,0.004834797,1.0382439,0.00026098925684033046,0.025810850127505735,0
0.6854639,0.057304822,1.9275122,0.9618456699826575,0.9989923336001085,1
0.0022589907,0.0067702765,5.0,0.011511931653150467,0.0827726375139373,0
0.19586077,0.035814095,5.0,0.14994033400172468,0.27386452284888235,0
9.03683e-06,0.0010737291,1.6504768,0.002683058207719341,0.04362365128335487,0
0.0028734282,0.007262073,1.3170948,0.03441780044088401,0.04818261458082728,0
0.98345655,0.013324405,2.7734625,0.9939386694109302,0.9994189644273068,1
0.025186615,0.027061505,5.0,0.024566448212219753,0.09402642101081432,0
0.0012778273,0.005985823,3.4476776,0.011723928496228022,0.07349192752013971,0
0.75331444,0.03769743,1.047531,0.8960619470856285,0.996265434644942,1
0.35225597,0.08443842,3.4930816,0.3566421844310992,0.7378062669379291,0
6.924996e-05,0.0038268033,1.6368841,0.0025490665328218266,0.04329434359754354,0
0.0022663611,0.008302877,5.0,0.015364270057141775,0.08585493098354192,0
6.7405585e-05,0.0010750022,1.0932934,0.0004904645508119527,0.027679454441255413,0
5.3933104e-07,8.755377e-05,1.4718786,0.0008950983375965956,0.03867742330242317,0
0.013779007,0.013113668,2.2549317,0.011874871201427304,0.0598828389739453,0
0.038196985,0.106855705,2.5323377,0.01910147201215874,0.07027729111421151,0
9.213202e-06,0.00038910407,1.4627727,0.009187413841345828,0.04172267462417353,0
4.0005325e-06,0.00014955526,2.2067535,0.002484121880201251,0.053769401245664004,0
0.56881183,0.097823545,1.4290336,0.9465893421298517,0.9984825848807091,1
0.011902857,0.018169358,2.001951,0.009643412262804189,0.05434144359933184,0
0.99993587,0.003212284,1.0217105,0.9995118162095811,0.9986493774564988,1
1.1023207e-05,0.0007242948,1.2550666,0.000141352558866552,0.03256993392653779,0
0.6196741,0.062361773,1.6461166,0.11470995271764763,0.12835318610777463,0
0.7052623,0.04697112,1.1129323,0.6989571752226265,0.9746381254520312,0
3.9729903e-06,0.00035347766,1.2183294,0.010541782917804709,0.03490330123447411,0
0.45028645,0.0872041,1.1946448,0.15462975162325274,0.13758569984440713,0
1.8586971e-06,0.0018070084,2.6304698,0.00026003912743062887,0.05819529611648957,0
0.33798572,0.13505645,1.8243386,0.10937158283047417,0.13381032924717312,0
0.14719048,0.104980655,3.044204,0.18638221141160477,0.3165498498053346,0
0.029509572,0.11762571,1.4774157,0.13359055466044262,0.1399633503080859,0
0.8969101,0.022842437,1.3412558,0.6789741996195577,0.9749676392049689,0
0.018865317,0.06555747,1.7553315,0.0020389480889980312,0.04638360443805065,0
0.8613739,0.035055682,1.6053072,0.9618300019487124,0.9988231912628969,1
0.06123618,0.042315073,5.0,0.13920386419882586,0.2525167855138749,0
2.7058899e-05,0.0054309545,5.0,0.00022396740022877763,0.07437118173450347,0
2.0361378e-05,0.010073031,1.1170491,0.00020256049932852906,0.028438532254909905,0
0.9385064,0.030470248,1.1122385,0.9567864741730807,0.9981492647983191,0
0.05209995,0.06242603,2.5934439,0.1028762781933932,0.15160202880964493,0
0.02426835,0.08354462,5.0,0.0013088380121019842,0.07669005819020187,0
0.99936146,0.003579641,1.5539061,0.9984782288068818,0.9991612208650047,1
0.13524063,0.14666776,1.1351397,0.01879233308141424,0.03626722236683788,0
0.00012804811,0.002734045,5.0,0.002867641080612722,0.0762061286948373,0
0.26188546,0.096569486,4.238136,0.0333580245036339,0.09930713464784095,0
4.821162e-06,0.0039915172,5.0,0.010580713965831665,0.0819899880154309,0
0.0051153814,0.08213571,5.0,0.001685867141927022,0.07691765693230883,0
0.24450931,0.12611312,2.2442696,0.27786908653090203,0.5013472175430165,0
0.03967642,0.028482754,2.0453932,0.07963702779714846,0.10714684181660387,0
0.022742337,0.0752163,1.1769342,0.023137425271679935,0.03874238551979391,0
0.37946257,0.09611445,1.2553309,0.28681362952816114,0.3965709497927036,0
0.84309506,0.083659776,5.0,0.9893325084017194,0.999526078066635,1
0.0061144973,0.025509682,1.1970388,0.03676801862551982,0.044579917452988845,0
0.6621542,0.07005199,1.01603,0.6868019297324197,0.967873432565719,0
0.9986191,0.011131849,0.8288286,0.9996571498563165,0.9981270044743671,1
0.00020796833,0.003331205,1.8784698,0.004100881397503275,0.049010844810798905,0
0.5122321,0.03760169,1.0312307,0.7752997157916359,0.9869114101954453,0
0.00056565617,0.0077516837,5.0,0.0038232217382990347,0.07699846288738695,0
0.9451941,0.081952795,1.2503762,0.9689151295237565,0.9986050966690708,1
0.053204644,0.048015762,2.9842737,0.3319137708742889,0.667258558491919,1
0.0010001356,0.0063306713,5.0,0.008483392186347844,0.0804350030097364,0
3.4028486e-05,0.0016962015,5.0,0.00553648350268677,0.07813419016886661,0
0.13081431,0.028398285,5.0,0.07332084877071413,0.14632807471436182,0
0.5755834,0.071467675,1.2140371,0.5989243284193834,0.9391721367761298,0
0.2409073,0.06749357,1.2570281,0.08979467110090879,0.07956603237764519,0
0.005181428,0.024264244,1.32824,0.009599286541075431,0.03827887349021448,0
8.5855536e-05,0.0050114347,1.4344333,0.0002663765865170797,0.03754614891707973,0
2.3073435e-05,0.0004897647,1.3823026,0.0003747659124140865,0.03618373974446767,0
0.72945327,0.105186805,1.2181941,0.7735301578263153,0.9894695676717448,1
0.5567627,0.04237301,1.1347898,0.5816615628269907,0.9218639323097735,0
0.1899594,0.17471398,2.177483,0.14614579746727172,0.20548695179774845,0
0.017352834,0.023269111,1.4391245,0.033556493985771534,0.05245381968662083,0
0.8154548,0.057427127,0.9629512,0.8402180956254399,0.9925953374749006,1
0.0765129,0.03301503,5.0,0.17288053245970866,0.3225005470339828,0
0.6727373,0.07993971,2.38167,0.4998182035034697,0.9098329148935956,0
0.6734256,0.07420586,1.2150617,0.44582168232641245,0.7631818814923096,0
0.18331188,0.1146198,1.1747012,0.054380556280704,0.05314533315550769,0
0.98331046,0.02019542,5.0,0.9634975439308224,0.9993726296524192,1
1.1221563e-05,0.00028118017,1.5114537,0.009166410454526281,0.04301151506334675,0
0.4375968,0.12714024,1.7160765,0.1223785565226073,0.1436346429878011,0
0.000726644,0.005614149,5.0,0.01429929267810871,0.08494189048232403,0
0.00015687537,0.0013873143,5.0,0.0013301508678712807,0.07507766392900093,0
4.1560103e-05,0.0026418224,1.2907727,0.00012367915392415204,0.03360643469229864,0
0.016031569,0.023328802,5.0,0.009009473782212129,0.08120276225356263,0
0.7720142,0.1192898,1.7431105,0.9786586686594448,0.9990981495103577,0
0.15125115,0.034925103,5.0,0.0018459114881660237,0.076246184509951,0
7.9302445e-06,0.004643277,1.2506025,0.0008385877744800936,0.03269953589136657,0
0.0037073304,0.061436657,1.9565879,0.06869167457498751,0.09483026139197882,0
0.08798606,0.072863966,1.8143195,0.0109649434401634,0.05206100114936836,0
0.71612036,0.06294509,1.3411549,0.6797203284800493,0.9753611562869663,1
0.5688683,0.088294595,1.3877503,0.16098638496638615,0.16811901078177008,0
0.6472802,0.059143536,1.0862064,0.5056346416164682,0.8371260499742497,0
0.0005855051,0.013873369,1.5440936,0.0003609226077487006,0.040369095283564436,0
0.5658891,0.10840866,1.2499852,0.6234862039611881,0.9540603210836911,0
0.113065064,0.09430171,1.3671614,0.03779900674921329,0.053024387316648235,0
0.15840603,0.03047869,5.0,0.15667160223904367,0.2873920230659855,0
5.4584227e-05,0.0041551264,1.1043572,0.0005080814007139388,0.02806860808747652,0
0.16739988,0.067466065,1.3348064,0.04373450725103386,0.054466424052298595,0
0.9954175,0.06087979,1.0685159,0.9997733254517656,0.9987543536497338,1
3.3929362e-05,0.0019861967,1.4259936,0.00018288720804367206,0.03726894023427773,0
5.1461648e-06,0.00031895583,2.5338275,0.0002511555427641203,0.05702333544694488,0
0.4073585,0.13486488,1.5396715,0.07504666178098521,0.0857953505115104,0
0.8766132,0.24099717,1.4394727,0.9210226886627114,0.9981274218175505,1
3.5537676e-05,0.0035499944,1.0717496,0.00026223319334996896,0.026925688275236476,0
0.0011784273,0.0015222353,4.8220344,0.021947565973214605,0.0902601288740353,0
0.15269053,0.029659906,5.0,0.07021633735822846,0.14247595659210704,0
0.63352126,0.12720889,2.1021795,0.9631840623592527,0.9990837114172253,1
0.00024609015,0.019986471,5.0,0.005095549324296118,0.07817565089762947,0
0.43064862,0.1490172,5.0,0.6066333598297984,0.9768523376314796,0
7.4548043e-06,0.00010334639,2.8405495,0.0019278662104530836,0.061428401962292364,0
0.030514369,0.054674365,1.8348737,0.012366710732695217,0.05293111748499096,0
0.5505926,0.07872002,2.6974106,0.2987531471305292,0.5791724603157586,0
0.9893071,0.017698633,2.3765008,0.9888335320142955,0.9993326321334056,1
0.85987175,0.07792165,1.0328677,0.9735469933617503,0.9982973298879286,1
4.4137058e-05,0.00020782895,5.0,0.00012662827575826943,0.0742025299350392,0
0.58360153,0.10116144,3.7187893,0.18061215141163997,0.32360503405283036,0
0.39457887,0.08587393,1.3443011,0.08638118850401239,0.08310163961107447,0
0.15171772,0.08500588,5.0,0.04789538852996242,0.11832924556026965,0
0.59265447,0.050994016,1.0334564,0.44180218116843495,0.713232207692817,0
0.6904961,0.05054386,1.4146546,0.5672375067227459,0.9294086183014979,0
3.5872894e-05,0.0017463352,1.1301233,0.00012383261012778728,0.028770080351291253,0
0.16376522,0.065265454,1.2374802,0.42662861316207445,0.728213418168708,0
5.7717443e-05,0.0037687998,2.8316512,0.0003068969678588873,0.060443735158129216,0
0.022539867,0.036069244,3.4975932,0.05277768015297271,0.10923242653952113,0
0.8506849,0.07128628,1.1554819,0.9617332018022859,0.9983414035376889,1
0.7048219,0.053086475,1.0736333,0.6166366863491533,0.9403976233872131,0
0.011594236,0.033898428,1.4242855,0.0018605750947845894,0.038177354647956546,0
0.00687089,0.014405417,1.5416235,0.041958104933560954,0.06046991584249574,0
0.81591666,0.091144785,1.2023927,0.011343549835128823,0.03589067398024832,0
0.031735048,0.085827224,1.1538022,0.00042226235925372526,0.030297877710155678,0
0.36375356,0.058540065,1.033286,0.2671028981138023,0.2928755931004519,0
0.0015750501,0.011908222,4.780232,0.007887464812243578,0.0791195933194826,0
0.23385724,0.116751574,1.4920565,0.03914822961432647,0.05886998926864831,0
0.8695555,0.06355046,2.0920863,0.9426657323890165,0.9988490979794435,1
0.5430143,0.056567863,1.0595324,0.3734978478602492,0.561255068315648,0
0.0003035638,0.006775356,1.1020939,0.00030858479044110595,0.027959251492107307,0
0.5649687,0.08351741,1.3733325,0.943430092229844,0.9983601843867693,1
0.77490544,0.057910454,1.2150408,0.8826136620592412,0.9964800042731972,1
4.5863594e-06,4.3972785e-05,2.7801902,0.0017806735222268947,0.060703744847350805,0
0.79731774,0.114183635,1.120227,0.9981764618471115,0.9988251181811009,1
0.003498486,0.010248406,1.9138347,0.04397970661018198,0.07308208653666479,0
0.115922876,0.12486583,1.5310022,0.43881199709790913,0.7944076699578412,0
0.284474,0.12900884,1.4470329,0.09793616617991112,0.10018534333792399,0
6.7065807e-06,0.001115972,1.6227081,0.0006583566166729048,0.04215324168513639,0
0.31348094,0.07429099,2.6048706,0.15404758549781983,0.23361059401239884,0
2.2289334e-05,0.01482815,1.3098255,0.000141352558866552,0.03426074748327091,0
0.028017245,0.0353388,5.0,0.031255679499792445,0.1002453975974484,0
0.5837833,0.05257269,1.24657,0.8787496314978612,0.9964324343495979,1
0.0023903274,0.0058827065,2.0847754,0.009422247831557172,0.05553731593831482,0
0.13300921,0.056638435,5.0,0.34590883319851834,0.738701488896792,1
0.023783427,0.033455327,3.563292,0.029298014906129308,0.08847453372275331,0
0.5635439,0.09653321,3.122569,0.4486228355569947,0.8737604526729614,0
9.831068e-06,0.00154942,1.9165789,0.0044372668235742405,0.049872791707922456,0
0.8533755,0.14705355,1.3343635,0.9482871079025118,0.9984252426224676,1
0.021388194,0.026129343,2.6542897,0.017155960242315943,0.06922087715569239,0
0.048861723,0.09158519,3.2007585,0.01324260640861844,0.07400646810185996,0
0.5538113,0.05009195,1.1262507,0.4251322892076669,0.70168585829228,0
0.45131916,0.04389569,1.0439786,0.5042945689675156,0.8266643837590478,0
0.4518137,0.042572647,1.074721,0.8032309157703762,0.9906856908034495,1
0.47810182,0.07492896,1.6420113,0.7053894729116792,0.9843326609306621,1
7.1091877e-06,0.00035032042,1.6123316,0.002210186620431214,0.04255609742691115,0
0.9499614,0.05840826,1.870883,0.9777640834182948,0.9991276508223441,1
0.0011903878,0.0066757575,5.0,0.01161520715184327,0.08284995229108999,0
0.9997805,0.0011208843,1.1573368,0.9877365362384001,0.9987093037753411,1
2.6259995e-05,0.0021947087,1.6593498,0.0002841493967249141,0.042814242474808806,0
0.50920475,0.087300695,1.0205338,0.6146430598084944,0.9355073294216113,0
0.07666546,0.11528877,1.8694147,0.023329883381432635,0.060664725154776195,0
2.6178082e-05,0.0006057676,5.0,0.0006389222242921382,0.0745718246286806,0
0.0020006467,0.022363126,1.0325481,0.0023390845150311726,0.026279791879585023,0
0.93673813,0.027991902,1.4155066,0.9766124886172205,0.9988570170033728,1
7.5090575e-05,0.0031804717,5.0,0.00023202810159308687,0.07433378023371266,0
0.001246594,0.005995016,2.8199086,0.0038812637493979255,0.0624709465849212,0
2.2948441e-05,0.00052718865,1.6541594,0.00020177358200107673,0.042648228347776686,0
0.0051950426,0.011450364,3.880031,0.006303608593805507,0.07301608295663267,0
0.27441496,0.10692607,1.4601604,0.21823527339428977,0.2770959575813524,0
0.0013554338,0.008544892,1.2755021,0.0008504882080722055,0.033464751035017816,0
0.10422396,0.07721746,1.3053553,0.8385543816187726,0.9948976434002047,1
0.007266341,0.021532128,5.0,0.006087732726117514,0.07895027258798504,0
0.17301619,0.024882635,5.0,0.13605774056025047,0.2458611373946407,0
0.48640683,0.12839948,1.4934143,0.3134639423841465,0.5121484315084158,0
0.15917881,0.03079468,5.0,0.034864281366105615,0.10368267740454866,0
0.008568399,0.02425357,5.0,0.01007776494843127,0.08203543736006738,0
0.9999995,8.916855e-06,0.9746231,0.9999093882373095,0.9985579830331296,1
0.30502504,0.08211455,1.2365199,0.10169921894705061,0.08783009914415049,0
0.006318465,0.018216802,1.5304289,0.03494645553260062,0.056201241142716886,0
0.55287844,0.05791527,1.2558835,0.7062933121814412,0.9796416829198487,0
5.715054e-06,0.0002932985,1.1268884,0.00013583637931184874,0.028659210021502055,0
0.004276724,0.013574731,2.0975308,0.006329220751318699,0.05422479506860455,0
0.8106819,0.15525176,5.0,0.9635506537154533,0.9993946672517445,1
0.19921711,0.10663395,5.0,0.46712661669708405,0.9086277976464515,0
0.7907514,0.14346427,5.0,0.9425177026388851,0.9992464070993304,1
0.34200013,0.075025454,1.5004996,0.13318559785684267,0.1403761879741192,0
0.41398248,0.03915708,1.0284246,0.26235275850268397,0.28059274602222306,0
0.021346347,0.02346369,1.797914,0.05451599306053854,0.07746472967128525,0
0.96113396,0.052300032,1.9367282,0.9847055994424645,0.9992074791513866,1
0.037020925,0.044125557,1.2974691,0.0369319095244743,0.049099625142586804,0
0.33723578,0.15181059,1.4408705,0.9144981183056551,0.9979346354425727,0
0.43888256,0.0939881,1.6074641,0.5646841947309946,0.9360385109431978,1
0.7609063,0.047242817,1.922626,0.35524100600467745,0.662732773335498,0
0.95051646,0.035124615,3.1905367,0.9738589456204367,0.9993372002861125,1
0.5622236,0.052001525,1.7701256,0.1851677610829092,0.2432500193772837,0
0.00096383475,0.0035639869,5.0,0.009796602621821048,0.0813789498638507,0
0.65980184,0.07866723,1.2490658,0.8671435352048927,0.9960257490105575,1
0.98384154,0.034407016,1.609659,0.988218912464142,0.9991054625897182,1
0.106850624,0.09776938,1.1862786,0.4814049055179908,0.8182880931913313,1
0.87151814,0.061654348,0.97600996,0.773596844520887,0.9857585014944336,0
0.006349569,0.014273344,2.3972518,0.01350203029374373,0.0630661191796435,0
0.8791353,0.03623708,1.4520776,0.9709977202495345,0.9988220148593424,1
0.00077710603,0.0077163307,5.0,0.0035479445618663355,0.07679760884540282,0
0.9999995,1.6905244e-05,0.9746231,0.9999093882373095,0.9985579862365943,1
0.0035495225,0.013782868,5.0,0.016087191408344765,0.08656047789654164,0
0.21902078,0.09772475,2.991604,0.1963792148303485,0.3370213226949615,0
7.132841e-06,0.00014472945,1.7055317,0.00018288720804367206,0.04372983988981922,0
0.15148886,0.12812191,1.5178803,0.15566472984963317,0.17387423231217183,0
0.0517308,0.044713397,1.2234155,0.016387270227273095,0.03762694974823649,0
4.4116437e-05,0.008666299,1.0435888,0.0030741500177162455,0.026759790432936484,0
1.9667807e-06,0.00222929,1.1033596,8.60364763642839e-05,0.027903894534318102,0
0.8791898,0.083301626,1.1853604,0.9812595001993355,0.9986891875806434,1
0.58930707,0.093170606,1.2028028,0.9606845771287331,0.998408321747714,1
0.13081732,0.029756434,5.0,0.019011042302082053,0.08946432641800367,0
0.16830067,0.15726954,2.1359544,0.1357467853754391,0.18586374398136774,0
0.64469326,0.03874756,1.3720337,0.46897865464031513,0.8226319531934212,0
0.0022590733,0.015455903,5.0,0.0020067949972021725,0.07583703877238426,0
0.999315,0.0031225733,1.0007598,0.9999364022479975,0.9986145809767388,1
3.7843251e-06,0.0008267186,2.4089646,0.0039138219416274215,0.057452561002475394,0
0.036597308,0.018884858,2.34207,0.039440547633332476,0.07980105248473245,0
0.54163826,0.06449308,1.042884,0.7870659698081243,0.9886501463827219,0
3.6623962e-05,0.00092451886,1.4433957,0.002374504374711161,0.03852562515088596,0
0.9999802,0.00087919505,0.8434288,0.9997868027561789,0.9981801896218921,1
0.7231828,0.035603423,1.1187506,0.6720497429096496,0.9669713654098588,0
0.0003750857,0.0038316068,2.4401314,0.0023226848235040473,0.05703357243978741,0
0.04278994,0.027092751,5.0,0.07997065785114645,0.15484623222109062,0
0.39061832,0.09952329,1.7328811,0.5137999624891344,0.9027329068348323,0
0.024780178,0.034884833,5.0,0.008277606219293474,0.08089251234669512,0
8.761172e-06,0.0005345908,2.6985145,0.0035852192346539644,0.060864223273300655,0
0.9496929,0.055624966,0.9097211,0.9996700589110235,0.9984159420291194,1
0.048210498,0.05150883,1.4307373,0.22242299238082935,0.2778807540509525,0
0.24096991,0.11009327,2.4617763,0.8504337906807397,0.9973459675652034,1
0.2140543,0.083491415,1.2001116,0.4504102458170124,0.7682773204957284,0
7.288762e-05,0.00080969615,1.2055229,0.0004248380267115707,0.031191153640698955,0
0.011021385,0.025057182,4.271367,0.07931243239798959,0.14748744275388753,0
1.948788e-05,0.009499239,3.5457437,0.005023323114620033,0.06976348916628296,0
0.6981191,0.23985948,2.4694312,0.0064329880127698014,0.06411360161635646,0
0.0032177488,0.014084011,4.4196744,0.00486204401538964,0.07518954897006964,0
0.3686122,0.08509737,1.5717039,0.2995871836131203,0.48528699753634225,0
0.3568925,0.11751024,5.0,0.23692566040734697,0.4854505354052897,0
1.5700296e-05,0.00073282135,1.3792422,0.0007919474417657414,0.03625394500475558,0
0.9279101,0.17215353,1.9506935,0.9825526112505027,0.9992202200802128,1
4.3557146e-05,0.0048474516,5.0,0.0020405534312232547,0.07565230669827164,0
1.7675799e-05,0.0007527969,2.107713,0.010699562119514852,0.05655442025677718,0
0.000111122856,0.00058669655,1.2269349,0.0003804535061000411,0.03181759376713382,0
0.49023288,0.071299136,1.7806982,0.8024745721652569,0.9945354088568976,0
0.2578544,0.10218288,1.2843441,0.2002851223595262,0.2174091555924418,0
0.3447358,0.10800222,1.7625638,0.3824773961098608,0.7103914015852508,0
0.3116671,0.106496796,5.0,0.0011536541500770429,0.07731243703144916,0
0.000109459936,0.0011307965,1.7953098,0.0001469840207311275,0.04554365579015078,0
0.18236975,0.13606466,3.6489723,0.05166854276883237,0.11277698431746846,0
0.21104541,0.07080838,2.1184886,0.22504872507859192,0.35651033255310166,0
0.5236034,0.07023642,2.1917424,0.4287937888508192,0.8213729321848112,0
0.0005408855,0.0036651567,2.083823,0.0009146200761425515,0.05108843850041562,0
0.19179963,0.07743204,1.2432395,0.17515086191517118,0.17026090877737748,0
1.4665988e-05,0.0028599396,1.1833395,0.003246042505314722,0.03139996884125633,0
0.046742976,0.065559685,1.3583522,0.02353835592553468,0.04545290988389547,0
7.069426e-05,0.018389642,1.0378965,9.461376352300042e-05,0.02585100903105017,0
0.7184115,0.15134285,1.1453861,0.9462947955466616,0.9980755835875321,1
0.018037912,0.031653754,5.0,0.06478267488042488,0.13565122344736202,0
0.36806643,0.12347871,3.3124478,0.08563859054782327,0.14731761704066137,0
0.0017099344,0.033506908,1.3469907,0.0017376638986172977,0.0360312399430431,0
0.13783084,0.03658467,4.236214,0.02026427207491291,0.08644976366620995,0
0.6452897,0.052346233,1.1880583,0.8508177628561314,0.9949797005104433,1
0.0020269367,0.019789634,1.3973788,0.04321140466493052,0.05591905725130688,0
0.9853875,0.016307348,2.8303173,0.9929377336056278,0.999419617312878,1
0.07022034,0.14609988,1.1054814,0.17477629890966237,0.15239919609679514,0
1.7057218e-05,0.0018747919,3.3944213,0.01209267951325512,0.073220177029779,0
0.9998497,0.002292507,0.87333184,0.9997134444481305,0.998283701049092,1
0.85306346,0.0421364,1.7785199,0.939379605600135,0.9986464097950551,1
0.4371031,0.0730844,1.5812097,0.23162372079920868,0.32025802587390817,0
0.7566709,0.1436221,2.4898217,0.024843017270335326,0.07493515878116759,0
0.00287088,0.011599594,1.760454,0.03310932843400213,0.06194472348234884,0
0.00046312995,0.0011027488,4.170458,0.000897307442632909,0.0708607578604718,0
0.9926375,0.011613078,2.4257703,0.9941219949247764,0.9993746073579514,1
0.2710318,0.114042625,1.7428862,0.23090138514251454,0.33948886830085656,0
0.0053375745,0.0057137795,5.0,0.01930969452356905,0.08902859559882756,0
0.23946285,0.18861908,2.3952518,0.2011336833565181,0.3266763214148541,0
0.13107479,0.09261078,1.2421361,0.3081985862949299,0.44591310677414003,0
0.008058682,0.032801155,1.5017841,0.02213480385094902,0.04896821362354652,0
0.0024942958,0.013151174,1.1944948,0.0006890706731556523,0.031041756228864605,0
0.005350458,0.021032928,1.2857704,0.006859481878257538,0.035951378009655505,0
1.437876e-05,0.00028174734,2.92745,0.004600343513276218,0.0639336953216938,0
0.18751849,0.12001717,1.213978,0.06345110565797024,0.0603411822043711,0
6.0518496e-06,0.00034475885,2.1104136,0.007543493801080198,0.05489220236470761,0
0.547135,0.10135064,1.2738361,0.4071687791772384,0.6973905676149919,0
0.015193673,0.13587372,1.3022381,0.0011620356374664553,0.03553772226139143,0
0.00015930377,0.0020906029,2.0685718,0.007022776047097299,0.05392567844710112,0
0.00015349184,0.012620161,1.7198452,0.0004229307854459496,0.0442780907261662,0
0.74008733,0.051069226,1.0369307,0.8516769086392038,0.994063165691661,0
0.78066826,0.043886878,1.0272148,0.9176690535100448,0.9969287144178521,1
0.65504074,0.120417565,1.9551293,0.14323194273200376,0.1874166840232913,0
0.00016458986,0.0021797344,1.4840723,0.00010886344565638815,0.03870120887692667,0
2.190888e-05,0.0038126558,1.1549749,0.00012253306051074222,0.029569906115950683,0
0.68686163,0.088744834,1.8171132,0.5802599655776296,0.9502349438258869,0
0.11800356,0.09368667,1.4996603,0.017345821288473492,0.047499011498443135,0
0.0011191069,0.010800872,1.0419079,0.004889954041525513,0.027205592571384423,0
6.7012064e-05,0.0055354154,1.3835317,0.0009383606636690962,0.03646795875611191,0
0.991768,0.012979851,2.5496838,0.9842236585504242,0.9993279526569246,1
0.7919078,0.11584391,1.6466855,0.9807560479028559,0.9990725423456969,1
0.90817016,0.07052172,3.0559084,0.9466387759837227,0.99911449457111,1
0.0006190599,0.00771998,1.427348,0.004381594362530208,0.03894096279770114,0
7.4142816e-05,0.008886238,1.2277292,0.0001559504067482788,0.03184149508581147,0
2.2440508e-05,0.000882432,1.5329926,0.0024755378404693,0.04080671028685817,0
0.21863578,0.09078298,1.2768552,0.09955332880337694,0.08915020187668005,0
0.6748521,0.06528864,1.0025607,0.518188153068179,0.8397175431213326,0
0.434842,0.040924072,1.0688666,0.3066629122902031,0.3934319023546804,0
0.0042481916,0.011125053,3.5748389,0.004711132657305323,0.0698055119943354,0
0.7144581,0.1189344,1.6980331,0.9389543731712936,0.9986140872941359,1
9.964385e-06,0.0002019809,1.503806,0.00018288720804367206,0.039190117470690525,0
0.0037047598,0.015926577,1.2825522,0.0109695529079458,0.03728690842573807,0
0.15936184,0.02772319,5.0,0.008196793358159699,0.0808203841435391,0
0.0002835766,0.002499237,1.3184031,0.000450164704638441,0.034491732589598534,0
7.25787e-05,0.00087044906,5.0,0.0034495803562602945,0.07659049508957949,0
2.6824684e-05,0.00017924125,1.2131045,0.00019456065921835954,0.03134261299349319,0
0.0001187404,0.0004387402,1.3372784,0.000375021319813264,0.03496841889573636,0
0.13048768,0.11030875,5.0,0.00810691760778687,0.082445713543286,0
0.15794449,0.095456064,3.5390546,0.19649149033690716,0.35394652911660995,0
0.2060534,0.02654616,5.0,0.08071019479642658,0.1561170375533248,0
0.5721582,0.04527813,1.2075433,0.6339381535257549,0.9561521021730479,0
0.16097917,0.0250743,5.0,0.02161001696585373,0.09158508385604536,0
0.6108294,0.058351,1.6451697,0.18679692104062792,0.2353780395770412,0
0.5355832,0.14572427,1.6688603,0.8198188586224868,0.9952670471739812,0
0.0014765018,0.004137835,1.6913954,0.009109346203305368,0.04744966686271238,0
1.0284932e-05,0.00017850946,1.3149192,0.000141352558866552,0.03426802952786631,0
0.11260912,0.059278537,5.0,0.15331761437784935,0.2818942655492771,0
0.37334034,0.10349358,1.1929528,0.3154443482103014,0.4539321390765161,0
0.16565225,0.023473743,5.0,0.010209373010452924,0.08228388345951691,0
3.4913075e-05,0.0003808759,3.5178685,0.0030701463210455445,0.06810663061005666,0
0.37645316,0.07439753,2.3152106,0.20178558962961304,0.3170239931741543,0
2.6467942e-05,0.0037522241,1.0656785,0.0001041645052826039,0.026683265702263315,0
0.037291866,0.030904977,5.0,0.018630108757172734,0.08906811947207957,0
0.014517709,0.045177694,1.0434005,0.08122277025444843,0.05828801088732081,0
7.4353493e-06,0.00037151616,1.1506965,0.0001319275361386223,0.029411263082591864,0
0.8376635,0.17883444,3.0642638,0.9623713575069748,0.9992689331501823,1
1.0867792e-05,0.005057637,1.1047164,0.00011224083377055666,0.02797654708200643,0
0.99929893,0.0057886504,1.3470703,0.9947691675992064,0.9989948734173529,1
0.0041018357,0.0055353153,5.0,0.017492069854265446,0.08752326442154544,0
0.31113338,0.094992764,2.3196588,0.13057975598322957,0.18368714917078566,0
0.00013452464,0.0023947707,1.8157954,0.002211453326953494,0.04689505281574361,0
9.553573e-05,0.002346863,1.514068,0.000319917180099878,0.039513588938696005,0
0.2523867,0.0806838,1.0466744,0.21569876246831124,0.20006193677468112,0
0.25377467,0.10382113,5.0,0.19781891217916628,0.3859343947638566,0
8.65522e-05,0.00845661,1.0681912,0.0003212179579263297,0.026859028261281833,0
0.6889376,0.064893454,1.1619874,0.48844970620799744,0.8249515456804942,0
4.6283735e-06,0.0036076368,1.6295159,9.049310161393983e-05,0.042097341262725206,0
0.5106607,0.07364117,1.2186809,0.30537734877126615,0.4332232995186683,0
0.10231416,0.020971265,5.0,0.0071661133289714005,0.07984269338507402,0
2.3221364e-06,0.00048744667,1.2159225,0.0004324573302262642,0.031504000801362064,0
0.6294742,0.040137723,1.2528913,0.6500168781363636,0.9640839851882025,0
0.44793177,0.07353311,1.1380788,0.34169066002380416,0.504560503811267,0
0.00012637318,0.004683915,5.0,0.003565832380852945,0.07675011562174133,0
0.00013727529,0.0028245598,4.980084,0.003693836711933138,0.07672403805596814,0
2.270996e-05,0.0004905026,1.4448775,0.0032401377191299315,0.03888982808851793,0
0.0027714253,0.006537109,1.1047962,0.01757594150261501,0.03329773782444252,0
0.00032827022,0.0062365793,2.7362428,0.0029929774116563244,0.06103300401174203,0
0.1882907,0.06539453,1.2958931,0.3282371202039743,0.5075085883982836,0
4.1273437e-05,0.0015061335,1.0503198,0.00010367030994735455,0.026153917302308788,0
5.767348e-06,0.0009845567,5.0,0.0011033910943667026,0.07490844714903024,0
0.17194837,0.03141751,5.0,0.04335822256456064,0.11209520006571021,0
0.03369704,0.046833694,2.1986318,0.012761098271291741,0.060009119589047186,0
0.39367715,0.12000635,1.7389848,0.570473839716606,0.9436287536592358,0
0.71136165,0.05917269,1.490898,0.8975319770612097,0.9975753170970266,1
0.0003135106,0.022015173,4.3745127,0.07540591906131888,0.14338325971627253,0
0.17462383,0.024845162,5.0,0.009069415449720944,0.08144332903673983,0
0.26895428,0.10274376,1.0856532,0.3605033105707342,0.5387023118968272,0
0.60303843,0.05805262,1.1514232,0.8875033620347417,0.996415210035792,1
0.00544345,0.026239557,5.0,0.003730129301781348,0.07730186485826894,0
0.12824625,0.070259936,1.9982088,0.2608991688485623,0.4340001853211523,0
0.25726953,0.13180721,2.2454693,0.023560264365863975,0.0691315970397723,0
1.0154946e-05,0.00034514678,1.351065,0.000141352558866552,0.03526221890036497,0
0.39484283,0.07365051,1.2661437,0.427820612078148,0.7368993265980951,0
6.1028863e-05,0.011148715,1.566045,0.004798055613572947,0.04267399768366634,0
1.4606248e-05,0.0003666565,2.7801945,0.002397019744130672,0.06107030327766544,0
3.3392873e-05,0.0052348417,1.4908693,0.0002587980193610153,0.03895697374934974,0
0.6886687,0.100545086,2.9570587,0.34829809041030224,0.7073822827157031,0
0.4033174,0.078260556,3.0907512,0.09504442494845466,0.15408108834758888,0
0.23765518,0.12221727,1.594956,0.04557442006289346,0.06652016457888539,0
0.99993455,0.0041889483,1.0321729,0.9998532126151494,0.9986737005706822,1
0.20364958,0.045191195,5.0,0.04748191659874454,0.11681319777661826,0
0.53058714,0.077667676,1.324737,0.25495209904114524,0.33428992694188286,0
0.6327649,0.06589218,1.307324,0.421995318239894,0.7325249381087724,0
0.6697931,0.047966946,1.4454308,0.299403593504245,0.46312636626928133,0
0.04479497,0.08232315,1.1352663,0.2463025346641854,0.2756578001275094,0
0.0018090844,0.0059646163,1.2817104,0.04646259091957369,0.05261402841543507,0
0.8459867,0.06245108,2.9081087,0.9642928593275351,0.9992405835083263,0
0.005932177,0.022629775,1.2206628,0.001279382971967831,0.03210680226875902,0
0.97255975,0.019239541,1.640368,0.9899826688456925,0.9991324111946244,1
2.102434e-05,0.00036389712,1.5012051,0.0004415052859338759,0.039228614808032476,0
0.045337763,0.08142932,2.8454044,0.0036863015079230425,0.0639055501337535,0
0.55347544,0.06686968,1.020936,0.8003293894313297,0.9897886062751742,1
0.034748953,0.04306269,1.357672,0.0358092990260524,0.05089743037997624,0
0.0042796163,0.006761573,5.0,0.016887161091196843,0.08705650946962738,0
0.00053874997,0.038338955,2.0573878,0.03262709641757707,0.06940298609765413,0
0.31217545,0.079258114,5.0,0.6220295405053318,0.9797521472189293,0
0.99998975,9.251358e-05,0.80894136,0.9998026598654866,0.998041568340608,1
0.0016779661,0.0053279824,2.346732,0.008983888672326851,0.05950370339624862,0
0.8659625,0.24456841,1.2419742,0.056076066615430464,0.06008104364705773,0
0.019701093,0.02981205,1.3361279,0.028615726728015007,0.04650250805751704,0
0.102262154,0.09301672,1.2760819,0.3411559616460726,0.537825576374737,0
0.89638275,0.050364457,0.97356385,0.9277238270517415,0.9970147314255412,1
0.5961067,0.036327735,1.1627133,0.8144731780609782,0.9924957381959709,0
5.2844276e-05,0.00228713,5.0,0.001255469438172433,0.07504179874737733,0
0.15088812,0.04139026,5.0,0.22978658153868495,0.46121533210252647,0
0.30558857,0.096258335,1.1293876,0.38899262757580233,0.6219421672617822,1
0.7980234,0.09519065,0.97948474,0.9196013368330184,0.9968208210100375,0
0.5908561,0.12333414,1.0885676,0.11730588346126487,0.08908983045254813,0
0.30971003,0.10639484,1.2929128,0.1259032252394566,0.1156660319750353,0
0.0031744568,0.008634436,1.2590954,0.013884707955640441,0.0375293541650432,0
0.0018243688,0.006529581,5.0,0.022031568140334322,0.09133305819195123,0
0.44963315,0.117478915,1.2677951,0.33733489758843893,0.5291067216969106,0
1.9279054e-05,0.0007058044,5.0,0.001434420597982157,0.07513861819699089,0
0.17336576,0.020993892,5.0,0.07045816977635111,0.14251882589010617,0
0.06846043,0.06701827,1.2630686,0.03443435831480311,0.046847391016267864,0
0.38535655,0.13320342,1.527572,0.5564975762446739,0.9283962171803689,1
0.11419794,0.03042113,5.0,0.09537812037496045,0.1769437235064687,0
0.000103078324,0.0022851063,1.4265214,0.0008561283479093543,0.037534089015581244,0
0.98925346,0.011185911,2.4242115,0.9902807840561272,0.9993491418339119,1
0.38308161,0.080698244,1.1043699,0.8262445446352067,0.9929581138623882,1
0.0027957004,0.026883282,5.0,0.00468525136641789,0.07801357095375394,0
0.09794779,0.030174697,5.0,0.08147407163094367,0.15708846470325094,0
0.5003583,0.043837383,1.0418983,0.41808935566375044,0.6628735242899754,0
0.17144498,0.024683889,5.0,0.6567426393036172,0.985486442570519,0
0.7583751,0.06622243,3.287534,0.9326073574538403,0.9990080597412425,1
0.14063361,0.11385442,1.2769943,0.13890999243105642,0.12841693105015414,0
0.0009986926,0.012830894,4.2152367,0.00026371116442853955,0.07089240067991916,0
0.98778915,0.019996649,1.1172577,0.9998412219362881,0.9988133384849701,1
0.61448634,0.042651884,1.053441,0.5344029242775035,0.8682187623273153,0
0.5060032,0.06587849,1.130394,0.5362322892638977,0.8811109964076542,0
1.8468534e-05,0.0050134854,1.1523542,0.0002629187508720325,0.02953866762414115,0
0.70619595,0.07318725,2.207098,0.9434206980758862,0.9988990164930335,1
2.8001703e-05,0.003804941,5.0,0.0013392960644883773,0.07513082408281227,0
0.049561277,0.086413875,1.1932625,0.16167541905444796,0.14549371948528947,0
0.032840744,0.039496258,5.0,0.009815897025348023,0.08217818102818542,0
0.07111417,0.05206213,2.7217028,0.03880032285041106,0.08664459394774145,0
0.60672206,0.044868756,1.1946306,0.7298411756796312,0.982924650972635,0
2.1130792e-05,0.00062949886,3.419168,0.00020933849840606807,0.06553807572155881,0
0.18899532,0.06991445,5.0,0.3069006797062855,0.6555941362249794,0
0.007747868,0.01814266,1.9332553,0.013127962802946124,0.054850231766944896,0
0.027444256,0.042514715,2.5023243,0.2883652961642738,0.5383135869395423,0
0.0016321182,0.043948594,1.8093745,0.03371421868210507,0.06416136174682938,0
0.003502889,0.0073386426,3.1739545,0.002210746381472267,0.06490309684425057,0
0.021893568,0.024091145,2.1062136,0.04442205308849294,0.07854763248290277,0
8.945734e-06,0.00030183198,1.2124552,0.0012231008307641515,0.03164575180457917,0
0.0010244874,0.0038901404,2.6507807,0.011083433419970262,0.06487703939249778,0
0.3832634,0.13684255,1.4965996,0.26084424689457575,0.3803792513455797,0
0.802237,0.10942477,2.1205544,0.9642107283538893,0.9990963393123193,0
0.00070142664,0.007111094,3.84405,0.00024515262723736963,0.06861536200135855,0
0.00017827879,0.00061395054,3.803286,0.000710885112218606,0.06854540682229376,0
0.0005869727,0.022777904,5.0,0.01849144717207542,0.08872871600976927,0
0.10318519,0.05139858,1.2976133,0.03817647003958407,0.04984363573946281,0
9.601256e-05,0.00526243,1.5250587,1.1927702612824654e-05,0.03968757721803054,0
0.84367114,0.037333123,1.3868953,0.9128567505096524,0.9977607417635291,1
0.04769369,0.1450817,1.7588482,0.015253202294135572,0.05398150877463706,0
5.191359e-05,0.0712284,5.0,0.00018325596290494383,0.0756133474467842,0
0.014481011,0.016513094,1.8958318,0.024296506035930206,0.06023221174944713,0
8.6413325e-05,0.015973074,1.5682034,0.003115690020069469,0.04208035542783796,0
0.99830496,0.01323143,0.91071075,0.9998521392238033,0.9984039828813517,1
5.227992e-06,0.00087044074,5.0,0.0011307947267158052,0.07492571783576561,0
0.04297623,0.043044608,2.1645627,0.022351244139626202,0.06510849360739344,0
0.9391048,0.081013374,5.0,0.47743399337852255,0.9172633974131144,0
0.025520932,0.061679076,1.2480087,0.053421711492600894,0.055505990520239176,0
0.2059461,0.11722272,1.3952291,0.02248629109818527,0.04695480145603525,0
0.017429601,0.02299083,1.6923766,0.0924365891984139,0.10535478270247563,0
2.447384e-06,0.00245631,1.6639357,0.011508790936732911,0.04790042599236652,0
0.8588626,0.06053447,1.1541271,0.8710588320692259,0.9957897676199416,0
0.87401354,0.08100074,1.2615365,0.47410747728799507,0.8189092015938363,0
0.00018038694,0.001184274,1.7175436,0.000575803218839236,0.04416186665311439,0
0.00035646546,0.003424407,2.5603597,0.023415924145136383,0.0716749459920636,0
0.448161,0.05862129,1.025976,0.5865372879168188,0.9156824463496299,0
0.013196295,0.019186892,5.0,0.01202450829797059,0.08344812255792966,0
0.15613319,0.03499039,5.0,0.03563192246283604,0.10452184454001422,0
0.4400659,0.13324906,5.0,0.7995340263199198,0.9967183523116436,1
0.0036121379,0.02557841,1.044873,0.010841412060536026,0.029096306990246883,0
0.18456541,0.13641609,1.2535611,0.1806134171300928,0.1821555426615826,0
0.0863411,0.08453771,1.9975475,0.028859467851938467,0.06650539508345996,0
0.1548523,0.1757008,1.9149253,0.05997556275525435,0.08885700941314469,0
0.5751126,0.1967005,2.2171896,0.9593039319050488,0.9990970168593464,1
0.5230125,0.07260306,1.8522265,0.30755743220289733,0.5403144180189661,0
4.4454305e-06,0.005820849,1.1150361,0.00013583637931184874,0.028322210307444175,0
0.004434165,0.006604675,1.2176179,0.0235462595866698,0.03972654247863535,0
0.013402404,0.02330232,2.716953,0.11509418092361123,0.17040564342357906,0
0.6429519,0.051068287,1.4272465,0.6111804209212859,0.9542081851285958,0
0.00021560625,0.0019039625,2.0359964,0.00019957228893410716,0.04992710852370806,0
0.6839127,0.05909817,1.214922,0.34713227451497997,0.5384422873386173,0
0.23819005,0.124335825,1.3676606,0.30119060890675287,0.457276428722396,0
0.97544855,0.030122546,1.6061543,0.9607278909686294,0.9988106341002272,1
0.3636261,0.1510168,1.4977859,0.049431920595532794,0.06591216687030163,0
0.6201161,0.04603003,1.0766224,0.9590082520712203,0.9981109795035875,1
2.3307819e-05,0.0013353036,1.1775168,0.00015110665629546405,0.03025770001608825,0
0.06333014,0.06081904,1.5400331,0.07173320650850434,0.08127112942812138,0
0.1094307,0.068497814,1.1914656,0.017463974338913533,0.03714432441618311,0
0.049559973,0.050641213,2.2518296,0.1231025996079483,0.1675536798808822,0
0.56826633,0.075409465,1.0525576,0.7168502354768728,0.977321220483239,0
0.5384039,0.0659096,1.3644524,0.573760465241241,0.9314318433261398,0
0.049217183,0.05898513,1.0783737,0.14724445747142287,0.11346547696579028,0
0.18162563,0.19437605,1.5896388,0.022994633855509185,0.05433782015785195,0
0.5195996,0.13945009,1.3034161,0.0880146390593026,0.08306079643122716,0
0.00088544417,0.021626154,1.1603917,0.011387268158497452,0.03341940997390937,0
4.584336e-05,0.0163172,1.0316143,6.274080231036939e-05,0.02561446371176607,0
0.0020666292,0.008093752,1.4497365,0.009758880414412544,0.0416865298068423,0
5.4326294e-05,0.007129886,1.7185268,0.0056046501152394795,0.04648505446075917,0
0.5884358,0.044763856,1.2437226,0.660703103515318,0.9674452790920604,0
2.5266957e-06,9.675233e-05,1.3055431,0.0018238524807353414,0.03457672672894074,0
0.5592224,0.080843285,1.5945997,0.9605988412953373,0.9988112435751212,1
0.1561195,0.085652865,2.3377247,0.2197271093689694,0.3595389452718233,0
0.85103536,0.05453775,0.987807,0.8127843299083292,0.9905719622481484,0
1.1963649e-05,0.0015937329,1.2881864,0.0007916641440651416,0.03374621749665043,0
0.030113412,0.03248317,2.1092746,0.2231148962265525,0.34829693187995253,0
0.92992663,0.042323194,2.2275746,0.9083403715804254,0.9984239985440874,1
1.5386531e-05,0.001399629,1.2594371,0.0005828559013314974,0.032846303421334176,0
0.3735107,0.064282335,1.0198191,0.3069226168200926,0.37989173988753283,0
0.07565408,0.058837846,1.330074,0.0010887477972250544,0.03560610330710501,0
0.51694036,0.06547438,1.5946428,0.2047741855878863,0.26480010721949215,0
0.00019869431,0.007662413,1.6035483,0.0010496640438248175,0.04195713565086038,0
0.94199735,0.10040587,4.710721,0.4919882043819358,0.9270714224571127,0
0.39632827,0.09298422,2.4445035,0.2514300262777675,0.44527568594101385,0
9.089509e-05,0.003907799,1.5489475,0.00037122109743198937,0.040379720591205065,0
0.71436024,0.1198894,1.2526628,0.6777567419167805,0.9733407532909206,0
0.6383821,0.056043122,1.6406066,0.27839482111632696,0.4398688729193149,0
0.00010551747,0.017492915,1.215852,0.000141352558866552,0.03155539622140104,0
5.3339672e-06,0.0016136891,1.1226662,0.007087413983027182,0.03057833281561384,0
3.0873605e-05,0.008037358,1.6812309,0.004258532714203045,0.045073353541783295,0
0.00923971,0.035416447,5.0,0.02559234036716556,0.0951075398445969,0
0.0002535061,0.005910852,5.0,0.010825321401117426,0.08221955107075489,0
0.027825112,0.03388243,2.0850987,0.07411362239144846,0.1032170279856225,0
0.42125908,0.10590091,1.1673458,0.26349780811097073,0.3223823979122517,0
6.344379e-05,0.0015087953,1.4018111,0.00733440444194817,0.03931628829793492,0
0.00026174524,0.0029808888,3.0717182,0.004596198048152071,0.06538753791694604,0
0.854369,0.13860065,2.9755914,0.946212302873841,0.9991153819879012,1
0.13142163,0.09522214,5.0,0.025902925889891768,0.09697598987053835,0
0.6972871,0.060853902,1.9369259,0.9619777525287987,0.9989985271793913,1
0.01114641,0.027696831,3.9483588,0.0007299455630096394,0.06995923496880263,0
0.009583053,0.025632586,3.9887567,0.009302454940621964,0.07611918930437606,0
0.10889005,0.21736532,1.2433175,0.0012234221032042067,0.03458047404507542,0
0.078159854,0.11041983,3.8615825,0.1462424692859429,0.253583438670984,0
2.6874227e-06,0.0007973739,1.2273201,0.00013047136996077475,0.0317519153875712,0
0.65127325,0.10930793,1.1498722,0.06871456095190354,0.05981034507501551,0
0.008601613,0.0130854845,5.0,0.13398353797591905,0.24092287134185703,0
0.9557347,0.03915488,1.09649,0.9640149392779677,0.9982533691609103,1
0.56272656,0.16199821,1.3887905,0.026240915073560276,0.04929278417013325,0
0.005731882,0.027378248,5.0,0.009027615886930873,0.08129024633259492,0
0.458536,0.08384334,1.3208144,0.43865248568610127,0.7671394325512062,0
0.0004709696,0.006010311,5.0,0.0018248318490500155,0.07552079087473326,0
0.64338857,0.11386415,1.1558561,0.8741906742941755,0.9959778229776279,1
0.0869328,0.07581597,2.374543,0.025328268040925247,0.07144389601858185,0
2.5615323e-05,0.0009645663,1.7452797,0.004336195337389903,0.04640733779264608,0
1.909194e-05,0.0024813323,5.0,0.0003030728825163108,0.07437046288186407,0
0.29578826,0.07846711,2.3719394,0.1428288859879002,0.20473436454855365,0
0.24573018,0.09114787,1.3965299,0.09500277949766665,0.09341277855721253,0
0.9999739,0.00021924412,1.001759,0.9998969904406175,0.9986149206983725,1
0.040333606,0.06063404,1.5504762,0.009882967659737523,0.04507082238076408,0
5.871101e-05,0.0025998284,5.0,0.005199890360213694,0.0779040560668976,0
0.67621946,0.06443085,1.4463043,0.4950854866032139,0.8657600363578117,0
0.14367943,0.059623294,3.359612,0.21719685475282596,0.39614607769081017,0
0.3371157,0.07854991,1.5942758,0.20368952544705224,0.26282580064151123,0
0.0060459347,0.023064252,5.0,0.017070963940194674,0.08757044277859984,0
0.0008451471,0.0041702096,5.0,0.005922431282526424,0.0784703299169224,0
0.5606816,0.11113481,3.9292715,0.8404537072118882,0.9976522792618373,1
2.8710621e-05,0.0022723414,1.1379043,0.0009377929212828137,0.029257159786738325,0
0.42286336,0.06235099,1.3667516,0.679525660326824,0.9756978669125334,1
4.1509324e-05,0.0013475127,5.0,0.0021424111332432895,0.07565717898471297,0
0.0038610224,0.019416448,1.5950297,0.0044857934698807455,0.0433334617729329,0
1.18387115e-05,0.1260392,1.0490445,0.011644832730675292,0.03029772922241994,0
0.7621013,0.05211452,1.2351916,0.5228899417340285,0.8781479374513783,0
0.54136556,0.08053247,1.277545,0.46327488489303215,0.8033923947023386,0
0.023681117,0.02776006,3.6319413,0.05323827643725006,0.11097664311928854,0
0.048592467,0.055039644,2.2107196,0.14600980190034898,0.2011733221722141,0
7.7007484e-05,0.0012547229,1.596643,0.004926815359178137,0.0433472736516286,0
0.06855037,0.032978706,5.0,0.06636003252922387,0.13768510814185056,0
0.15138263,0.10320317,1.7758228,0.27447261222691255,0.4481866244330091,0
0.6064367,0.08024691,1.4070337,0.9468186529026192,0.998455167851856,1
8.571344e-05,0.0016948698,1.7970628,0.0051411850094072835,0.047865340243343296,0
0.007880795,0.051731672,1.2468008,0.0057030889790671445,0.034636658362791214,0
0.34765306,0.1118273,5.0,0.1197011490142573,0.22064573164681708,0
0.101979375,0.03252756,5.0,0.0525628632579466,0.12176849704217325,0
1.1048212e-05,0.002801249,5.0,0.00011862709341100028,0.07424649103671904,0
0.03539318,0.035987668,1.385756,0.01572961600729034,0.04262097234378826,0
6.607501e-05,0.0037279774,3.4621265,0.0031396725366476313,0.06778940304434013,0
0.0004253614,0.0035740498,1.4346474,0.0005201177328289667,0.037631429116552734,0
0.1927236,0.1060673,1.3316039,0.05890025096977582,0.06355523820115092,0
4.7658825e-05,0.006847456,1.9461805,0.00022018131634660626,0.04845985761331954,0
0.12061658,0.081783295,1.1363674,0.333909388640012,0.4835868411629915,0
0.015568695,0.017931059,1.3501915,0.05998573062213374,0.06350632010114404,0
0.999992,0.0001636976,0.8070188,0.999574957148128,0.9980286317628907,1
0.24402621,0.118632026,1.2245092,0.20529172354950445,0.21747866389271256,0
7.262439e-05,0.006881829,2.2217486,0.013519141113096034,0.06018220264973714,0
5.9570475e-06,0.012209564,5.0,0.0030093750535209597,0.07649459451505579,0
0.03822863,0.07516294,5.0,0.010123935482286246,0.08317668071890122,0
0.84308726,0.14041999,1.1822412,0.9524892633644019,0.9982614598989159,1
0.62332106,0.09302412,1.0844495,0.2928738230682796,0.3687350767764411,0
0.011286397,0.025866115,3.283111,0.001119390085011979,0.06547025350026763,0
0.16520292,0.026973601,5.0,0.7311047974264561,0.9931802545871791,1
0.033003125,0.06760543,2.8935757,0.011143351428449496,0.06892243684781582,0
0.98645383,0.022968132,1.9696593,0.9937411903410038,0.9992809630662814,1
0.00025401154,0.026869932,2.0406792,6.481351616876724e-05,0.05027024268875847,0
0.15108377,0.14581975,5.0,0.02324722789861343,0.09585487433957472,0
0.54048735,0.25956398,1.393287,0.006650365518026937,0.04188421417066032,0
0.00301841,0.01134534,4.762106,0.04720699844924671,0.11380060252271054,0
0.008734048,0.019272832,5.0,0.01653162288119739,0.08704856724245255,0
0.030377954,0.045849834,5.0,0.004496180893011429,0.07828178565633342,0
0.06637626,0.050877005,2.9071815,0.07239118561471822,0.12161843107433502,0
2.0169316e-05,0.00060058135,1.7955452,0.0002717565587657256,0.04559744625283454,0
0.97811973,0.040562537,2.1709318,0.9876538094319967,0.9992886858551662,1
0.39367715,0.12176193,1.7389848,0.570473839716606,0.9436547554283954,0
0.0021357038,0.0078088986,4.7607455,0.007771766058456246,0.07886021960182785,0
1.7309478e-05,0.0022898626,3.7910194,0.006187302661958133,0.07216692088964381,0
0.0060977703,0.016763551,1.2112367,0.02587018421212414,0.04051172416736619,0
1.1795224e-05,0.00079923455,5.0,0.0002022214121387543,0.07426708695992137,0
0.5126476,0.10933574,2.1553183,0.03754465381724699,0.07680710078547259,0
6.542002e-05,0.011060729,1.3617406,0.002082010493767669,0.036343359976957604,0
0.18763375,0.18881461,2.5824237,0.01912050094378951,0.07268054001373488,0
8.479503e-05,0.0018981284,1.5994189,0.00018288720804367206,0.041444209171462326,0
0.21747325,0.06863752,1.068287,0.16175009355200143,0.1284412677025806,0
0.13623065,0.08177164,2.3277307,0.5183075229546908,0.9227391015014009,0
3.8515045e-05,0.008218172,1.9661385,0.003945435133857082,0.05063341358380955,0
0.17023145,0.026483262,5.0,0.0425935170225357,0.11117894890506033,0
1.1687463e-05,0.0012110705,5.0,0.006855433766556986,0.0791040304134082,0
0.017031932,0.04321504,3.0045683,0.0033462509078849203,0.06466045217258325,0
0.00018741837,0.005555642,1.7117752,0.007894501875885028,0.047366343581036814,0
0.8520749,0.14759496,1.2049583,0.9141128487437709,0.9974895461758022,0
0.00015953103,0.00072725443,3.7081432,0.0006664149874759347,0.06789490358562703,0
0.7915533,0.06335768,1.2375737,0.8278110970928758,0.9939844582295684,0
1.1808009e-05,0.008099101,1.4587598,0.0012196085689766874,0.03855398204728065,0
0.04299052,0.064334705,1.0690976,0.06505091252449924,0.05171522673760712,0
0.015699891,0.02438238,5.0,0.027660330895556633,0.09668724606674176,0
0.052912824,0.042321194,5.0,0.018662303441271465,0.08937077005422625,0
0.00027580978,0.0033143547,2.0758975,0.00046080805157399903,0.050729996468598826,0
0.45340934,0.09260389,2.6391077,0.09847598634052408,0.14885865459184627,0
0.83959705,0.1346409,1.4624485,0.3072373121050082,0.49268618106237794,0
0.3384782,0.0893799,1.3334584,0.46678284004268283,0.8162277026567013,0
0.07971823,0.09791828,2.1746929,0.02815395663838071,0.07004752954546357,0
0.38188806,0.04985638,1.0350026,0.21767562394610512,0.19971041462015943,0
0.0116043715,0.10657961,1.4989785,0.0024002131966872524,0.04109345478834669,0
3.7857397e-05,0.0060584573,1.2721907,0.000141352558866552,0.033112411773668256,0
0.53653914,0.06214157,2.3702343,0.1374549595303386,0.19564500449122643,0
0.8518927,0.059680246,2.4075897,0.9501800909188016,0.9990257439522746,1
3.0509986e-07,0.0062303008,5.0,0.0009375459613355479,0.074891839364438,0
0.00013292793,0.0029464616,1.2988938,0.0006568632304251475,0.034017928118764675,0
0.0031449997,0.019746339,2.122562,0.00020933849840606807,0.051576247793548725,0
0.2936118,0.08560734,1.3765478,0.07164872486713314,0.07391013510421068,0
0.21737848,0.08647491,5.0,0.38787100494770366,0.8144166529970325,0
0.38503635,0.19591479,2.522227,0.032009177110923936,0.08144971638535976,0
5.118731e-05,0.0033950885,1.0270289,0.001178291043274475,0.025653106913650026,0
0.01111711,0.06952179,1.1168283,0.004903562200754918,0.03028042945254075,0
1.3795222e-05,0.0043379515,1.2703553,0.008882075597230801,0.03603097692437744,0
0.00014849358,0.010892614,5.0,0.001547961502103634,0.07541726921199106,0
7.854715e-06,0.0006285942,1.4927456,0.01497203885769688,0.0450126833130739,0
1.7996368e-05,0.00091474544,5.0,0.0096790498479574,0.08123283331716312,0
0.67576236,0.07202588,1.0241094,0.8545205575118154,0.9941600660421815,1
0.07850413,0.07179409,2.5640626,0.3066137565189631,0.5898915563353306,0
0.39427814,0.14188524,1.2396278,0.04200030907441805,0.0506069818038688,0
0.07622471,0.08748337,1.2218252,0.06473659348424134,0.06092673826961705,0
0.00010565803,0.0021244923,1.1446463,0.00041127805406199756,0.029316500155071777,0
6.5376435e-06,0.0008170713,1.6081913,0.03137329528984,0.05643337048287648,0
0.7002791,0.07941325,1.1393338,0.9707415261473276,0.998460643647343,0
0.015903587,0.059463892,5.0,0.0017854705465773716,0.07655320710892248,0
4.7803237e-06,0.00050222955,1.2209358,0.00013047136996077475,0.031559508992732854,0
0.7246276,0.19271773,3.4477506,0.0785053731985336,0.14337690361587457,0
0.70218456,0.10176298,1.1553587,0.9071287711159519,0.9971184353784011,1
0.61297923,0.03491181,1.1621802,0.6560477328264811,0.9630155271386936,0
0.6659764,0.07748159,1.3762541,0.3243646448215061,0.5164404313744873,0
0.034222074,0.04622121,1.1957718,0.029160937418903684,0.0415667181069449,0
0.0010057071,0.0183393,2.099198,0.04006109096123966,0.07507963706431577,0
0.45228118,0.09712748,1.4073575,0.4432723087496849,0.7876646233131821,0
0.062027425,0.060353998,3.2666,0.27580418263455525,0.5414418055384693,0
5.825076e-05,0.008959006,1.3679856,0.000475189838702226,0.035918946328148314,0
9.8356984e-05,0.0031807523,1.4382119,0.00018288720804367206,0.03759305566987644,0
0.06297259,0.065492176,1.0463384,0.021265445036632864,0.032708991642565514,0
0.6973796,0.044666294,1.1551175,0.9357059016525142,0.9978136369189453,1
0.94019735,0.02808626,1.2568866,0.25379721336694444,0.31688884069296364,0
4.069489e-05,0.0007646104,1.3127165,0.036840429863102445,0.04907597523155768,0
0.029860832,0.042502455,5.0,0.015207585307655636,0.08650840620631806,0
0.73897755,0.14580642,1.3917134,0.9239711520974337,0.9980650364019787,1
0.014400212,0.027458288,1.3676393,0.02329908180993405,0.04518289694466375,0
0.0028352195,0.013834986,1.6867146,0.03482792138211822,0.06091483225622913,0
0.13628922,0.09054937,4.1547055,0.02179494098885396,0.08836161508611438,0
5.7909852e-05,0.0006689841,5.0,0.0008323179788436194,0.07471003722542262,0
0.00011678607,0.016060874,5.0,0.00021131303928270575,0.07456636254845006,0
1.7512475e-05,0.004659751,1.2177687,0.00045209748901412893,0.0316010616634479,0
0.8990416,0.056165334,1.1731054,0.9832224574918582,0.9986892261565905,1
0.00023872372,0.032526877,1.2272123,0.012153036493009946,0.03607115606871372,0
0.33318874,0.11185828,1.2172253,0.2302428715797055,0.26262997860831866,0
2.602336e-05,0.00042927897,1.3262881,0.000141352558866552,0.03458543615737409,0
0.28133452,0.18800962,1.1368989,0.06843335153383062,0.0597829768557645,0
0.7686729,0.037575398,1.0516306,0.6277989974736294,0.9448665386657699,0
0.099189684,0.07680579,1.4068639,0.027364102327875967,0.049052462020876875,0
0.006199817,0.01605954,3.5126905,0.03893855449353743,0.09582334394745763,0
0.7915533,0.05766926,1.2375737,0.8278110970928758,0.9939749783328975,0
0.07982823,0.07038772,1.0162805,0.044475110608048034,0.03960579527795088,0
4.683342e-06,0.0006600632,1.264324,0.000141352558866552,0.0328376981870052,0
1.5494643e-05,0.00015163215,1.326054,0.000141352558866552,0.034576386294413286,0
0.0015105307,0.0242976,1.8637341,0.0003319308004283923,0.04722886029445507,0
1.0806949e-05,0.0005006526,1.3142954,0.00023457065651010092,0.0342852661265819,0
0.58973575,0.087945275,1.4436848,0.662483684513782,0.9729846005090831,0
0.022778943,0.026790313,3.3324115,0.001251442831924036,0.06598123898388392,0
0.64211786,0.09598649,1.5729581,0.848930407851792,0.9962470698806761,0
0.21501632,0.12603505,1.3097483,0.5329503611978919,0.896435028146522,0
0.6731098,0.054842107,1.6121725,0.8912660349269856,0.9975931018552678,1
0.00016565861,0.0009771802,2.008364,0.0007269268079186461,0.0497057235175939,0
0.009484315,0.030852346,5.0,0.010702869150446801,0.08265960986085252,0
0.02371061,0.02668499,5.0,0.024727009051732706,0.09415608215690434,0
0.42644188,0.092163585,5.0,0.8715916747097476,0.9984114587836749,1
0.9946642,0.021682832,0.92792803,0.9998487053659746,0.9984540013522174,1
0.00025776768,0.0032451353,2.0949812,0.00020933849840606807,0.05091244446742518,0
0.7198407,0.06795865,1.1871275,0.3761538767382762,0.605059960183397,0
0.8413524,0.053025357,2.067529,0.45159988270435425,0.8480320911578288,0
0.34701315,0.09142238,1.1137724,0.44959407464275425,0.7503279166623255,0
0.00799312,0.029471666,5.0,0.012968226434007262,0.08440679225746393,0
0.022933062,0.017954754,2.3984282,0.096404374995429,0.13624628388220578,0
0.29009822,0.086285144,1.5926448,0.15124271170010575,0.17242564910433894,0
0.81444323,0.098350324,1.6072905,0.6197064295343218,0.9628109627761654,0
0.45474756,0.15923102,4.249101,0.9377304270219278,0.9991666254505354,1
0.71588176,0.042230636,1.4645714,0.40913458931668534,0.7290024881539742,0
0.0002359326,0.0030079482,1.0670717,0.0003212179579263297,0.02678220143057008,0
0.21401842,0.07304873,1.1679825,0.36401354730165936,0.5686852371343866,0
0.9528929,0.072375886,1.2514235,0.9773228299523294,0.998718134447087,1
0.7967662,0.04991157,1.0085652,0.8962324351735479,0.9960830007942635,1
0.71612036,0.07207724,1.3411549,0.6797203284800493,0.9754222014548043,1
2.3833241e-05,0.00043115663,1.32194,0.0002107857074638599,0.03448895529821046,0
0.7108004,0.069819346,1.3272457,0.9638910181073385,0.9986178889068447,1
0.8216172,0.04148671,1.5600663,0.9795920162450614,0.9989941095878135,1
0.0132436305,0.028379694,3.5119827,0.05070145520315978,0.10712399697770583,0
0.6737409,0.055901308,1.3106685,0.7791484851501012,0.9907168388330384,1
0.9672125,0.028166275,1.9946179,0.9875771675771234,0.9992420192272492,1
5.5292835e-06,0.0010828365,1.5318325,0.00015178059840798827,0.039858850175086086,0
0.7583751,0.06630795,3.287534,0.9326073574538403,0.9990080833418552,1
0.7494865,0.060344607,1.0271231,0.8044488625048785,0.9902981242960314,0
0.17096052,0.02915257,5.0,0.06257709751382388,0.13318388320708516,0
0.040027857,0.04420127,5.0,0.022604369508430776,0.09274454069838368,0
5.774893e-05,0.003537104,1.2641602,0.000141352558866552,0.03285844330468407,0
0.009851778,0.05275384,3.01192,0.01454267793120044,0.07221070411377281,0
0.0066430727,0.021709401,1.1971892,0.025365681615840813,0.03982265636923866,0
0.00010110545,0.0022229326,2.0651586,0.0034117278859487313,0.052012039493485616,0
0.40423122,0.080875926,1.3226544,0.6815086393245215,0.9754540607810851,0
0.6112656,0.080112174,1.299091,0.7541884466630782,0.9879942412110657,0
0.00029332502,0.0017502967,1.3057388,0.0004661105774653685,0.03413581019952026,0
0.4724391,0.12544665,2.1498363,0.13717870885219444,0.18805291284500622,0
0.7710308,0.038271822,1.1865816,0.9652345300881882,0.9984356423486439,1
0.28526616,0.09439047,1.1601986,0.3289272561441858,0.47883706411298393,0
0.29974276,0.082131244,1.0065618,0.2920159906146186,0.3412613281187958,0
0.08890022,0.15059273,0.9942417,0.5906612724092921,0.917040618061294,0
0.004945791,0.0135182105,1.1824224,0.024563311954825993,0.038851539174549324,0
0.16240108,0.11442146,1.1807352,0.8423514398355783,0.9945434762157389,1
0.4950088,0.08619638,1.2796321,0.17054035262046072,0.16921813554241438,0
0.8897886,0.026867036,1.4446476,0.9656826833198856,0.9987466230448562,1
0.0004117511,0.0043576113,1.0539281,0.00042134885876924164,0.026378888407927063,0
0.999974,0.00027416102,0.9351915,0.9999254012263936,0.9984648719228822,1
5.2977484e-05,0.002595726,1.2596622,0.003386937994158931,0.03378967822929481,0
1.92383e-05,0.00040467718,1.7029967,0.0024765080449664608,0.04467284333107168,0
4.117551e-05,0.009588428,1.9191073,0.0024525174798481542,0.049068137150790433,0
1.2989056e-05,0.0024110381,5.0,0.0001972370787437766,0.07429444011445965,0
0.00245065,0.011059692,1.2032349,0.04790349722010929,0.04980708993794724,0
0.00027127226,0.0051985993,1.521849,0.01573630132682901,0.046220291564139857,0
0.12859024,0.08033753,1.723128,0.03868713373173088,0.06553496428867314,0
0.0010620189,0.01087508,1.0598084,0.00042134885876924164,0.026623421774086796,0
8.205762e-06,0.0015502374,1.1133591,0.00014766270985705075,0.028238883829256645,0
0.25687027,0.07704398,1.8415868,0.3714014959455636,0.6919567737475226,0
0.55076265,0.0571938,1.628753,0.7285627270718732,0.987467891822379,1
4.2068514e-05,0.0049390784,2.3609,0.008703098199310803,0.05954334725973769,0
0.0004421097,0.014992079,1.1240467,0.01650263184680127,0.03374664883136083,0
0.020398034,0.030769227,1.554062,0.21267705290301778,0.2728038153148279,0
0.88234633,0.025711525,1.3545817,0.9671762899363898,0.9986797739109623,1
0.00064051506,0.005729907,5.0,0.0064193335608921254,0.07887090788342346,0
0.68863183,0.12489877,1.7446486,0.9266548798386515,0.9984655975975836,1
0.12832262,0.14142878,1.4097651,0.07036767531410762,0.07564125548752003,0
2.5155754e-05,0.0024421287,1.2803044,0.001186876087415054,0.033659596358939656,0
0.9994468,0.07940906,1.7548254,0.9989820820868972,0.999265908096978,1
1.9303172e-05,0.008176693,1.0566758,0.00010367030994735455,0.02641456451495968,0
0.43819025,0.043212753,1.033512,0.5173293652299495,0.8430830013929983,0
0.6043678,0.09495271,0.9983196,0.35524715439189714,0.4966281225178476,0
0.3323298,0.10197246,1.660553,0.06630091178296892,0.08338533247448482,0
0.0017904013,0.0064136474,5.0,0.004183253481753343,0.07723587728718667,0
0.008816278,0.020128375,1.1913259,0.034162027102290486,0.04315369179941802,0
0.566895,0.070438154,1.2635524,0.1595015113755607,0.15158465438677465,0
2.2354303e-05,0.0028684195,3.5916276,0.001005983890436662,0.06734990793861942,0
0.01888979,0.029950242,2.6823337,0.1350387355215723,0.20049077385995892,0
0.047378544,0.035856236,5.0,0.024862282988531714,0.0945206488289023,0
0.4864265,0.16825189,2.7176082,0.007009104135931402,0.06635871470209938,0
0.15030675,0.09998861,5.0,0.005826268078861542,0.08050109714066851,0
0.0116026485,0.017163442,5.0,0.0004490730231480396,0.07476694104008136,0
0.6197316,0.14483994,0.98391473,0.969549279269305,0.9981266554622502,1
0.19194047,0.06269307,1.2055703,0.24380611864663596,0.284865187022553,0
0.0001141999,0.0018322737,1.5094572,0.004673781322129756,0.041121691721389124,0
0.41496956,0.071161926,1.381599,0.8578669005315618,0.9960693856052337,1
0.7223493,0.08353751,1.1452068,0.8080237261383754,0.9919531114051905,1
7.7751865e-05,0.016538208,1.3771874,0.00017382176709913267,0.03613156392064048,0
1.405683e-05,0.0006629851,1.0511366,0.007902907648808744,0.028292920285765882,0
0.6276046,0.085858785,2.522231,0.6115903207764565,0.9704799618643268,0
0.027430877,0.023579393,2.7249782,0.003954292410347322,0.061774355949047385,0
0.00467218,0.015586572,2.867345,0.05929928451646774,0.10630437738485927,0
0.7727961,0.061088704,1.0200855,0.8072902688875719,0.9904874342640547,1
2.373046e-05,0.0007851651,5.0,0.0096790498479574,0.08123014589302403,0
0.2797954,0.07470827,1.4203272,0.16237765886408026,0.17243265803608782,0
0.017566288,0.034936544,2.2096467,0.038077863204497873,0.0764193459596665,0
0.0048790392,0.013768878,3.498071,0.0007313348278590623,0.06669081937421126,0
0.99997616,0.0007560688,0.8249396,0.9997382178563298,0.9981076313808888,1
0.018686388,0.015393252,2.1983166,0.039725588270492246,0.07699133769382994,0
0.00025583612,0.0040744003,5.0,0.011652355875622095,0.08282287355370835,0
0.11371672,0.043057308,5.0,0.015156712994708891,0.08657063587587537,0
0.3274105,0.11399483,2.3136742,0.31277768214381774,0.5940012103674623,0
0.064938426,0.10127317,5.0,0.010013693971900283,0.0836743843455301,0
0.5046925,0.12227448,5.0,0.8746888839449367,0.9984755105487296,0
0.33466002,0.13539651,1.4139166,0.26653054284758154,0.38047852494369994,0
0.5500039,0.048375018,1.65219,0.1384091674679521,0.15786478194676506,0
0.18843052,0.036909387,5.0,0.06846409888677647,0.14059801326627985,0
0.05112433,0.036527064,5.0,0.0047871164429965024,0.07833031560175069,0
0.033120073,0.047375683,2.113108,0.00641440062099952,0.055040495874573485,0
0.6262732,0.050383806,1.2337419,0.6496625267232432,0.9634260148440998,0
0.60878974,0.1531277,1.731763,0.24796269189786216,0.38214457615909275,0
2.9586732e-05,0.0021335657,1.3135867,0.0010574304094076532,0.03456099225999889,0
0.29636613,0.11644926,1.5503081,0.5106319711027361,0.8909116651790534,0
0.5832465,0.032057114,1.1380775,0.7911642998121329,0.9902173478449183,0
0.45270866,0.065561034,1.8281357,0.8249488131773777,0.9957369708819863,1
0.984237,0.09749419,1.1727751,0.9816296412697841,0.9986839813336748,1
0.005107614,0.010385199,4.6975837,0.0018098147322335692,0.07430167757317871,0
0.5709943,0.12483943,1.856286,0.3684966552604326,0.6906980687965174,0
0.0264893,0.16985056,1.0902596,0.08237777733413001,0.06442363148038557,0
0.118506975,0.12117496,1.4067426,0.1938402038329102,0.2235596182861505,0
0.03459254,0.04486248,2.878727,0.045248416161672335,0.09427138578685244,0
0.0104585895,0.022546487,1.2547294,0.02402968544806243,0.04147120357700304,0
0.004388387,0.013216976,5.0,0.01769711165776342,0.08786293153641819,0
6.6298e-05,0.0015008679,1.3779523,0.0010510732756592788,0.03631985794909352,0
0.5961924,0.06529351,1.4178936,0.8524997815737557,0.9959613070774669,1
0.04888634,0.030008426,5.0,0.04570534455726125,0.11430161122268986,0
0.61275023,0.058010377,1.012556,0.8628454704917451,0.994522258414094,1
0.055900447,0.08333793,1.5194458,0.17919023755896263,0.20916057821306608,0
0.35594878,0.09139198,1.1879652,0.5711597655913717,0.9189751370156181,0
1.199557e-05,0.0013622544,5.0,0.00047843718666421584,0.07447284893463575,0
2.7987448e-05,0.0008229212,1.2224361,0.000141352558866552,0.03161036656779833,0
0.9801017,0.05035965,0.9455407,0.99968455664998,0.9985075278019365,1
2.1067994e-05,0.0023999682,1.6078265,0.0003070089900186496,0.041689827956609464,0
1.4888419e-05,0.0015315212,1.7103218,0.0024259199106831356,0.044820378104038876,0
6.4641717e-06,0.0021670675,1.3770595,0.006451876963371233,0.03829029559968638,0
0.000540533,0.011327181,1.1060619,0.0015415359144223156,0.02847049140130931,0
0.800304,0.15012139,1.1852609,0.9566701693573519,0.9983429952269031,1
0.00023302407,0.0010335172,1.5740541,0.00014155821461489597,0.04084018910119537,0
0.00019616281,0.11754087,1.011276,0.00011777183005159108,0.025624725544111295,0
5.243961e-05,0.012945765,5.0,0.008803491798566392,0.08081388245043382,0
0.0019988727,0.008118465,1.0784495,0.017256741563736213,0.03218950365815354,0
0.017680122,0.04353821,5.0,0.0002756879236272672,0.07515880466076043,0
1.0406235e-05,0.0004066265,2.8054395,0.00884413141967989,0.06525987900298606,0
0.037063297,0.07416269,5.0,0.031863111495375844,0.10180429343523437,0
0.47477373,0.043087926,1.095319,0.6606240342622829,0.9619660786962687,0
0.7323456,0.047033045,1.192736,0.9711692527165678,0.9985399118952509,1
0.02966593,0.04321776,1.316222,0.040219786883074565,0.05145444165971501,0
0.11223954,0.18231189,1.1139768,0.03299850456733999,0.04113237038279563,0
0.39549315,0.06453365,1.403092,0.2006291915527824,0.23324458469509488,0
0.09335132,0.040835053,2.5599515,0.15494563031031722,0.2313030113350078,0
5.056756e-06,0.00028785696,1.2797036,0.0005556486939612749,0.03341307830576519,0
0.5806789,0.036289923,1.10674,0.8943934301890286,0.9964623957192444,1
0.15531498,0.029463852,5.0,0.0338498240159609,0.10268092097025877,0
0.9994437,0.0038005232,1.0634732,0.9998617642997943,0.9987274611892797,1
1.1752949e-05,0.00054170995,5.0,0.00386283615030071,0.07688416302586694,0
0.8373707,0.10728312,1.2624959,0.9774440144613042,0.9987429375472091,1
4.3557146e-05,0.0025328947,5.0,0.0020405534312232547,0.07560724327403107,0
0.0007604166,0.010367429,1.3161652,0.0003289242637713694,0.034461091554146936,0
0.09663813,0.11740645,0.98617244,0.15919778120195544,0.11482344054802066,0
8.1373706e-05,0.013375828,1.3628445,0.004078061239451192,0.03712092971764839,0
0.40813565,0.0832722,1.000269,0.07781000675949618,0.054097248131029424,0
0.046923853,0.036517434,1.1736274,0.015204971946838883,0.03534646871666665,0
0.92620414,0.083652385,1.103092,0.014143267388395593,0.033199925091556455,0
0.4524408,0.06849511,1.4296921,0.8393811977439352,0.99541627413577,0
0.94477224,0.06714606,2.8812299,0.9573800212386196,0.9991832183065411,1
0.5481182,0.14759643,1.4441178,0.07632529759578818,0.08241479573637178,0
0.43888256,0.09417079,1.6074641,0.5646841947309946,0.9360415569496767,1
0.16456991,0.025460418,5.0,0.10996360464341093,0.19967513212583013,1
0.007729073,0.028235445,2.6794746,0.09427549809753921,0.1415576030096282,0
0.81950355,0.094696395,1.3023387,0.9628765355047006,0.9985858783001273,1
0.13623506,0.022916237,5.0,0.2620566407778469,0.5424201358207579,0
0.56106377,0.07191615,1.0665925,0.5256278138682958,0.860536885104055,0
0.60803187,0.0375138,1.2505335,0.4535057311326642,0.7810537635998406,0
1.4617786e-05,0.0003194402,2.2621138,0.005820225448846664,0.056390997865667314,0
0.97021556,0.041668043,1.0890667,0.9967971875828738,0.9987411764558485,1
0.042536948,0.09274253,3.5086951,0.011801201717976394,0.07576068344084572,0
0.011927525,0.043232676,5.0,0.0181685791999149,0.0889344729655339,0
0.16872913,0.024246069,5.0,0.009251265930958666,0.08156435292977997,0
0.009755644,0.021066867,5.0,0.009728664221597717,0.08170089697600226,0
0.4447339,0.047393046,1.0290745,0.5875304460064001,0.9165490119478699,0
0.9998913,0.0009929881,0.94622326,0.9999468953500259,0.9984930370631249,1
0.15912543,0.14986159,1.6403325,0.13072488251342781,0.14976153805615625,0
0.9994709,0.009172954,1.4677713,0.9978669664481175,0.9991097391103851,1
0.72957754,0.056107026,1.3690052,0.9365149821250962,0.9982245258266508,1
0.4871608,0.124961436,3.336707,0.008949429292143363,0.07331156691644672,0
0.0019970739,0.004179617,5.0,0.01222697261915802,0.08327561257033206,0
0.17064688,0.07882924,1.1980916,0.05667041563598191,0.05506440904373019,0
0.00023118594,0.0039051282,1.0619502,0.00042134885876924164,0.026644536521914883,0
0.11440367,0.03330453,5.0,0.030618956573654137,0.09971394253016103,0
0.42981464,0.10007392,1.4419788,0.6638292551363218,0.9733445134088947,0
2.289399e-05,0.0034891777,1.3336333,0.0007411347263672884,0.03502348363959742,0
0.83056545,0.039657995,1.002627,0.959992546688753,0.9979366363730523,1
0.009255211,0.031420097,1.6772215,0.04076265153972761,0.06449674400510684,0
0.13600102,0.08083292,2.0872192,0.24525582041817381,0.40326748230789944,0
2.620718e-05,0.006276531,5.0,0.0004774007412327879,0.07456651717853993,0
0.0015508279,0.011055704,5.0,0.015249439935928175,0.08582192386960222,0
0.99830496,0.018161943,0.91071075,0.9998521392238033,0.9984061694159985,1
0.0004954174,0.006674145,5.0,1.0083975998147207e-05,0.07424458598043908,0
0.78972155,0.07554013,2.829453,0.6917582698574503,0.9875890651437079,0
0.036767956,0.034301545,5.0,0.009597805240893795,0.08190488721427301,0
0.68653697,0.08951898,1.349732,0.4659044148249073,0.8175693114973197,0
0.3440208,0.115141496,1.0115609,0.06842475982761559,0.050528361101643667,0
0.6915298,0.059835806,2.025716,0.9618456699826575,0.9990292468260855,1
0.001312057,0.004932358,5.0,0.007225766271739628,0.07945817049908052,0
0.056979,0.12126172,1.8310068,0.03849327506736857,0.06918658305487277,0
0.6677834,0.14015345,1.4220514,0.9565635484103532,0.9986410135302087,1
0.00027507264,0.0067051174,1.8142605,0.0006180258819347911,0.0461932921519104,0
0.9080918,0.02723741,1.4247528,0.9832305872256225,0.9989383742908151,1
0.0007803229,0.01848817,1.3700117,0.0028619027458303224,0.036926429172883996,0
0.11937346,0.056058872,2.0138242,0.0020497736694507474,0.05126390938239585,0
0.5698008,0.049127776,1.0397263,0.7740605862715203,0.9869477527214762,0
3.4885763e-06,0.00020274923,2.662935,0.0025561674481350376,0.059852274658941176,0
0.9422276,0.05603108,3.6938002,0.608800877530021,0.9744934313961144,0
0.065375924,0.08716249,1.412389,0.04344605246413157,0.05769233101659931,0
0.8791898,0.0628155,1.1853604,0.9812595001993355,0.9986816975343811,1
0.5364131,0.062803455,1.2374676,0.4828046180490696,0.8272155206705843,0
0.006830298,0.021068221,1.9920284,0.009717743582230655,0.05423270395143256,0
1.355728e-05,0.012858068,1.2753367,0.001970039084711823,0.03387190218852091,0
1.4031718e-05,0.00029397305,1.4091002,0.00018288720804367206,0.03681609019306363,0
0.7386313,0.043170437,1.0614841,0.9110551620468884,0.9968578008782039,1
0.07009569,0.067338005,2.8383043,0.017381731101452715,0.07251095051302368,0
0.93987256,0.057367343,2.1282465,0.9731650953714331,0.9991671658361091,1
0.014855879,0.027381947,5.0,0.027068884970830074,0.09623049128569125,0
0.509874,0.11746171,1.180308,0.31063707338104324,0.43994740583519454,0
0.0040642098,0.009676483,3.3109064,0.001439676364200892,0.06561687310649786,0
0.8377131,0.14516939,1.3397087,0.04246819568120211,0.05560369323317798,0
0.044569932,0.05155874,2.8928194,0.013149422126909211,0.06996466568538826,0
0.022887569,0.022479571,5.0,0.01591179784271359,0.08663085490333002,0
0.11409149,0.096968934,1.6486853,0.06775777209622545,0.08370980677115064,0
3.1979725e-06,0.0025451658,1.1116683,0.00014766270985705075,0.02819201777877243,0
0.15008771,0.13997589,2.1412616,0.0024971458842034553,0.05484730635084897,0
0.0032747546,0.010737942,1.2483215,0.014227010536029875,0.037317918855677784,0
0.5512367,0.113273345,1.1384765,0.22774288906947945,0.2428336816220182,0
0.049449965,0.14499676,2.5702007,0.011389059204984587,0.0664662380914434,0
0.3562086,0.07230843,1.1437981,0.22870279422103643,0.24314478898410358,0
3.2634103e-05,0.0005947201,1.3387395,0.0009400186135632069,0.03520616439153549,0
9.233181e-05,0.022763303,1.5525128,0.006746649886853927,0.04329609244571142,0
0.059875246,0.048205763,3.7598493,0.05887535453241656,0.11886822401982014,0
0.3206428,0.08149041,1.0507903,0.10560235329487995,0.0752856203887866,0
0.08686144,0.065649286,1.0412444,0.08426531854259266,0.06023964581942455,0
3.2160086e-05,0.0038887395,2.5211523,0.004396894171340989,0.059247178289831504,0
0.08582618,0.062644206,1.7459229,0.08768392089534964,0.10437868600127764,0
0.8986985,0.03668165,1.425526,0.9488459503917952,0.9984948806634004,1
0.014740326,0.03265429,5.0,0.015925934718074096,0.0868579314827136,0
0.00033895485,0.014655951,5.0,0.004190441383641658,0.07740346973876013,0
3.9405968e-05,0.0018495489,1.2816399,0.0006420395453686018,0.03351132729018644,0
0.08168465,0.110949,2.0150447,0.03195944999112052,0.06937988555325889,0
0.41969362,0.07366626,1.0687166,0.6913156196893497,0.9712492048371247,0
0.10765496,0.059791762,1.1686668,0.017463974338913533,0.036216627516975235,0
0.999946,0.00070124725,0.7938192,0.9993103828556689,0.9979635978917261,1
1.6962484e-05,0.0054769665,1.1016792,0.009407027543140304,0.030583928985532683,0
0.03602268,0.024643652,2.1841824,0.05108549013867258,0.08557282367387599,0
0.0015975746,0.0063806395,3.139511,0.010479448022911796,0.0698959369261377,0
0.006578824,0.028193427,1.1422665,0.02251842283025055,0.0366689228526411,0
0.41689688,0.101939954,1.2300801,0.8151153805053285,0.9931431570755008,0
0.020321557,0.040735546,5.0,0.003977785985550988,0.07778693556356872,0
5.0518145e-05,0.0022803792,1.9663439,0.00957067813240279,0.05339928510820249,0
0.0005995253,0.0062975786,3.0655553,0.007034748886852376,0.06693084598738222,0
0.00044142434,0.0018471042,1.6553906,0.0008780262982501151,0.04297446258992889,0
0.15980606,0.094911814,1.6016465,0.058439717461519936,0.07485722073841822,0
0.0019098977,0.008887929,1.4043099,0.006345307753511656,0.03908218455279903,0
0.0018412538,0.007051422,1.0845016,0.02105423765395042,0.033659104618431614,0
6.675601e-06,0.0010978036,1.1224475,0.00011224083377055666,0.028516948224658757,0
4.8471946e-05,0.003810734,1.2922138,0.0011837945811485051,0.03401319296569727,0
0.0018383178,0.011937953,5.0,0.015339346414610988,0.08591388280527487,0
5.448682e-05,0.0011843395,1.5192271,0.002455963998433946,0.04046715026245265,0
0.93918973,0.060905784,1.3631865,0.9961529860722601,0.9990356663889642,1
0.033888873,0.03837269,5.0,0.024268561593658717,0.09404477717590595,0
2.8209317e-05,0.010772354,1.0776154,0.00010324581636707904,0.027129904407370526,0
4.7195063e-06,0.00056328403,5.0,0.0074994750033473626,0.07957321230487523,0
1.08822405e-05,0.00044414066,2.6816828,0.002798389612734357,0.06021161621681968,0
1.5329644e-05,0.008569256,4.181201,0.10322159259125883,0.1792595945222922,0
0.00016152176,0.0061188433,1.2140526,0.0005293433366613015,0.031526042670860274,0
0.18113956,0.07977598,2.3277454,0.002706617045340477,0.056969415493195535,0
0.030161968,0.03741082,1.618751,0.019355745508433657,0.05101242937664495,0
4.335954e-05,0.005729614,1.3804779,0.001041836698422822,0.03642546597951815,0
0.47740954,0.06336288,1.6055228,0.8849529146600617,0.9974221479588612,0
0.10099545,0.0362055,5.0,0.030618956573654137,0.09976991391408054,0
4.306187e-06,0.00046769387,1.3014487,0.004729539490572166,0.03546868123806837,0
2.5388952e-05,0.011371822,1.1786714,0.014004608605182158,0.034850161284338606,0
0.10517568,0.03228158,5.0,0.0525628632579466,0.12176587651855927,0
0.624833,0.148033,1.1116778,0.7434810379186365,0.9841859571842161,0
0.09664009,0.06356059,5.0,0.1367466377723708,0.2489863737482423,0
0.12848009,0.083274126,1.2412326,0.02457232254079059,0.04193078683083417,0
3.5172132e-05,0.0018572956,1.1539323,0.0001315544089576815,0.029524333366191462,0
0.34430915,0.07438833,1.2944832,0.23460303646964414,0.28360944297847895,0
0.0013556784,0.0060513956,5.0,0.009763070005908581,0.08140543941118944,0
3.0114927e-05,0.0005214833,5.0,0.00020933849840606807,0.07426680344116662,0
0.9384488,0.05779821,1.7158391,0.9882976211933757,0.9991596930964519,1
0.9412969,0.05135224,3.208501,0.9764207908105095,0.9993588379742022,1
0.39215085,0.07987182,1.7243001,0.8387812865979519,0.996129889971599,0
0.93628836,0.067740984,1.7340832,0.986524738312498,0.9991541975663871,1
0.42556623,0.14868546,1.9069983,0.03308912799461442,0.0684778419515558,0
0.60253966,0.053873055,1.2920057,0.5763213716465497,0.9290990921681099,0
0.111635454,0.031802483,5.0,0.04028689546930838,0.10892864586986747,0
0.7457207,0.047696162,1.1824707,0.9668521114748276,0.9984582848438279,1
0.0002190902,0.0009174269,5.0,0.0008893951002539087,0.07475544376648235,0
0.17940387,0.08285902,1.2516298,0.07966711716420388,0.07218106313072437,0
4.2872474e-05,0.006781346,5.0,0.01595954924930567,0.08629936097718703,0
0.13554527,0.11686769,1.2206244,0.0448333778496728,0.05061947306124903,0
0.87824684,0.05117853,1.6959999,0.970871561583959,0.998982752130144,1
0.007515797,0.01533699,1.4546137,0.004721840346050677,0.03987973846996754,0
6.147196e-05,0.0027597486,1.4999198,0.017961419961594633,0.046581585863709016,0
0.00092213973,0.005637551,1.3076223,0.0003116950157767644,0.03417248571783342,0
0.9577064,0.0321853,4.6011024,0.22010709792431346,0.43257093632592303,0
0.8980681,0.05083737,1.3267969,0.9782367614980344,0.9988030461151483,1
0.13610469,0.10800841,1.5058857,0.07980740549680719,0.08709161260400779,0
0.0025217684,0.008662513,1.4471844,0.0096075928398958,0.0415606644941846,0
0.6101304,0.07147799,2.111164,0.7183455608274503,0.9886919329337697,0
0.47143802,0.08094478,1.2428025,0.7235175353177472,0.9827648013034885,0
4.4531214e-05,0.0029859832,1.8044944,0.008053986872612313,0.04941813956386084,0
0.0019728802,0.012903085,2.0996575,0.0022344000374549164,0.05213526117286912,0
7.7212346e-05,0.004936179,1.4754454,0.00037363339469104125,0.03861769680934155,0
0.00013012756,0.007850251,5.0,0.0017158382888319797,0.07547822283503025,0
0.095098,0.07426574,2.7921817,0.06497981783043189,0.11235822906219138,0
3.2342745e-05,0.0014762055,5.0,0.0037099482478300102,0.07679144350671305,0
0.04040885,0.094551384,2.0201716,0.0351647165508069,0.07131307412243822,0
0.7863967,0.12981497,1.4980019,0.9204394538018889,0.998129811627966,1
0.017851112,0.022457285,5.0,0.026538963349769712,0.09564383697868444,0
0.1844601,0.05160009,5.0,0.06621068840387843,0.13830963942979807,0
0.8671086,0.034385398,1.3829836,0.9792605850952133,0.9988613688877602,1
1.4149201e-05,0.005124314,2.0090687,0.00042692668655522413,0.04962693480486094,0
0.37111533,0.22599523,3.3957376,0.07472279710463482,0.13843320356852828,0
0.31861076,0.09592171,1.1900526,0.36718470564249717,0.5841665999699908,0
0.12942041,0.086361855,2.5003474,0.10439275263772886,0.1519116750685641,0
0.0014408132,0.011762594,1.7878088,0.00582398181296902,0.04812283883165043,0
0.3382451,0.06475558,1.3655149,0.1515925606058637,0.15159710318212422,0
0.92245483,0.041723754,1.4634352,0.6902044257706136,0.9796377589519929,0
0.040667683,0.049626365,5.0,0.09357431373419292,0.17489106513383634,1
0.24072294,0.073788345,1.7334346,0.12674562776631876,0.148081297462812,0
0.00021934729,0.0018499318,2.818692,0.00020933849840606807,0.06022301571378369,0
0.55180025,0.06970383,1.2972159,0.44121692467774876,0.7677846543756076,0
0.19339819,0.049546942,1.4482734,0.1937339492802608,0.22523604970256852,0
0.19588485,0.08214447,5.0,0.4451071519288986,0.8873893484145365,0
0.71224564,0.03400347,1.0862988,0.8856901275289262,0.9960416975570411,0
0.8704489,0.07725726,1.6309112,0.9522851625245479,0.9987357344088779,1
0.51564795,0.17148684,0.97914654,0.8807469504667889,0.9953507801842277,1
0.025241908,0.04923576,1.1742309,0.018273000513815238,0.036571410169103126,0
0.00034590767,0.022687221,1.7848599,0.03526470435765457,0.06409668812901777,0
0.020566778,0.04466476,2.3128004,0.08566674916988064,0.12217829639845232,0
9.7721995e-06,0.00034562862,1.3332268,0.0019340322263577004,0.035397961999023446,0
0.001291404,0.0112551125,1.6744815,0.0004335351741840476,0.04330833656773442,0
0.7538155,0.054105457,1.3621767,0.5729386595374187,0.9307563345146806,0
0.0023615763,0.0065539675,1.8646702,0.009005874390343465,0.05117525733614969,0
0.99939966,0.0064074565,1.0001049,0.9999446436316398,0.9986146489027365,1
0.9796882,0.096698746,5.0,0.9262919288886751,0.999100801599552,1
0.9995956,0.0014745942,0.9608489,0.9998191500206801,0.9985260888112589,1
6.916615e-05,0.002543588,1.9135128,0.0024525174798481542,0.048873621337433046,0
0.17919648,0.024520127,5.0,0.06941762026207225,0.14134878847539764,0
0.154104,0.024966797,5.0,0.01450543257954129,0.08569219300917835,0
0.19657838,0.09458727,1.1910089,0.2969428676742956,0.40578767068861527,0
1.4426641e-05,0.0002915098,2.6638384,0.006201084550704652,0.062002433377715695,0
0.0001282945,0.005260957,1.3187512,0.0030680438728608503,0.03543305815139345,0
0.4834676,0.088120066,1.1808844,0.3560828110244473,0.5539583139832175,0
0.04227372,0.041064683,2.080649,0.02600940139124753,0.06571110552057,0
0.053739987,0.043373995,2.1725879,0.004847151871045513,0.05514133238431141,0
0.43601128,0.114110805,1.4515805,0.040258991200558196,0.0581135685312773,0
0.3417923,0.09011368,1.1913257,0.06018285702077614,0.056893853191297805,0
0.033878565,0.05648256,1.9632696,0.1531068999229177,0.19958309322848874,0
0.06799686,0.10036594,1.2089784,0.022601054406527887,0.04006214680839475,0
0.0015539991,0.08285664,1.2071627,0.03729690997833558,0.045941779478477704,0
2.7698374e-05,0.0016019134,1.1562853,0.00040819902201105784,0.02967741929966488,0
0.16289473,0.023260282,5.0,0.002488503467608131,0.07649310865385979,0
5.20214e-06,0.00012715142,2.9719436,0.0034433878312910816,0.06366667483380677,0
0.7422237,0.06184562,1.7394186,0.2656128515128279,0.4208302961331144,0
0.6713842,0.034840737,1.2093873,0.9118524521801423,0.9973541958336672,1
0.81020117,0.06143072,1.0256068,0.8513530824131132,0.9939742730168241,0
0.83081657,0.050891817,0.9576549,0.8840005500276188,0.9952136318408167,0
0.25824147,0.087573916,3.5536742,0.8955859599597309,0.9985965726155498,1
0.014371572,0.051706653,1.3000026,0.009377490345916006,0.03761148488267625,0
0.20490721,0.032209836,5.0,0.22896826867369627,0.4586807502168547,0
0.7485056,0.11543816,1.1460209,0.9668831308485542,0.998427367795641,1
0.72389024,0.052892968,1.0052962,0.3270700955542598,0.4249789257705996,0
6.422859e-05,0.0020232368,3.0211558,0.0012971385522856573,0.06286610005914268,0
0.62426704,0.10164535,1.3352753,0.1944840493561883,0.21547450644144267,0
0.48001435,0.14538074,1.6999383,0.6911177239266852,0.982772457444886,1
0.48608828,0.21475849,4.0297065,0.08287918541577413,0.15723907531813716,0
0.00040151033,0.004088349,1.1463763,0.00042836354779553936,0.029391806220637747,0
0.35977978,0.18759844,1.0976776,0.24289758616810586,0.266741218145897,0
0.1311168,0.10727937,1.313081,0.3100190363871659,0.46724656766372,0
0.50485396,0.055978734,1.016672,0.3343281146782249,0.4467234402193458,0
0.6347369,0.045787923,1.2959704,0.7324508054605748,0.9848646103150612,0
0.049641125,0.07641965,1.4601456,0.006127582889702607,0.04127299036978348,0
0.9998105,0.0047925804,0.8699358,0.9995798362916695,0.9982713662352298,1
0.01608154,0.05009815,1.3154294,0.061509258784776435,0.06327651798380228,0
1.09955e-05,0.0018337169,2.502034,0.003007852931655476,0.058184829090801776,0
0.6817345,0.07272978,1.4872553,0.28839587453929116,0.4439161259898474,0
1.5362835e-05,0.0006487102,1.3105434,0.000141352558866552,0.03415037692087385,0
0.0008747618,0.005968933,3.7419882,0.0014316289275327241,0.0687134375592439,0
0.8331075,0.07916076,1.2115428,0.894274134618095,0.9968855905396757,1
0.042946577,0.031987667,2.1227238,0.08112340222699516,0.1112472774036018,0
7.5027187e-06,0.0014159121,1.464209,0.0031471063249397086,0.039363125961582084,0
2.9716044e-05,0.009267696,1.0341283,0.03765603585627482,0.03726523069005657,0
0.00021775982,0.008710859,1.4998822,0.003345749229508832,0.04042361471191928,0
2.9081917e-05,0.00028368307,4.666204,0.0004563750732617997,0.07301603381908002,0
0.022703834,0.03257445,5.0,0.04287419447466258,0.11143054657612102,0
0.69010395,0.065586716,2.6240005,0.9699680142921148,0.9992426940277526,1
0.00012992263,0.012890843,1.2743454,0.0005364537753527135,0.03336587716841453,0
1.935578e-06,0.008695025,1.0635122,7.58375008201688e-05,0.02663932388646348,0
0.1563691,0.033005215,4.2208123,0.07767312614495037,0.14540350911470273,0
0.52397364,0.0734907,1.7007376,0.6537822551310971,0.9744697168946466,1
0.16127363,0.08388164,2.6877875,0.16487931393087496,0.2574672502034865,0
0.039702103,0.086213216,2.3592124,0.21487882434933764,0.34913121820991,0
0.9999287,0.00090992794,0.8359842,0.999018574686249,0.998137517081615,1
0.0011488907,0.050518416,1.1734573,0.3830557204680243,0.6149918486174609,0
0.77732736,0.17858742,1.1173376,0.11427473011151686,0.09083078734547287,0
0.6341876,0.039349336,1.058548,0.4150158057167154,0.6608653430583594,0
2.8485163e-05,0.0012547056,1.3450304,0.0010410959428494176,0.03542078087961183,0
0.0030621325,0.018211756,1.5982434,0.03247629071442989,0.05699878677975396,0
0.00042701,0.012439409,3.249729,0.0005437873192127713,0.0645983214759634,0
0.9998435,0.002507469,0.95400643,0.9999458862169087,0.998512393168362,1
0.87053967,0.04281313,5.0,0.8048176644834516,0.9968306016862997,0
6.2141394e-06,0.023407985,1.2238339,0.0043359572810552065,0.0331984144561964,0
3.475094e-05,0.0013066836,2.1123426,0.0015466614618938645,0.05183220310806623,0
0.641317,0.10883498,1.1541305,0.40238048313517927,0.6616819968474814,0
0.575036,0.1401672,1.7214863,0.05739016046271137,0.07990692526346352,0
0.5877734,0.054295626,1.196371,0.8113255680265393,0.9925535742444159,0
0.1653221,0.08807565,5.0,0.033529361947031135,0.10390119742605018,0
0.20322978,0.029807508,4.4041476,0.10453008718785166,0.1851799098526481,0
0.738648,0.18165374,1.4667346,0.2963806836558769,0.46854926282523673,0
0.038487036,0.08949234,1.3256494,0.2073456907935695,0.23510395815135013,0
0.47944415,0.05583525,1.0592908,0.37305939820598216,0.5598046769915069,0
0.013556039,0.04390545,2.639326,0.00819840318151891,0.06363567757901485,0
0.7923906,0.09232239,1.2594368,0.9738770997937211,0.9986862601976754,1
0.19635187,0.12199257,1.8724439,0.026863261698884776,0.06304378097217803,0
4.1118576e-05,0.002007499,5.0,0.004116003835774208,0.07709767412632251,0
0.09625774,0.05180926,1.437201,0.04159118111252397,0.0571151349477422,0
0.3100943,0.06823849,1.0750688,0.051916300560377826,0.04603333307881802,0
0.07662437,0.08901643,1.556638,0.037912528630662475,0.05986790578286425,0
0.0011157459,0.006191806,1.2700837,0.010512438110975596,0.0366262494557157,0
0.00012926695,0.018754033,1.2336366,0.00017634653684631197,0.032108585315868216,0
0.021122312,0.034574155,1.9148872,0.01637637139589469,0.056471910154520494,0
0.82816565,0.053921357,0.97410816,0.828072033426233,0.9917574081833228,0
0.54112303,0.1623016,1.7771751,0.19263130662105543,0.2641073541955746,0
1.690032e-05,0.019014793,2.088509,0.005875605721303905,0.05390825969684757,0
0.00060528255,0.004605492,5.0,0.012553133731466659,0.08353889243745788,0
0.84078336,0.05064148,2.391752,0.9448942005170479,0.9989646632533233,1
0.8311459,0.053555794,1.3212866,0.9075222409234367,0.997519864909023,1
0.9370418,0.084085345,3.177347,0.8873511760147207,0.9984107607747932,0
0.39548534,0.101834305,1.2537216,0.6263603706169564,0.9553045509594053,0
5.0605186e-06,0.0004858164,1.0618992,7.619902754248466e-05,0.0265265242282192,0
0.47133228,0.05342812,1.3849645,0.774350588288923,0.9907795269083723,1
0.11614714,0.07091097,1.0604979,0.11145689088670135,0.08008001274542824,0
0.008215663,0.01204029,5.0,0.004210855389822017,0.07737414562311043,0
1.385948e-05,0.0033052699,1.2119359,0.00013047136996077475,0.03131401125675624,0
0.09824751,0.07636243,1.3445461,0.060849486422413716,0.06481197589465566,0
0.86942375,0.112151615,0.9660074,0.9882493657129295,0.9984011004371404,1
0.42666975,0.12103272,1.3474454,0.2577815417135243,0.3473541416419525,0
0.14100099,0.08471573,2.0581079,0.3132884311847578,0.5737121292733958,0
0.75601834,0.18654458,1.2271242,0.9487477592091824,0.9982928728973879,1
0.011842078,0.040240116,1.1708345,0.04248261670444718,0.04612069164967308,0
0.0678856,0.05511023,1.433317,0.027610691622020418,0.049763020475690645,0
0.0061087497,0.011980822,5.0,0.0010819691101336356,0.07511151603228682,0
0.22235382,0.036719505,4.6739974,0.2439309194641376,0.49224591625187336,0
0.0063952073,0.009384389,3.0028877,0.0028464737997236592,0.06376134290776725,0
0.0016017649,0.0057995683,5.0,0.0022522305040105564,0.07582430713704544,0
0.541487,0.09052529,1.2802558,0.5122511561067725,0.8715815194929698,1
0.2592385,0.1373835,1.4242889,0.06427429325350689,0.07213241607654779,0
0.0037393472,0.096971534,2.583526,9.936659984238416e-05,0.05901529810962496,0
0.1563122,0.022416372,5.0,0.06873182777636289,0.1403887266054345,0
0.31221694,0.12778379,5.0,0.01571305489240112,0.08913745034859864,0
0.9979486,0.008492736,0.8895484,0.9998241379679711,0.9983396308752869,1
0.7164341,0.04953067,1.736705,0.36282069258824917,0.6620139268755698,0
0.50069124,0.041910894,1.0598582,0.4649981643857419,0.7649891449064454,0
0.42275614,0.14592008,1.8594098,0.12483023600067411,0.15578272186090739,0
1.5342017e-05,0.00082148367,2.26921,0.007779436856739478,0.05758609701747102,0
0.72926295,0.05141908,1.0913458,0.8493378923993711,0.9943278779980189,1
0.0024261903,0.019682173,2.6115603,0.019326780198330392,0.06994856169857068,0
0.9874069,0.038306795,1.0976648,0.9998495250865642,0.9987917508482443,1
0.051709983,0.05698191,5.0,0.024022602462463755,0.09429265364008524,0
0.7397173,0.20007847,1.3695632,0.857927120123618,0.9961917241553926,0
0.0021922293,0.008190163,5.0,0.0016061279244366227,0.07540833971803355,0
0.0012927479,0.018848563,1.0182837,0.0030920936048295378,0.02594934915474794,0
5.5765463e-06,0.0002541402,1.678764,0.005226464075541737,0.045353351334675766,0
1.5160562e-05,0.019346429,1.0397786,7.58375008201688e-05,0.025916788746310197,0
0.17912585,0.028649006,5.0,0.018566679603567872,0.08912280003905053,0
0.7889595,0.042032007,1.4170419,0.9750336428852873,0.998841846870883,1
0.53260523,0.062134936,1.1481081,0.3355972714952312,0.49122949437814817,0
0.0026274445,0.004745407,1.1860405,0.004451882916875159,0.031881725287980126,0
0.891728,0.025850331,1.4226167,0.9724695592067509,0.9988121331139883,1
0.5618057,0.05741479,1.1642174,0.7848229506935387,0.9899267096410889,0
0.9004341,0.08850127,2.4882655,0.9615835864196036,0.999157306888806,1
0.35956082,0.10043044,1.1522261,0.21870176501367797,0.2277805327968714,0
0.015335647,0.02543189,1.3075479,0.05653082516567175,0.059554414772423646,0
0.08999466,0.057020914,1.1917262,0.014397441659684667,0.035925099917829516,0
0.000136724,0.028450381,4.517095,0.0010796280172850907,0.07328388096141117,0
0.00013746863,0.00071979547,5.0,0.00024451209827869443,0.07429550295540087,0
0.00025709442,0.0024456505,5.0,0.006422383798564898,0.07880637126919285,0
2.3058876e-05,0.0003228802,2.7659647,0.0011704853986140877,0.06020004238389064,0
0.36938468,0.21017478,4.641747,0.06819914627575502,0.14371784709642396,0
0.2611571,0.09057369,1.15226,0.3258517560652754,0.46847524159873805,0
0.1292601,0.08419722,1.1564401,0.4134225197177063,0.6840887257437662,0
4.578921e-06,0.0006537137,1.7356741,0.0002578482246829495,0.04439175091685111,0
0.9583534,0.08614477,1.0927124,0.9996341894722033,0.9987974231115119,1
0.10400376,0.047653906,5.0,0.011278756867976823,0.08356531319191991,0
0.73162246,0.059298106,1.3913027,0.36627631101614005,0.6231173844481753,0
0.5481323,0.1512731,1.2967973,0.1562248861852995,0.153934432427787,0
0.0013138108,0.016183171,2.380855,0.009831703593822,0.06066656071857326,0
0.23673062,0.11890536,1.6279122,0.7514802905135958,0.9901875457795837,1
0.016555313,0.016350968,1.786703,0.26151531723473365,0.41049529648286537,0
0.5135645,0.10835266,1.1687907,0.21158398458939479,0.21897332081489676,0
0.4612425,0.05391781,1.1002833,0.4315235236282365,0.7089304811138747,0
0.03855037,0.053263605,5.0,0.024668771794901356,0.09475560008539782,0
4.2991865e-06,0.00087292463,1.067977,7.619902754248466e-05,0.026731287457664833,0
0.9647594,0.039143596,1.1870135,0.6296827749227638,0.9535328364755815,0
0.5641377,0.07870009,1.1295655,0.39464141776221323,0.6352004806362513,0
0.5722511,0.07314709,1.7792093,0.5890468794545327,0.9533151814611158,0
0.9998846,0.002503103,0.9454413,0.9999468953500259,0.9984917569753966,1
5.340783e-06,0.0012459455,5.0,0.017424201583597997,0.0873679073560275,0
0.71300745,0.043896493,1.7976017,0.7866111014633065,0.9935962077574597,0
0.0007252479,0.0034729987,2.9513266,0.0010703739210032519,0.062087131156520176,0
0.047729522,0.059127282,1.0506566,0.021725253108862683,0.0329771887783772,0
1.0864041e-05,0.00064727507,1.2658727,0.002176711187304327,0.03355249693894739,0
8.025476e-06,0.0001220852,2.0278816,0.0030521806536525924,0.0511697366678889,0
0.05846609,0.03979374,1.8790197,0.05342604079260065,0.07954733026101109,0
0.84686804,0.11256063,5.0,0.9716767954761635,0.9994366570600354,1
0.59122103,0.11653067,1.4010742,0.22199629350437688,0.2778190071464707,0
0.01821719,0.051457666,1.3831433,0.06485273654358624,0.06874878733437233,0
0.83644515,0.03999589,1.2204757,0.9624415195097139,0.9984461829969776,1
2.5913921e-05,0.005166783,1.9795256,0.0002213327250678156,0.049022181757239686,0
0.049839284,0.03852647,5.0,0.04372121975099238,0.11249603177428916,0
4.8949845e-05,0.0013676526,1.3426255,0.012877686097757482,0.0397368186320187,0
0.81354386,0.051175017,1.4949878,0.9706141056713147,0.9988545770278066,1
0.99967384,0.023144789,1.179968,0.9957401962489371,0.9988462421421818,1
0.38050708,0.08124522,1.186663,0.21647918581625067,0.22932781617832837,0
1.3316926e-05,0.00065336167,1.4947563,0.00018288720804367206,0.03897500732148509,0
0.0277936,0.0945428,1.2384541,0.004655972422864163,0.034423313224757245,0
0.83926934,0.07282091,5.0,0.9269433671279079,0.9990990901969795,1
0.56848013,0.05001259,1.7545633,0.7102433075457283,0.9858147071048546,0
0.066825286,0.06955387,1.7864928,0.0812371872945335,0.10019855554927427,0
0.00027806542,0.005301274,5.0,0.0017961031859202595,0.07548625991154832,0
0.0052734762,0.015144023,2.6090748,0.054534349383338704,0.09724413509307558,0
0.16847372,0.025827881,5.0,0.008629189263082397,0.08112036573112776,0
0.24053133,0.10922694,2.0801032,0.10826984268018357,0.14313201341619378,0
0.12552942,0.03256613,5.0,0.023326368426327952,0.09319482500332743,0
0.16967443,0.073044114,2.9261923,0.09383851294208377,0.14849756484532733,0
0.012730041,0.031304777,1.7538607,0.02377551192806911,0.056745817051158706,0
2.4751875e-05,0.0017351126,1.9702795,0.006644282899978009,0.05196792937603296,0
0.42372638,0.09469987,1.2369459,0.09239781721530378,0.08089474205978747,0
0.00010590515,0.0008857758,2.8479502,0.0005517405010177495,0.060708176064822685,0
0.593189,0.0685089,1.8449368,0.8990398457572469,0.998021047784763,1
0.0020837488,0.15833244,1.46038,0.02240428366425407,0.049445029858427345,0
0.0021214464,0.0066202893,1.4556816,0.0004415052859338759,0.038167794813136355,0
0.67922974,0.062116258,1.0359714,0.6220956537604846,0.9408947383706995,0
0.50374275,0.11699237,2.5635912,0.013238517594230009,0.06746339414897629,0
0.7365913,0.06458645,1.0117406,0.5873888166807848,0.9152508719703089,0
0.65597105,0.07509754,1.0326622,0.36679371383025144,0.5370626937474271,0
0.4912964,0.08466504,1.6515396,0.3675736304368352,0.6647490600958371,0
0.045813527,0.045227513,5.0,0.02684050095294652,0.09649644977546855,0
0.0004164105,0.012012354,1.5662146,0.019722773649123348,0.04939849470830378,0
6.955467e-05,0.09583913,1.0024741,0.004603958638533463,0.026316035659909386,0
0.00061835174,0.004371206,2.6901262,0.003360263817866131,0.06069811121512052,0
0.00021264977,0.0019905234,3.4927635,0.0018889235182414869,0.06718381900402173,0
0.089734,0.11628682,1.6652185,0.09330938358374506,0.10743837016890888,0
0.3484802,0.09724768,1.6276758,0.11389213535950139,0.12697112338535388,0
0.81532186,0.038676426,1.2919955,0.5574867168033564,0.9151727166231644,0
5.2277724e-06,0.00046512703,5.0,9.074080855726775e-05,0.07418213939440532,0
0.016425027,0.038914386,5.0,0.014693042166712704,0.08599925473383378,0
0.0222336,0.034685954,5.0,0.0030028523309087265,0.07695494569729462,0
0.9033314,0.043318436,1.5806211,0.7936505684058076,0.9933604254348735,0
0.19995354,0.054536164,5.0,0.156855485440827,0.2892710620616254,0
0.0100276675,0.025224468,2.324697,0.025300373842410715,0.06957204702092103,0
0.7177979,0.067129366,1.8496828,0.9509583214176934,0.9988408583324818,0
0.4811362,0.06686383,1.0796691,0.8122597771181331,0.9916141928882651,1
1.776601e-05,0.0026428725,2.593197,0.026345220500262903,0.07417652175887168,0
4.1922456e-05,0.00042962134,1.3995656,0.0003654224019752884,0.036634973729220685,0
0.00014869437,0.0030848363,1.8927474,0.0005882032514287922,0.047620068722962754,0
0.30489862,0.12668616,1.213261,0.059930132959633994,0.058478404154530414,0
0.5789316,0.12090425,2.1382697,0.08695570419707344,0.12119734560111184,0
0.00033916044,0.022908296,5.0,0.0005934512158880928,0.07496955419388208,0
0.5214053,0.12161103,1.7624091,0.017921772692644045,0.05548267666518684,0
0.05522759,0.03637967,5.0,0.021153104531221083,0.09133643915721204,0
0.02186525,0.037997797,1.237928,0.005773706560954643,0.034261903449773326,0
3.258587e-05,0.0011767858,5.0,0.0008152864119853628,0.07470771698887847,0
0.7228617,0.20906185,3.4844887,0.03304106553015863,0.09580552814538179,0
0.0246866,0.060245216,5.0,0.006011593773246974,0.07969815048339204,0
0.4276966,0.061308358,2.986484,0.7998450634218779,0.9959422045987592,1
4.5881672e-05,0.0016444104,1.0796921,0.00020648843142501825,0.027159270011975923,0
0.04308904,0.08245811,1.2118382,0.11517490131455739,0.09711445611035437,0
4.1158874e-06,8.538789e-05,5.0,0.0023054934323113933,0.07574955538278279,0
0.00076222525,0.0098916385,5.0,0.0122174292988564,0.08338835460164849,0
0.0030730197,0.006660778,1.4748882,0.010422312091838705,0.042636343032309405,0
0.7479767,0.2031955,5.0,0.9803348969795428,0.9994966473218627,0
0.30225477,0.09678945,5.0,0.005458911561831915,0.08031135963794266,0
1.9241308e-05,0.0017935737,1.1454356,0.000270202470064553,0.02929759383255616,0
9.996689e-06,0.00018953015,1.6860889,0.0004469185998837846,0.04343345337271539,0
0.81493163,0.2171848,3.1051311,0.932042449782588,0.9990189481226016,1
0.62877554,0.04073212,1.2061732,0.809924339112433,0.9924964163574952,1
0.0003373393,0.0008801741,3.2495358,0.0005691777160073778,0.06441808699423004,0
0.70022845,0.056464482,1.2301779,0.27492983212627115,0.360790404855583,0
0.31317925,0.1393012,1.4661815,0.11294194812229275,0.1166114221339995,0
2.048433e-05,0.00038073186,4.0373983,0.0005668803249626584,0.06987396137534359,0
0.9999112,0.008232466,0.7882961,0.9998015879031021,0.9979519822982937,1
0.13062306,0.03924568,5.0,0.038215534761578684,0.10710720486820527,0
5.356606e-06,0.000455894,2.2582004,0.004826225534133209,0.05579439481820953,0
1.7290371e-05,0.00041734948,2.09202,0.005445826708745345,0.05348054478820206,0
0.0779494,0.04603299,1.28926,0.009813049628341446,0.03741081765415331,0
0.9750841,0.0400627,0.9525509,0.9994709842724323,0.9985167239128651,1
0.20689936,0.095817715,1.7262734,0.2984823375752025,0.5033485293769815,0
0.044168703,0.0820849,1.1678438,0.030236108657057035,0.041251989112011236,0
0.734534,0.16713078,1.2837499,0.973135371684834,0.9987304967397891,1
0.06809574,0.046275467,2.0944753,0.24182911893157744,0.3928970595719664,0
0.99973017,0.003112928,0.8148162,0.9996687581117265,0.9980657018688697,1
0.57505614,0.1303399,1.3682697,0.8207817316473909,0.9943091804266484,0
0.018872265,0.020398807,5.0,0.012931128202578203,0.0841939394183759,0
1.7902546e-05,0.0016491421,1.2440964,0.0003116950157767644,0.03231220232694359,0
0.9996911,0.0026483827,0.89419365,0.9996709764360313,0.9983484211515063,1
0.40008104,0.18167956,1.2228804,0.04382739457404708,0.051275778250921555,0
0.24662063,0.109548844,1.1903906,0.5026842383955608,0.8497219503265055,0
0.039434437,0.056466777,1.9456934,0.20298039840516055,0.2923220794256554,0
0.05344964,0.038440477,2.063566,0.04664960897344583,0.07949402825625662,0
7.142419e-06,0.002297487,1.1914221,0.00455523969761332,0.03206369122705893,0
0.13027765,0.056425955,1.6030859,0.10765616093861151,0.11711639151847532,0
0.72835475,0.074256815,1.2208592,0.480848350885555,0.8228546613010472,0
0.4944075,0.11283606,1.141048,0.1182299316191974,0.09464933793144502,0
8.1309314e-05,0.0030394532,3.575946,0.001837987315437439,0.06777857155206618,0
0.0013386823,0.0071217995,1.3072782,0.021514471967662867,0.04212679415254987,0
0.0018354492,0.0025324586,5.0,0.015463520819152237,0.08580822270550453,0
1.1439264e-05,0.01321156,1.2822735,0.000141352558866552,0.033465709887756476,0
0.0014315794,0.0067621646,5.0,0.007796142949740262,0.07992459391478836,0
0.16218182,0.1630488,1.9685283,0.001893510353869434,0.051859050773056685,0
2.2046584e-06,0.00061080453,5.0,0.0016219488924300582,0.07527049415272336,0
0.0003466387,0.055445176,1.1241977,0.5147537069047965,0.8539349435638008,0
0.99986684,0.00084291486,0.82598853,0.9998621997609148,0.9981142911039611,1
0.053370845,0.060646128,1.1924894,0.04065356910363864,0.046564895322330574,0
0.2004192,0.07522294,1.2486968,0.5156870970379497,0.8713094574567991,0
0.24644345,0.13730669,1.2136469,0.7665030667074306,0.988667355348897,1
0.033093393,0.035197336,5.0,0.016212646524991402,0.0871678105964013,0
0.0019778183,0.009233101,2.0598125,0.006623931624515256,0.05366788349859594,0
0.0012538466,0.0075750574,5.0,0.01897645025468647,0.08878924155282295,0
0.00033535893,0.010741315,2.2081308,0.0008657806508679739,0.053100310426000406,0
1.9771994e-06,0.00013459449,1.0790924,0.0003573124140274736,0.027169232543254096,0
1.4272649e-05,0.0024502955,1.2259134,0.000141352558866552,0.03172772101942167,0
0.79931563,0.047976512,1.6200047,0.9720865361520956,0.9989520806066141,1
0.40700024,0.09714379,1.0007209,0.2070732408637459,0.1777848127716606,0
9.611068e-06,0.00010931197,1.8265792,0.00019957228893410716,0.046161299190713066,0
0.13847989,0.13643673,1.3737327,0.041134490924511,0.05566397491034774,0
0.013445948,0.0260812,5.0,0.014323861694049344,0.08541933386818973,0
0.7297777,0.062189087,1.9359759,0.95656030538939,0.9989418595932172,1
0.28195244,0.18460603,2.15944,0.17370823369183938,0.2551581663592827,0
0.004884214,0.020335304,5.0,0.004598164370379921,0.07782046398123664,0
0.35368726,0.103400916,1.9733719,0.42210318956733567,0.8006818220293922,0
0.23269607,0.093675725,2.416381,0.3692091510979651,0.7268918852009036,0
9.1388574e-05,0.0031862624,1.423664,0.0013126844478526794,0.03763850045081592,0
7.0240317e-06,0.00016664462,1.8884933,0.00019957228893410716,0.04732479233430121,0
0.026557792,0.035300236,1.2195479,0.21608896980154044,0.23134351229063457,0
0.15412495,0.075548254,1.5624437,0.09321379267786399,0.1010100919284162,0
0.096898235,0.083887845,2.197042,0.01637751433904818,0.06276237065073911,0
0.26495552,0.12946267,5.0,0.07870887708851497,0.15730000651942286,0
0.06282196,0.07302276,1.1498877,0.002375796470772698,0.030670353137817224,0
0.012109481,0.029037029,5.0,0.012571705742383425,0.0840881500095555,0
0.3678639,0.14642972,5.0,0.004774056170805564,0.08088233710770222,0
0.013155807,0.063790455,1.365948,0.09947805043677942,0.09441328215484115,0
0.12527488,0.05996676,3.0332477,0.05937605244404165,0.11041420723658864,0
5.3633732e-05,0.0035025924,1.1041064,0.00029043764210035845,0.0279947045487982,0
0.11681836,0.09666536,1.2219929,0.843044452543734,0.9947725010504744,1
3.1081872e-05,0.01637074,1.1667253,0.0005110658870837706,0.03015392297589804,0
0.0011716344,0.0057269456,1.3565236,0.013635060383766079,0.04051055688679791,0
0.47807014,0.11668856,5.0,0.34395787294711,0.7389849531745639,0
3.1356307e-05,0.00055525365,5.0,0.003627627139313012,0.07671345412282594,0
0.82986003,0.05374173,2.0992415,0.27253830013842956,0.4734931468315009,0
1.0476326e-05,0.0002735528,1.3905228,0.00018288720804367206,0.03633015779155142,0
0.9612561,0.04147628,1.441411,0.9578656197706442,0.9986459476647841,1
0.5991288,0.1487378,0.923723,0.6764452780429177,0.9599697962445906,0
4.2498614e-06,3.2949894e-05,2.0470006,0.0031739386949908004,0.05155564915894877,0
0.008190435,0.045297656,1.0443391,0.026686916560789184,0.0342143125659019,0
0.00019836873,0.0050163884,3.87342,0.01142194870466372,0.07647211492481013,0
0.0022087325,0.012652446,4.3921385,0.005655968333961397,0.07558446102433693,0
0.22159953,0.19150792,1.1444527,0.015733989443270615,0.03601433758988924,0
0.33763957,0.09595946,1.1705644,0.2553988393207151,0.30441021546204944,0
0.0029225533,0.008580955,5.0,0.02149336757564333,0.09092455884223036,0
1.1703356e-05,0.00024925556,5.0,0.00020933849840606807,0.07426157387221821,0
0.001869793,0.007672276,4.4630184,0.006380058615990107,0.07637712994304185,0
0.1694839,0.029568586,5.0,0.0341294646234847,0.10296611956857821,0
0.6946733,0.07012332,1.4316418,0.7708512650732118,0.990834829815528,1
0.35611823,0.1004857,1.487614,0.10566638937303072,0.10953977783049863,0
3.1171814e-05,0.019752981,1.1795962,0.0011190451010353601,0.03076740577271234,0
0.9328389,0.071346775,1.1359999,0.9907402912272394,0.9987421854740349,1
0.18852241,0.10944581,3.2756991,0.15084254330653202,0.2500174302618826,0
0.6464997,0.051537216,1.0240813,0.8321380420503646,0.9926196592649044,0
2.8869395e-05,0.00045959392,1.1944336,0.00038907975443475563,0.03084065849730974,0
0.67778665,0.04753478,1.0790232,0.8941465308776275,0.9963484754551172,1
0.26175648,0.08605842,1.3818724,0.32394695944791974,0.515650449079944,0
0.27504665,0.12934493,2.296943,0.37743999429678615,0.7393387840030686,0
0.005023246,0.01936345,3.9243,0.03538934914222495,0.09651231713512504,0
5.0328454e-05,0.0038984716,5.0,0.003236460916159787,0.07649561735047604,0
0.6813009,0.0865739,1.6292655,0.14700794638376238,0.16995173765080612,0
0.1529658,0.115020975,1.7799392,0.7778874675563238,0.9930294314750404,1
0.44489217,0.09905283,2.7624006,0.09255343010345031,0.14454524243236638,0
2.6857572e-06,0.00015273524,1.1940933,0.0003850219361127382,0.030826486394789507,0
0.40001023,0.07601355,1.1966866,0.6541785666132736,0.9639104583339505,1
0.52714956,0.15995787,1.215211,0.7797173824128716,0.9902034506043748,1
0.60555,0.088197544,0.99522585,0.29313373511204677,0.3414651932456891,0
0.04373906,0.03572094,1.3238957,0.0243037947008974,0.04423812940336066,0
0.8245179,0.060643256,1.1544873,0.9265330342448637,0.9976117034377563,0
0.35143793,0.06765288,1.9264176,0.7150411290614578,0.9874611990922659,0
7.359183e-05,0.0032387911,1.5369493,0.004237819804755357,0.04164338213190879,0
0.037104562,0.13734557,2.410346,0.15296091062253683,0.22609946261749714,0
0.00367636,0.016359404,1.2877334,0.09088213110181695,0.08113436213017809,0
0.9936148,0.036278285,0.9318106,0.9988905059394303,0.998455164753408,1
0.60219336,0.07979375,1.2442232,0.1272354962299783,0.1122604657258854,0
0.002393018,0.0079972735,5.0,0.0006036419436196283,0.07469125476782261,0
0.0010535427,0.0035324602,1.4523822,0.03046540928669449,0.05107008918028071,0
0.16868092,0.029561535,5.0,0.04285724179757637,0.1115292560885643,0
0.0019199728,0.009698333,4.932064,0.00476698665852788,0.07744256198029036,0
0.44591683,0.121933274,1.1585423,0.24251756845352496,0.27635200175876623,0
0.05275173,0.028007649,5.0,0.017649341180571022,0.08820776002318811,0
0.00032828053,0.0027633032,1.845993,0.000532755571901071,0.046716207673202725,0
0.1718956,0.030636275,5.0,0.05040643173732942,0.11946942176370917,0
0.2266541,0.10976998,1.2225449,0.05990456584932026,0.05864657372549678,0
1.5651098e-05,0.00059518614,2.7624304,0.0015300699147603077,0.06037511391763887,0
0.38851288,0.09396236,1.1234087,0.2553988393207151,0.2935139479295946,0
0.71996236,0.046888996,1.3816912,0.5806657392417683,0.9364456862550687,0
0.61365646,0.079600945,1.0156622,0.8120849857003197,0.9909105018526336,1
0.5001931,0.08400926,1.2462069,0.3213876363836975,0.48114598784266505,0
0.38165823,0.078927435,1.6622279,0.8651000701276481,0.9969469707245666,1
1.3971617e-05,0.0012609883,5.0,0.007371799062472385,0.07949160741953336,0
0.8897886,0.027835103,1.4446476,0.9656826833198856,0.9987469604887942,1
0.0003295342,0.0072163586,1.2798917,0.0004215195457234831,0.0334365240359632,0
0.0017369225,0.006364283,2.00813,0.008235313786451625,0.053543763992709346,0
0.88605464,0.0990843,1.7416716,0.9850560511417513,0.9991513458772496,1
0.68525726,0.08964026,1.0806865,0.29262391397658244,0.3670326243011281,0
0.10878532,0.114498906,1.5792665,0.0035751888245691304,0.04372852808030907,0
0.15557618,0.021627983,5.0,0.10950219571149553,0.1987304086389846,0
0.00103247,0.009427767,5.0,0.0025343462920764575,0.07609772341400713,0
0.120612584,0.029345943,5.0,0.086872394413457,0.16456883726613156,0
1.6917817e-05,0.0006389096,1.2411644,0.000141352558866552,0.032162801733388334,0
0.035691563,0.03761551,2.2777574,0.03757332372622791,0.07752042263840425,0
0.058341987,0.046298835,2.4590793,0.07792575656141197,0.11784844863837596,0
0.6894098,0.062633015,1.6797528,0.3169137692805579,0.5440004393555448,0
9.798076e-06,0.0031170507,1.727626,0.0076110762401981925,0.04755646529652455,0
0.02171428,0.034123395,5.0,0.00853711503168739,0.08107162555595956,0
0.9828011,0.07000152,1.1749818,0.9843359572653043,0.9987130971950273,1
0.088959664,0.06352206,1.2477503,0.024820819889761717,0.04203624404020884,0
0.00501143,0.011569451,3.2384744,0.07720872685571237,0.13142431998444348,0
0.16375032,0.11548213,2.7821531,0.21064860704136915,0.3629258219071962,0
0.53624046,0.25573218,1.1794773,0.1643657444170365,0.15404876612742432,0
0.85298765,0.07503375,3.3861136,0.47614931831337887,0.9047462827158748,0
0.5283157,0.059325993,1.240497,0.4828046180490696,0.8274711343572381,0
2.038409e-05,0.009615953,1.1853628,0.009657681705115603,0.03359119122310883,0
0.7416041,0.057152703,1.2898883,0.9318311409313319,0.9980131134837951,1
0.0036833112,0.1095159,1.0740243,0.007066894590703014,0.029737081667179362,0
0.14111441,0.030462315,5.0,0.057533759057071726,0.12732114813434253,0
0.12002161,0.04480917,3.081651,0.04955196249031756,0.10119517404662282,0
0.9978023,0.014902168,0.8972468,0.9998174567566996,0.9983655157917423,1
0.010510284,0.015120234,2.2106895,0.009503087126590332,0.057849267716347144,0
0.22611389,0.046747312,5.0,0.26087917511707254,0.5413776844661379,0
0.17849292,0.07055684,2.7820442,0.0944839006061507,0.14602390154743414,0
0.52538306,0.06328253,1.2653021,0.3958860093905362,0.6683236556854226,0
0.4374709,0.050572712,1.0768898,0.3080144355377729,0.3998253010734365,0
0.05285443,0.052195773,1.1971679,0.04345479376626175,0.04796650882189181,0
0.66539174,0.10921381,1.2681112,0.872511723482445,0.9963342404555391,1
2.0713816e-05,0.000878964,1.7939198,0.0002997975109831713,0.04558140648110084,0
0.38941252,0.0901486,3.2420225,0.08240293870199088,0.14094091243569365,0
0.92474407,0.07995,2.9650075,0.9562161602440933,0.9991877879878012,1
0.0072564166,0.024820225,1.1067654,0.03734258378610555,0.0407684066748836,0
0.9010541,0.067135245,1.1168015,0.999874694857409,0.9988271785785153,1
0.00010994721,0.003500628,5.0,0.0022373725426294423,0.07576734684772347,0
0.08845442,0.05290098,5.0,0.024236926043172353,0.09442655389503515,0
0.5676383,0.12969474,0.98980457,0.2588729718205762,0.26795214919751004,0
0.87407374,0.027570605,1.3359404,0.9610658824833286,0.99857392642573,1
0.0175956,0.030663751,5.0,0.017690275349101232,0.08826210328925661,0
0.47284245,0.09179342,0.9993212,0.2726256863142082,0.29694403889543397,0
0.92957485,0.045286756,1.3201468,0.9820380039934593,0.9988410973216361,1
0.5542577,0.0738467,1.098019,0.5680088670475513,0.9083604606536801,0
0.52397364,0.06534622,1.7007376,0.6537822551310971,0.9744132267692704,1
0.5726039,0.11868132,1.2093437,0.18527952724644514,0.18302694461646069,0
0.3075383,0.12599142,3.3601964,0.05087255100307876,0.10849835896702266,0
0.6202609,0.057833806,1.8641119,0.8756986445104127,0.9975010432334953,1
0.7029706,0.11114696,1.3083596,0.2785636200661845,0.3896503071024849,0
9.603967e-06,0.0012621611,1.4298443,0.0004589234097551067,0.037462252201055674,0
0.00014777406,0.0025396387,5.0,0.011613830571655274,0.08276030609901253,0
0.72597474,0.09338556,0.96518314,0.5970148549154757,0.9180962813755856,0
0.6725639,0.06445804,1.3678775,0.9242730247991701,0.9979888810179123,1
1.8612833e-05,0.0008430167,1.3736565,0.002176711187304327,0.03660295918645721,0
0.51040417,0.05139906,1.2569648,0.5888529079422382,0.935117672185474,0
0.16014491,0.027048986,5.0,0.010638664089197659,0.08268663603057479,0
0.66739553,0.06555368,1.449379,0.20180843334712115,0.24216105869815516,0
0.5113983,0.066256806,1.3833083,0.573760465241241,0.9323363858897318,0
8.649676e-05,0.0014158161,1.202569,0.002636556795159886,0.03179767005420621,0
0.35726166,0.072536916,1.6461414,0.2762829693511614,0.4354509589663612,0
0.0019937293,0.0055384557,2.0518706,0.0010500330655038128,0.05065700130064646,0
8.6320586e-05,0.011315997,5.0,0.008053648548412434,0.0802111254710654,0
0.27650315,0.09902243,2.1366465,0.013001873695100027,0.060074617842716733,0
0.0022679458,0.009890987,5.0,0.0006063266103605053,0.07472949650094468,0
0.0028949413,0.012375725,1.4224311,0.0030181590075548277,0.03834016823693601,0
0.072910555,0.07398852,1.3758377,0.03524452848204788,0.051748833667115766,0
4.8905217e-06,0.0015409966,2.881015,0.0034773221136072566,0.06279600840590462,0
0.0009087087,0.019491358,1.4550769,0.001270153369256774,0.03859776818099112,0
0.85978734,0.023501938,1.4714335,0.2743918078313775,0.40356142274545065,0
0.17601562,0.09510732,1.2800428,0.1004817624208991,0.09020928126229037,0
0.64260083,0.065035716,1.4155914,0.8025155286470221,0.9932682378865666,1
0.016264431,0.03939719,2.884386,0.015703398559777287,0.07133965584902066,0
0.9999802,0.0004838252,0.8434288,0.9997868027561789,0.9981799895988358,1
3.1353316e-05,0.002160459,5.0,0.0099987186563526,0.08150378474257476,0
0.1309772,0.27332404,1.156583,0.07402709730104502,0.06570742760893934,0
0.82309765,0.06110826,1.5746711,0.9358200777353834,0.9984472613465099,1
9.701221e-06,0.0003506755,2.5777855,0.005514873305551042,0.0605506130428045,0
0.4424709,0.071858,1.0080247,0.28081892739981057,0.31620024009774766,1
3.645273e-06,0.0011514471,3.622431,0.005972288867922688,0.07081469827384455,0
0.0013694623,0.00464784,2.7592888,0.007326122561541805,0.0638687915368467,0
0.51230925,0.041898508,1.5197965,0.11840339292413604,0.12364909003837835,0
0.0012240881,0.015095937,1.1669147,0.008641520420869691,0.032685517758625514,0
0.61444616,0.11033798,1.4906797,0.07987396149518465,0.08693802955721933,0
0.00021351161,0.0067759105,1.426697,0.00015387817658592005,0.037324294822367016,0
1.4709859e-05,0.00479801,1.749696,0.005281881202219508,0.04698008588329124,0
0.11263938,0.09118737,1.7083575,0.04001500846075472,0.06609582385531913,0
0.0027168076,0.007957011,2.5461645,0.011114376241538777,0.06361079120949961,0
0.12868175,0.07394391,2.0532174,0.1180550670953996,0.15320254593088753,0
0.63518417,0.087477066,1.420787,0.8899768494107897,0.9972704040125412,0
0.33161306,0.108213715,1.9258612,0.42210318956733567,0.7979323188186751,0
1.1176216e-05,0.00030579287,5.0,0.007003942831207048,0.07919664190833357,0
0.8735937,0.02380734,1.4165672,0.9685424479818032,0.9987569667864051,1
8.935707e-06,0.0016872081,1.3424773,0.0002604808872244901,0.035082738683532885,0
0.43150485,0.08478863,1.45147,0.5334060309897005,0.905747594848223,0
0.7473954,0.064903244,1.062178,0.8858706566231956,0.9959642498589726,0
0.0015256956,0.008014704,5.0,0.02214346680347471,0.09146234645702078,0
0.39770737,0.116687804,0.99778575,0.1595193098460415,0.1173269617470667,0
0.9996306,0.009856527,1.6010311,0.9980573276145887,0.9991818949140867,1
0.94623566,0.0268251,1.5755748,0.9783799938841067,0.9989884444628614,1
0.00012369959,0.00043183126,1.4744025,0.01059996271916582,0.04262497710517851,0
0.52977717,0.072454095,1.1201102,0.321215666838517,0.4473533483775049,0
2.2085025e-05,0.08618949,5.0,0.002797927249917096,0.07780712237695542,0
0.039644893,0.03393809,3.3939083,0.1449744277138968,0.23752312023592223,0
0.99691063,0.010898512,1.0464854,0.9989928665230968,0.9986898551066415,1
0.4632586,0.10611305,1.2134175,0.8289556221997516,0.9939589022411787,1
7.6326614e-05,0.0008595578,5.0,0.010790941185630395,0.08208671009919533,0
0.9965126,0.008598217,0.9235875,0.9997656898211484,0.9984356264742468,1
0.0025739195,0.020757513,1.9645976,0.02004614559432361,0.0593485708182826,0
1.985021e-05,0.00065821025,1.1717877,0.0001315544089576815,0.03006970994129821,0
0.84743655,0.03629447,1.673768,0.9629043068367055,0.9988785230169821,1
0.092189774,0.062253207,1.8417577,0.11362308177182179,0.13702668944753463,0
0.045473795,0.0707021,1.2343878,0.04134613542581701,0.048890517408357655,0
3.0270696e-05,0.004385352,1.3998965,0.0006728324600971516,0.03679409109615047,0
0.34372687,0.076348834,1.4152168,0.1400405296572084,0.14186552580455544,0
0.011098009,0.026858415,5.0,0.016395382789426722,0.08710804003017723,0
0.00040466644,0.0012603528,2.0021408,0.0008255681439710898,0.04965111613882581,0
7.23581e-06,0.0017174756,1.1120099,0.00013583637931184874,0.028193389255810244,0
0.36456022,0.19672196,1.9275374,0.23886266908650453,0.3823205345676572,0
0.003116977,0.06958685,2.0191224,0.06799836202097878,0.0964012706685869,0
1.6677674e-05,0.00043073384,2.8351567,0.00476663621924277,0.06307603009445205,0
0.017192526,0.03461704,3.2998846,0.03429007522758616,0.0900064406449525,0
2.4656036e-05,0.00012547968,1.6092466,0.00018288720804367206,0.0416455802599275,0
0.00044432108,0.0007841094,5.0,0.005382180752105999,0.07800243975836044,0
1.181674e-05,0.00014149754,1.3851234,0.00018288720804367206,0.036186441207703854,0
0.34507883,0.090466954,1.3469293,0.39524383409774505,0.6832517829168295,0
0.5102465,0.1693154,1.7291086,0.43310035093451443,0.8052993042809042,0
3.574238e-05,0.0007072204,1.6248913,0.00018288720804367206,0.04200068919896137,0
4.1442832e-05,0.0030643677,1.465541,0.013631156204741953,0.043692431653302825,0
0.8034055,0.05528319,1.4678016,0.8248011032632842,0.9948248869514196,1
0.20719963,0.12977596,1.4454764,0.4793572644685575,0.8473379261111383,0
0.012579984,0.029218037,5.0,0.030535371590396706,0.0994094244003276,0
0.94309556,0.04400132,1.2385355,0.9968428299963314,0.9989290963312731,1
0.096053086,0.06464285,2.3707025,0.19052893096058052,0.29426047174259606,0
0.7502293,0.037765883,1.042434,0.8960619470856285,0.996240010912414,1
0.112931855,0.027182207,5.0,0.044503903921263015,0.11306984927417402,0
8.143357e-06,0.002706328,2.2807999,0.00020933849840606807,0.05370724578351984,0
0.00018067475,0.014794377,1.4426044,0.003951768409580019,0.03925390073738717,0
0.6273977,0.04425324,1.1727687,0.8801431888593436,0.9962095429916441,1
5.8525798e-06,0.00028734206,2.1427662,0.000501177059562301,0.051771722804211405,0
0.8298744,0.06442389,1.1305653,0.8390615727691689,0.9940141752657341,1
1.0450742e-05,0.006121847,1.3660679,0.003067170443356683,0.03676978504126381,0
9.547139e-06,0.00229349,1.1691728,0.0001315544089576815,0.03000212083813607,0
0.83238685,0.048352215,1.368242,0.9586040448383885,0.9985819707431981,1
0.62708986,0.0903531,2.927906,0.9123924070388912,0.9987181491418106,0
0.8720502,0.08543081,2.081207,0.9615488898215349,0.9990538611354312,1
0.13557908,0.07479596,1.8277304,0.11420380596912626,0.13749872909949387,0
0.0865693,0.054426488,3.0960093,0.03760627498371298,0.09094951227750064,0
0.005567493,0.017046876,5.0,0.04067428605266882,0.1087737071240345,0
0.18979594,0.10561717,1.2712798,0.024192345131589122,0.0431880552997488,0
1.2551882e-05,0.0011143564,5.0,0.01206254756951806,0.0830798598099092,0
0.0005707078,0.0051606707,5.0,0.006619403405065184,0.079008469071784,0
0.9036094,0.0534829,1.138944,0.2977089950702111,0.39387030507000825,0
0.09716219,0.06351097,1.7812645,0.03199885674906562,0.06276427519859906,0
0.0020410856,0.017002737,5.0,0.004123621395642266,0.0774028875891746,0
0.0038134975,0.010728745,5.0,0.029858246579763253,0.0983213762891027,0
0.7885453,0.076017275,1.0007254,0.8759167103716307,0.9951603279977256,0
0.78370225,0.059519436,1.1796883,0.27682676386776683,0.3540989220949928,0
0.00046074245,0.00083416584,2.5153005,0.0009494753600433987,0.057189365414514096,0
0.83155805,0.068202086,2.8501558,0.9666612867744547,0.9992522714603326,1
0.00085462525,0.009977722,1.7400303,0.004661833925879804,0.04655569227424208,0
0.00020303516,0.037210554,1.4350648,0.0030344719163456,0.03893616789581366,0
5.3217473e-06,0.00034592728,1.2299379,0.00013047136996077475,0.03182565371344953,0
0.3105793,0.116472244,1.2584311,0.474934375086782,0.8200567525005833,1
0.048760425,0.05707559,1.1840377,0.7174019811240446,0.9803566823104535,1
0.03783886,0.034127757,1.4081206,0.019171242264850365,0.04477130358703676,0
0.4663955,0.11432172,1.6674993,0.37108282566541567,0.6763077680760049,0
0.9371064,0.030046277,1.2560451,0.9820603429356679,0.9987693757070202,1
0.008893948,0.020910159,4.1905704,0.0005950258635555308,0.071138186077623,0
0.002040104,0.00610175,1.1510419,0.004011736424032975,0.030627821747111192,0
0.0008447824,0.0057169027,5.0,0.007893092169601452,0.07997571010200409,0
0.21238606,0.09382765,5.0,0.287334178617281,0.6106568437513152,0
0.0038305474,0.01486539,4.760772,0.04353035246413201,0.11014240037112998,0
0.8402344,0.070148535,0.9671928,0.8322307513290651,0.992051715125797,1
0.3453206,0.22794786,1.2810812,0.10076361086220105,0.0938127184194612,0
0.00053892506,0.0044770027,5.0,0.0018399006967736021,0.07550183258878342,0
0.00026134177,0.0036943264,1.2198586,0.00017634653684631197,0.03156902559711979,0
0.29545134,0.10959018,2.7134495,0.004111021732052035,0.06335686328549069,0
0.0019601544,0.018935563,5.0,0.021669843923651587,0.09131213563019884,0
8.353038e-06,0.0010716321,1.196856,0.00041145923227711034,0.030926359330651857,0
0.23955706,0.12695755,1.1484429,0.21532042786948677,0.22201219674960385,0
0.64840996,0.05769153,1.1509448,0.849543722096355,0.9947184344091327,1
0.6575916,0.07170521,1.6141865,0.25922217542880804,0.3897974295831502,0
0.71065474,0.039751,1.1381675,0.8318890795156348,0.9935607970174286,0
0.40142477,0.071297996,1.0408587,0.2985209734038921,0.36702559741383506,0
0.9555796,0.028224396,2.427115,0.9899260725660952,0.9993500271146316,1
0.815631,0.056355473,1.0004671,0.917606718742748,0.9968211601470433,0
0.09351518,0.082212634,1.8777544,0.31956810702962607,0.5725341523163371,0
0.7602742,0.11293133,1.8300605,0.9608682243209287,0.998957864500051,1
0.0037013262,0.006500096,5.0,0.011228842868189296,0.08254833219885577,0
0.0070917667,0.009891749,1.6886617,0.08347276477971197,0.0965040870721223,0
0.16336653,0.038696304,5.0,0.009947380876659858,0.08239885444760121,0
0.00692639,0.021563075,1.2533343,0.037906757895911226,0.0474384565227716,0
0.54758847,0.12489536,1.1285453,0.22984505407723507,0.24532496705835538,0
0.0012906393,0.0118307425,5.0,0.012574194398657982,0.08371036165752631,0
0.54760575,0.09397468,2.6115742,0.12391390983204931,0.184390697687548,0
0.00017242221,0.0031934956,5.0,0.02287350917542046,0.09197253328153521,0
0.76954126,0.10499525,1.1157397,0.9954649252635253,0.998782147477797,1
0.011177325,0.017807813,2.5922785,0.026869083826496058,0.07483502321437194,0
0.52687323,0.077244945,1.4494529,0.37124197992481706,0.6451581143234968,0
0.0005241495,0.02607143,1.6256729,0.0012966548638091325,0.04276863656499754,0
0.00021351529,0.006284196,1.193474,0.0025347442551711752,0.03152480425032798,0
0.60866493,0.09432861,2.0547092,0.3078698354144873,0.5620284488817299,0
0.34172875,0.05552549,1.0512631,0.7436893251886997,0.9825056535819124,0
0.0002518628,0.009845932,1.5519489,0.007042696584753779,0.0432588324662311,0
0.9542606,0.039377123,0.94085944,0.9941594351913462,0.9984031266637877,1
0.0016845824,0.0073567773,1.1926415,0.038546692587631916,0.044949503077230606,0
0.007932859,0.021540344,1.3662649,0.005596795161667498,0.0378652241042424,0
0.9977696,0.07071619,1.5502734,0.9980414182237576,0.9991712209697122,1
5.0789686e-06,0.008592937,1.849198,0.0003516003004392583,0.04676640544213927,0
0.15784831,0.05563493,2.147606,0.27744713084094375,0.48777274583952435,0
0.008480013,0.009306754,2.299985,0.04153843419196175,0.08032376018707649,0
0.8247262,0.100526914,1.2963979,0.26340755943176514,0.35075475761630887,0
0.00011659813,0.0022546938,2.525818,0.0012750074751108657,0.057521099051670646,0
0.0010341144,0.007602908,5.0,0.009221156977516605,0.0810227267605026,0
0.00010844737,0.0004211628,2.7831683,0.0003153777118125636,0.05989018182320088,0
0.81788707,0.069046706,0.983441,0.8886318864837824,0.9956332554759229,0
0.4228852,0.12186504,1.1340115,0.03771529260083009,0.043517814087312985,0
0.0018879378,0.0036447435,5.0,0.022684156871916016,0.09182296351289987,0
0.0044647544,0.014503982,4.6038694,0.0017406062205496784,0.07389881766711495,0
2.4349163e-05,0.008555946,1.0614609,0.003983965542824132,0.027626243984263384,0
0.7312862,0.04499859,2.05165,0.9619777525287987,0.9990358600374291,1
0.037033197,0.048906453,1.7321264,0.022752059140882203,0.055913400423141094,0
0.55514896,0.1556988,1.9080464,0.3992081469753212,0.7591298802448061,0
1.7110886e-05,0.0041915127,1.2545456,0.0006607570761482514,0.032753510763113364,0
0.99932003,0.010573269,1.3671267,0.9954314195775921,0.9990186447102124,1
0.30434453,0.05591169,3.5417106,0.11474798450591465,0.19021741294097796,0
1.1227246e-05,0.011534277,1.2182286,0.00038907975443475563,0.03165370993206642,0
0.41169247,0.14590181,2.2918646,0.038101419679283224,0.08077624628976755,0
1.4526236e-05,0.00091460365,5.0,6.080527475159179e-05,0.07416966517083218,0
0.67905,0.042381965,1.2394611,0.4748659779929783,0.8149929923703254,0
0.57007575,0.09876564,1.1997094,0.2819018641828134,0.37274141906938657,0
0.216433,0.08664994,5.0,0.007752129998701846,0.08176415318710867,0
0.003721903,0.012366188,1.581848,0.04417067271077585,0.06314025473177055,0
0.9990276,0.008369253,0.902994,0.9998588657869972,0.9983800325379636,1
0.2058089,0.11887266,1.8752466,0.41004529333557693,0.7739309900471735,0
0.2787482,0.15308112,3.1406522,0.8994216671399811,0.9986022363886166,1
0.6782144,0.15485539,1.1987336,0.34879670300866245,0.5452675516987232,0
6.977788e-05,0.0011011956,5.0,0.0006568061374615664,0.07459404575243758,0
0.0054781367,0.011589019,2.5951252,0.010893095751521992,0.06418225888222336,0
0.27108932,0.1274886,5.0,0.13274103932560913,0.24510485772008614,0
7.38497e-05,0.0058338707,1.0538464,9.422634983119929e-05,0.026300546252492354,0
0.97530305,0.044854995,0.87856144,0.9997403117184691,0.9983204834187682,1
0.14707452,0.06882505,1.955437,0.008657255892015336,0.05375757833947614,0
0.8750044,0.059818998,2.3972008,0.8554930707202865,0.9974259834643487,0
0.27500963,0.08491144,1.4209794,0.4198604007365587,0.7455292729730577,0
0.9975836,0.008218121,0.91935676,0.9998561578639068,0.9984255855296795,1
0.00087853905,0.025335012,1.6439147,0.0003699073099409947,0.04277771693183488,0
2.0262253e-06,0.00019635883,4.1499243,0.0005807202250001385,0.07051718904822292,0
0.33231682,0.1254578,2.9955559,0.7147234947327968,0.9905126795241174,0
0.101281896,0.0828474,1.9287944,0.3052555865662998,0.541458499049367,0
0.009201932,0.03561775,1.320115,0.2411636008397115,0.29881248781417713,0
0.054561,0.08725977,1.1911172,0.01436693555064917,0.036168223047455886,0
0.9000271,0.056746185,1.1793343,0.9520508494481495,0.9982085264216627,1
0.61344916,0.08662598,1.8652825,0.7939883171361735,0.9942908640951348,1
0.16091073,0.087330334,3.7241032,0.04546926074721139,0.10601782690452496,0
0.057022534,0.040853042,3.8750653,0.0972993333189798,0.16801050794495206,0
0.9922151,0.03958747,1.1186717,0.9998607327185656,0.9988220321314845,1
0.99998915,9.9822384e-05,0.79594076,0.9993213051965802,0.9979733844760048,1
0.6308075,0.05292298,1.558228,0.6120838721487264,0.9581944604685506,0
0.540659,0.064951785,1.3218163,0.3728014574193429,0.6256773714851049,0
0.00053607224,0.0056549907,5.0,0.005464365518667381,0.07816084077348513,0
0.00026031074,0.0008694702,1.3987997,0.0004804481637706506,0.036660960908877376,0
0.9207795,0.050441235,0.90363073,0.9997780409311582,0.9983976390543893,1
0.6827271,0.26592702,1.1392779,0.2564376604527462,0.31050545108159844,0
0.009523915,0.012067281,5.0,0.06467216211701246,0.13486696954909255,0
0.98056614,0.041028555,2.8018067,0.9930121138266232,0.9994209809100401,1
0.047559846,0.052106835,3.5883873,0.22082181719707666,0.41090998328584827,0
0.46243352,0.08611934,1.4521427,0.18350139156138812,0.21019221826257456,0
6.949063e-06,0.058892377,1.0342001,7.631722570696025e-05,0.026004671888224935,0
0.11919163,0.08191314,1.6762681,0.24961474114090637,0.3733471272329867,0
0.41456425,0.05946304,1.0297788,0.6119412799926723,0.9340460868918639,0
0.0015431202,0.023838729,1.489433,0.007599078101795258,0.04204601765883631,0
0.8683283,0.069707416,2.306712,0.9304853481755633,0.9987798081277625,1
0.002339318,0.022025477,5.0,0.009467076407362503,0.08151222862723109,0
0.8862044,0.08562395,2.147411,0.9437422489896465,0.9988889941327418,0
0.9987495,0.004717794,0.8893426,0.9998174567566996,0.9983371642016498,1
0.9037931,0.10323096,3.6533027,0.9505487404764342,0.9992199787455288,1
0.67881054,0.06919554,2.2411957,0.3855974194200973,0.7501176378418275,0
0.00076778245,0.01033825,4.241122,0.0016203829721282322,0.07190805382046306,0
0.031995464,0.039380293,2.6437712,0.006035947417128688,0.062322492909849495,0
0.63084006,0.12095302,1.2607043,0.08022310431025023,0.07427703986196778,0
0.0031286506,0.01384737,1.2929777,0.009035830039853008,0.0368843182093678,0
0.99963725,0.010182301,1.0570701,0.9998870868223909,0.9987195033815087,1
6.8989735e-05,0.0021168806,1.577011,0.0007154097198287705,0.04115138746442684,0
0.26014626,0.12329024,1.2816396,0.5267392732962497,0.8879579318324414,0
2.0024674e-05,0.0008106786,1.6979555,0.0029593396289765124,0.04478089687809672,0
3.185166e-05,0.0022170302,2.963405,0.003925733401487728,0.06391263559871764,0
0.98752487,0.0700805,1.1525931,0.9698535178407017,0.9984712589442475,1
0.016694447,0.04851024,2.302288,0.07874705490754151,0.11458218320298658,0
0.00017663462,0.00340519,5.0,0.009174624272213775,0.08089936258372812,0
4.455976e-05,0.003319235,5.0,0.0003435531706084999,0.07441513652816696,0
0.5604165,0.036555674,1.0885055,0.8741268361841708,0.9955515524357302,1
0.71044296,0.045809597,1.0597991,0.7820559568051106,0.9882854180219821,0
0.039688386,0.0578612,1.1639479,0.05894100522150282,0.054035030664916654,0
0.9337716,0.07281013,1.4993845,0.9772872338937555,0.9989414451041507,1
1.585907e-05,0.00055205263,4.494289,0.0005668803249626584,0.07229433333414262,0
0.17601416,0.024373017,5.0,0.4532431084721441,0.8939186442973442,0
0.98619175,0.042902727,1.0852076,0.9991126704977352,0.9987655276049879,1
0.22516924,0.084918305,1.8968531,0.10394304097215985,0.1291616817858024,0
0.0010563562,0.002315348,1.5836227,0.012508983802009483,0.04636970362649779,0
9.429148e-06,0.0005699111,1.3427473,0.00032733413238279855,0.03510278872332396,0
0.066239536,0.049942344,1.9215199,0.3630314777035937,0.6783351400831737,0
0.4102255,0.08549124,1.3925557,0.32076607704553567,0.509989751151586,0
2.0049973e-05,0.001449222,1.1625011,0.0004278740930296415,0.029876259968913854,0
3.2107102e-05,0.01219136,5.0,0.005776079327404998,0.0785225565096817,0
0.9748599,0.062130857,2.4531205,0.9688931424090499,0.9992065477854529,1
0.0007810277,0.0031970064,1.367214,0.023668504805966453,0.04503270241305112,0
0.03856194,0.045601003,1.7797496,0.02477894678788695,0.0581911669504871,0
0.29957908,0.10106475,5.0,0.060934356473342006,0.13375678951835093,0
0.4821671,0.18239962,2.523823,0.661931398459873,0.9826071590863821,1
0.015892036,0.07189123,3.30016,0.01675931269399741,0.07706485134027576,0
0.30243093,0.13288978,4.6630936,0.1557273577959585,0.2873534696940006,0
0.9709076,0.09117889,1.1023436,0.9997899758946319,0.9988150665258438,1
0.20782958,0.11239461,1.4473553,0.059381785204305176,0.069399555949608,0
0.5102637,0.095113076,0.99835634,0.30183711333982455,0.36300744918829986,0
0.7293644,0.068735756,1.2609382,0.7337344541688473,0.9847100887296749,1
0.015971916,0.06410062,1.2793275,0.05206735224205356,0.05630701590187053,0
0.41018292,0.10199644,5.0,0.6345717132052067,0.9822861526844325,0
0.63023204,0.08274013,1.1392785,0.6413337121342434,0.9567732466525688,0
0.0026084809,0.008422918,1.293378,0.0008534592707037676,0.03397855961416091,0
5.6801106e-05,0.031147588,1.0857025,0.00020648843142501825,0.02757642532844529,0
0.011308671,0.009315907,5.0,0.05810692470277268,0.12712139934534022,0
1.3528672e-05,0.0007794387,5.0,0.0058964654512926856,0.07838200880508932,0
0.008818434,0.029114107,1.0146136,0.0038407097765075114,0.02608806113288874,0
0.5525768,0.062274422,1.3995131,0.32249838550355053,0.5145986472690114,0
0.033623293,0.028878737,1.8279443,0.01784937772712419,0.05528884823705727,0
0.05092191,0.048416495,1.6595452,0.040352402789902306,0.06400774789029594,0
0.007672341,0.02011201,1.267347,0.008651784872914957,0.03601084372552945,0
0.0014872022,0.0050697797,2.1035225,0.02953024283612649,0.06777358533149995,0
0.076567724,0.04293336,1.9190361,0.8475043054534471,0.9967014680476196,1
0.00036849914,0.011498973,2.3030772,0.0647314915602827,0.09985881544908716,0
6.7387596e-06,0.0009794376,1.1652466,0.00012253306051074222,0.029867132311128045,0
0.42157868,0.0751987,1.0074412,0.19023652590403142,0.15442798281647757,0
0.07048398,0.046025064,5.0,0.014226369391185323,0.08583741668658289,0
0.0025276898,0.011632176,1.4755996,0.017568125542255286,0.04581032230986832,0
0.8364006,0.16417435,2.8951595,0.10809092629306134,0.1720649196834525,0
1.4852341e-05,0.022195539,1.1649071,0.010394459704591396,0.033252600390246884,0
0.6944883,0.046310443,1.4894382,0.4626495075459267,0.8257367514182093,0
0.00030300807,0.0015716357,1.4763564,0.0005010370134262146,0.038654115278996676,0
0.25759482,0.122763425,1.201498,0.48883845002067017,0.8327960620372312,0
0.9277766,0.10116687,1.2916641,0.9731760168595811,0.9987198602920568,1
0.06033489,0.061529268,1.6127414,0.02643476163794047,0.05483891970876582,0
0.1191838,0.10173617,1.0241033,0.09180361019957117,0.06399138308943308,0
0.16130506,0.09105956,5.0,0.16067081979898146,0.29939800893845525,0
0.39647296,0.12191192,5.0,0.06127507702830103,0.13499362821730684,0
0.022546917,0.024718963,5.0,0.12699473778205278,0.22866659843961584,0
0.013085407,0.020826157,5.0,0.0030123188083556064,0.07667917065882922,0
0.0021006404,0.004145812,5.0,0.023428068132585942,0.09247299933871932,0
0.00058026175,0.02022078,1.8576062,0.00019957228893410716,0.04700084281065802,0
0.76290643,0.097410746,1.7746707,0.9765277605244118,0.9990861457588932,1
0.02184547,0.05375861,1.0146291,0.017156704415358943,0.02999587189287069,0
0.104401655,0.09086875,1.094405,0.0977215526665429,0.07349350461712471,0
0.9989857,0.021612383,1.3730632,0.9984479844270114,0.9990557670797594,1
0.00021799126,0.0090241255,5.0,0.001405881505712043,0.07527958173735547,0
0.0001904066,0.013442304,1.8241765,0.004676564393692572,0.04834775251815174,0
0.0008691355,0.0060124467,3.4196842,0.002625127213989006,0.0671701482577477,0
0.16020463,0.06282156,1.2430192,0.6064327504296575,0.9444719727033404,1
0.8063826,0.1730368,1.1299417,0.9994670428967274,0.9988721565714332,1
0.80971426,0.13324794,3.5448723,0.819501959722904,0.9970013428005482,1
0.39278314,0.09528836,1.1188807,0.20871776842850834,0.20394126870657245,0
0.692859,0.08664807,1.1009672,0.4753149844659993,0.7945125113182233,0
9.1011396e-05,0.0034392276,1.430466,0.004300937434319332,0.03894822174962741,0
0.94912976,0.21099517,1.3887217,0.9486542974122618,0.9985249983208332,1
0.55862755,0.058350686,2.2767003,0.2800335548221823,0.5055656893991943,0
0.24075292,0.051154453,5.0,0.2977768218074446,0.6331271276367797,1
0.81583184,0.06263911,1.4540743,0.9788899258852145,0.9989219810947312,1
0.87136,0.10013204,4.3789716,0.9412068673208912,0.9991953229210211,1
0.4227726,0.2599851,1.2709428,0.09302362792008226,0.08735440168698709,0
0.033880915,0.13717535,5.0,0.004176623684582643,0.07989905902375445,0
3.9582384e-05,0.002325794,1.1196681,0.00046806910358804764,0.028538440501182625,0
0.50063986,0.12740803,1.4694057,0.011612348736378128,0.044681918513836044,0
0.9969117,0.01623265,0.86840093,0.9997740162769432,0.9982751294630517,1
0.00016511786,0.0021151898,1.3341539,0.0002107857074638599,0.03484166387890709,0
0.26376864,0.12115995,1.375948,0.05088504238838141,0.06111156174568962,0
0.01821971,0.029390432,5.0,0.0117950083983006,0.08349077767751903,0
0.7727484,0.17584391,1.8246609,0.059441072296438933,0.08610346688906308,0
1.1039901e-05,0.0004293847,3.6723099,0.00020933849840606807,0.06735281061469164,0
2.9514676e-05,0.0021481893,1.3109121,0.000141352558866552,0.034174459193564946,0
0.2899778,0.1241299,1.9634097,0.7347561470276214,0.9900241637607151,0
0.47487348,0.10413966,1.2706704,0.44831270328309963,0.777942761982116,0
0.02621882,0.071274936,1.1279223,0.018304355909625026,0.03503999036130924,0
0.67351466,0.05487641,1.4723606,0.5791778180311729,0.9394217002194358,0
0.008270029,0.010718249,3.119519,0.023017433882225817,0.07860912463630938,0
0.086006045,0.021002501,5.0,0.00832962529913507,0.08070757897658873,0
0.70809156,0.10961695,1.1420548,0.10328561320469024,0.08254882710599022,0
1.1096172e-05,0.000999141,1.1677662,0.00013047136996077475,0.02994776638678402,0
0.017194645,0.043458126,5.0,0.024790385345854475,0.09460321873192318,0
0.7831282,0.056958195,1.0322542,0.8976364136381865,0.9962705535745454,1
0.87277645,0.05609544,1.2171354,0.9828476362938118,0.9987413272586627,1
0.014321406,0.2259746,1.528886,0.008409486678925035,0.04582291884686022,0
1.0704162e-05,0.0007320891,1.270652,0.0017093549947523035,0.03353796541084243,0
0.7073409,0.13639027,3.398345,0.03288012303296653,0.09301172397892737,0
0.1401528,0.06759888,1.2366316,0.08005095829919272,0.07118666380056479,0
0.0014905008,0.008254003,1.3092134,0.0038579234046459674,0.03546449106099735,0
0.19299665,0.101482175,1.2213013,0.35763236953951494,0.5678378534682044,0
1.3079149e-05,0.0014087264,2.4629455,0.022674584995245533,0.06966355632814768,0
0.86223257,0.07688876,1.518406,0.9615811889691366,0.9987718847001122,1
0.0049424507,0.017356867,2.5030706,0.04732262800542788,0.0890603034589622,0
0.0017761446,0.014090727,5.0,0.027066614223311736,0.0958914188123211,0
0.01920546,0.023156505,1.848454,0.06685028832452632,0.08876288668968675,0
0.5022011,0.052711636,1.1734133,0.5513087486514034,0.9003410413230893,0
1.40366965e-05,0.0011503912,1.3766047,0.00015575808771192573,0.035960666753381665,0
0.1485322,0.16780281,1.2237841,0.06156103440568285,0.06051083524803283,0
0.6289212,0.053377863,1.1941402,0.6306337432659287,0.9542542101327335,0
0.7382637,0.07616205,1.1501555,0.5144545758324693,0.85910213580245,0
0.7963972,0.13220885,1.5359608,0.9120369409680235,0.9980116880268413,0
6.763441e-05,0.0036115614,1.2556446,0.0008998346756252598,0.0328583776337957,0
0.9998534,0.000899288,0.94916826,0.9998012151219502,0.998497915417628,1
4.4110842e-05,0.11339143,1.1597911,0.0008091893092441443,0.030822693686415048,0
0.0076530376,0.014190827,2.517195,0.014901834605477067,0.0656704219713502,0
0.00063475285,0.036121655,1.8791733,0.11212852313374438,0.13606649357404002,0
0.0012093442,0.027004378,5.0,0.018499395063640695,0.0888312231667643,0
0.012960697,0.067494474,1.3033364,0.002137322004251077,0.035260018539213886,0
0.0013058616,0.020057337,1.342085,0.006866054573268499,0.03762322837363519,0
0.5254507,0.13150519,1.5690444,0.4728355754493901,0.849550599012786,0
0.049974855,0.049374726,2.4261553,0.004378296462739915,0.05872448131776544,0
1.9098532e-05,0.00017882095,2.2530465,0.002526595121397206,0.05448522028532395,0
0.13433325,0.092975214,2.2731216,0.04008172626091736,0.08051797763197512,0
0.21619995,0.21917513,1.0982878,0.005883774352826926,0.03125169693443058,0
0.42553452,0.052643884,1.1024232,0.305302539962749,0.4007560049252352,0
0.2879251,0.08830798,5.0,0.07008003589042655,0.14454052865456954,0
0.032418363,0.0338265,3.064406,0.03413985804763203,0.08714804416851482,0
0.007170042,0.025591789,1.1544,0.0016012479627769368,0.030169695083739657,0
1.9545336e-05,0.00075995224,1.5192447,0.0009633599800090757,0.03987291570225194,0
0.0001835597,0.0011618868,5.0,0.001233220143424555,0.07500434559915309,0
0.18184611,0.090914115,1.2052567,0.32939785859122667,0.49114651003966525,0
1.6050953e-05,0.0022214844,5.0,9.049286650946601e-05,0.07421557546286409,0
0.9819111,0.026441403,1.963487,0.9557308686842585,0.9989371277538147,0
0.28630346,0.10625059,1.8992685,0.09003014275395599,0.11473188727460751,0
5.2188066e-06,0.002639753,5.0,0.01599714862290705,0.08623879055125572,0
1.23112695e-05,0.0020042078,1.4684299,0.00018515951243594755,0.03834175927794793,0
2.8569608e-05,0.001987351,5.0,0.005787546101598815,0.07832566560618902,0
0.28716722,0.14211516,1.0023749,0.17933428425074918,0.1415369942994123,0
0.03267584,0.03185433,2.9105692,0.04859421869363306,0.09740656014302522,0
0.17725195,0.023832494,5.0,0.018566679603567872,0.08901187559536926,0
0.3327831,0.07505887,1.245591,0.322853642060068,0.4835574750452204,0
0.36316025,0.12943086,1.2159252,0.016761379869898677,0.038520364839159556,0
0.0034699829,0.026193412,1.3503715,0.007161048430180805,0.0380385966889981,0
0.0005135263,0.0054532913,5.0,0.008843957967113023,0.08069026211633293,0
0.0013611795,0.012502277,5.0,0.0165697309116049,0.08692179029385869,0
0.3746591,0.0866072,5.0,0.2086891643101159,0.41190295580005915,0
0.9999999,6.554269e-05,0.9676512,0.9999093882373095,0.9985424454960419,1
0.6398073,0.06992535,1.8067012,0.46759100569808437,0.8561437881287456,0
0.00031512367,0.005665115,5.0,0.007047707797084647,0.07933863141816015,0
4.0149058e-05,0.0011873366,1.0928618,0.0003526794821660644,0.02762817255539334,0
0.69113314,0.057824817,1.0058506,0.3889041778711907,0.5825814811078472,0
0.19377182,0.07107399,1.6864927,0.03810623651985801,0.06396247466418958,0
0.999159,0.007467334,0.91579825,0.9995723642784837,0.9984109895184964,1
0.8169436,0.041319083,1.1757367,0.35446044535590304,0.5464178744331434,0
0.27418125,0.09244868,5.0,0.37520115437718043,0.7943749044952532,0
0.10422396,0.060831998,1.3053553,0.8385543816187726,0.9948744263714042,1
0.41833162,0.07259616,1.4727821,0.30153216446641257,0.47405871068825933,0
0.99930835,0.0013839678,0.99345386,0.9999467868156684,0.9985991914048363,1
0.7184115,0.12260387,1.1453861,0.9462947955466616,0.9980601493959199,1
2.3544377e-05,0.0033570724,1.1120098,0.00012253306051074222,0.028202165310118408,0
0.40388885,0.08522175,1.3287339,0.8636224196779229,0.9961504007442057,1
0.89799637,0.045030363,0.9747947,0.9200209290011825,0.9967715358535937,1
8.289957e-06,0.0005589227,1.204458,0.00013047136996077475,0.03106582950641117,0
0.14128576,0.09835157,1.5115956,0.034002908596350766,0.05634268218560457,0
5.9316117e-06,0.00050758506,1.2727932,0.00258499685124884,0.03389113438867134,0
0.9231869,0.07871031,2.1639686,0.5250146160873598,0.9249538853587113,0
0.72109157,0.037782703,1.1038691,0.9254783124722663,0.9974226889672393,1
0.00046233754,0.005631824,2.4884477,0.10890081593983227,0.1543999556507651,0
3.4286825e-06,0.0004490274,1.1410657,0.00016737653786768334,0.02911923272008019,0
0.9999548,0.0004158277,0.8626026,0.9996766167756884,0.9982462795566737,1
0.7554707,0.05561635,1.188893,0.227677800627253,0.25030968062914405,0
0.9999831,0.00022076184,0.82375956,0.999890102823426,0.9981055214374142,1
0.0005283565,0.012093706,1.101527,0.00027067733734997677,0.02797057153877,0
0.010887698,0.042174138,1.2012279,0.04021180485099526,0.04650326312413497,0
0.14961386,0.10990954,1.495799,0.07382180380460303,0.08189716957431155,0
0.017462805,0.025785262,5.0,0.05631115809264755,0.12560437680618433,0
0.0008326668,0.0074977293,5.0,0.012534834948548026,0.08358644659788612,0
0.6267652,0.14364378,1.2494631,0.27987940729410904,0.3823292823507873,0
5.4958095e-05,0.004761684,2.8124247,0.0038257779859372527,0.06233632375995255,0
0.48886177,0.08399394,1.5839077,0.26241745811875017,0.39376345160696147,0
0.0016247297,0.0028656994,1.2046609,0.003220903680036737,0.032060902269612876,0
0.3051515,0.14758201,1.0813272,0.5839787014362117,0.9208675611350315,0
6.1381346e-05,0.0037213995,1.5177628,0.008036083906060122,0.0427393379099624,0
0.30509084,0.11382848,5.0,0.265478428780784,0.5579430959213666,0
0.98395973,0.0224876,2.416801,0.9939386694109302,0.9993738599091827,1
0.24841444,0.08185427,3.0035913,0.0035132667757970144,0.06560430002953035,0
0.90430254,0.09630593,3.1182568,0.31360038934578,0.6350934513477308,0
0.601156,0.05528403,1.2689162,0.3326199603822951,0.5134945429201816,0
1.1884639e-05,0.0019474266,1.8671227,0.0007334999672601026,0.047196847393942885,0
2.468267e-05,0.00072366337,3.9977274,0.002676083778912502,0.07106273982593614,0
0.50958425,0.09518443,1.2050563,0.5821333702028448,0.9283458118732889,0
0.05580529,0.08726241,1.9220469,0.04140736155004751,0.07301694847741455,0
0.6767888,0.18693894,1.693501,0.18123821891871766,0.23626908136638392,0
1.7295566e-05,0.0006858786,1.3854328,0.00018288720804367206,0.03619990991779095,0
3.2535907e-05,0.0016195456,1.2738097,0.000141352558866552,0.033119336998010944,0
0.61363447,0.060097605,1.2024815,0.776953027600082,0.9895251630644626,0
0.041260272,0.045358174,1.3803341,0.005587543578695841,0.03852069409431841,0
0.00059695175,0.005606538,2.149941,0.014485019946816897,0.05949015371355316,0
0.15907475,0.09011358,1.1859658,0.09234675709157587,0.07682958401030039,0
0.029863346,0.040374264,5.0,0.008868370156664852,0.08146357655678396,0
0.00012869958,0.002549792,1.1722115,0.00044347528743120983,0.03019172118587045,0
0.17208913,0.023457972,5.0,0.005877405458586191,0.07899744835223763,0
0.8853575,0.057741024,0.9769686,0.5759811911792038,0.9012796965968537,1
6.907588e-06,0.00086976687,1.1182718,0.00013583637931184874,0.02838817266013246,0
0.14625496,0.093812354,5.0,0.017750208032160958,0.0898825737119143,0
0.18056282,0.02578449,5.0,0.07229894953094997,0.14501867280314784,0
0.6243324,0.15015778,2.125152,0.032536239767358276,0.07347025626388061,0
0.6583056,0.075975835,1.117314,0.6511622910046163,0.959739850477947,1
0.0009962185,0.0065093455,1.3143188,0.028558755151627042,0.04538966063846041,0
9.024343e-06,0.00076126045,1.7428961,0.00019007892316756417,0.044510948469849855,0
0.19166481,0.034810722,5.0,0.08823576887361761,0.16684709217836735,0
0.00094839535,0.0071822437,2.6950424,0.014228955924701926,0.06748330184224383,0
0.733756,0.13978137,2.6427395,0.9714965076743963,0.9992729958240536,1
0.35053515,0.10445916,4.852404,0.2672268532610819,0.5596932603306888,0
0.059431575,0.045069702,2.4633455,0.08085604178070963,0.12108222687504887,0
0.16015668,0.09313892,1.5370653,0.20582374856847768,0.26080914542536615,0
0.46122637,0.08521281,1.9991212,0.1437876002064199,0.18888157385365614,0
2.2974236e-05,0.0006421295,1.5756223,0.00018288720804367206,0.04088844918097992,0
0.34149185,0.07142508,1.7606295,0.41850372635390076,0.7782592566810255,0
0.59017557,0.030049615,1.1039172,0.3070116089259486,0.40443178941629265,0
0.1697048,0.15316476,2.7355301,0.016323604694312408,0.07218731143276497,0
3.496467e-06,7.1904324e-05,1.534236,0.001935597000598834,0.04061169825284778,0
0.0019012757,0.0048690895,2.4147978,0.01071068870398109,0.06149548828249139,0
1.2075915e-05,0.0005784108,4.350191,0.003268062979462343,0.07344199742522482,0
0.68503934,0.06534774,1.5781592,0.81408739864916,0.9946179725926121,1
1.4343425e-05,0.0067858845,5.0,0.0004582653471083485,0.07456275509582411,0
0.007679147,0.015006049,2.3473501,0.01630277437917525,0.06402096195120946,0
0.00023347151,0.005730843,2.6103876,0.03181737819419053,0.07845179154811047,0
0.06447646,0.086958975,2.1044395,0.009537530603380646,0.057193104576698274,0
0.012920138,0.038809318,5.0,0.0017463653285546238,0.07611646583700098,0
0.29766235,0.12554164,1.2774564,0.5134391458859373,0.8733714714357208,0
0.75788635,0.18441741,1.1122123,0.9924803630934778,0.9987665058349081,1
0.9054214,0.13260764,4.4754868,0.9851052304097975,0.9994953083605961,1
0.99938977,0.011644192,1.480848,0.9985049081096116,0.9991238364248343,1
0.000301201,0.0030116476,1.1717495,0.00040969148622636885,0.03017110149575129,0
0.33922988,0.11816606,1.9077685,0.21774868991828308,0.3260184025585948,0
0.07797063,0.06739647,2.9592626,0.1369379633801717,0.21386425190382552,0
0.004409412,0.013689679,1.1938392,0.034572845669752425,0.04335763497185628,0
0.47206965,0.086845115,1.3434799,0.8159011254616956,0.9938186085228097,1
0.005288407,0.029070273,1.1597537,0.016437973649991732,0.035182334741922484,0
0.0012628483,0.012816567,2.5640604,0.08427883419695253,0.12633898597709536,0
0.88835216,0.03019714,1.4587281,0.9701658024864995,0.9988155016209027,1
0.041350286,0.043728575,2.8921552,0.07481080143343379,0.12375777690514875,0
0.7612109,0.11553221,1.4640043,0.9244600944825174,0.9981564302521685,1
0.198881,0.106728055,1.2781087,0.1938402038329102,0.20554653019995514,0
0.14271094,0.14044802,1.2674669,0.3313555340982619,0.5142768695952491,0
0.80848074,0.07463814,1.206636,0.968245904093561,0.9985293819580231,1
0.62503517,0.06049329,1.0186734,0.4721957933589867,0.7694937532336886,0
0.18115206,0.028196242,5.0,0.8298518630556275,0.997512958658136,0
0.90580916,0.03311832,2.3777888,0.6817162249427567,0.9847212224273156,0
0.029424958,0.11370416,1.346483,0.03735457989635192,0.05219516021073538,0
0.009453153,0.030175654,1.2135118,0.07118847380190144,0.06332256298949643,0
0.6584768,0.03732668,1.1895379,0.7879424531415034,0.9904540836173953,1
0.7478856,0.13320461,1.813446,0.967937706882702,0.9990289153568443,1
0.48170704,0.116373904,2.0563927,0.4011043663438993,0.7703639077968824,0
0.38234276,0.0830406,1.3593163,0.31487091405073264,0.48823199398150846,0
0.17763749,0.02688537,5.0,0.05820550852628571,0.12803333934231656,0
0.0064477967,0.03219165,2.4147909,0.02303576453170361,0.06970197362364816,0
0.9999583,0.0013868926,0.7750091,0.9984958107148802,0.9978538174543479,1
0.63118434,0.04911237,1.10106,0.8766403350500486,0.9957484711908735,1
0.44101334,0.0945106,1.5287596,0.3961331997373869,0.7127370877890378,0
0.0010118445,0.007291358,2.3598433,0.2350022567337149,0.3920107140611286,0
0.35818562,0.10242771,1.2807382,0.13382118317932878,0.1230275545050723,0
0.014621406,0.03369068,5.0,0.004851584344226783,0.07828474638030965,0
0.14750347,0.02096592,5.0,0.31651714373035167,0.6743930692556668,0
0.00013162111,0.00063511316,1.3213501,0.00043926193431293635,0.0345526128865863,0
0.61531377,0.052019507,1.1791421,0.5664970630988154,0.9140516283964454,0
0.40195787,0.15638211,1.3210005,0.35537927742869474,0.5885439749966599,0
3.104147e-05,0.004089125,1.3527712,0.000141352558866552,0.035343965212048696,0
0.80179155,0.10188645,2.6659758,0.16988593151015538,0.26924967620156004,0
0.35993177,0.068641745,1.1008831,0.18834294765309273,0.1679990062404396,0
0.00025272276,0.0162102,1.0582527,0.00016414522881752548,0.02654115118089457,0
0.57723534,0.100415885,3.1374867,0.09354264087009102,0.15410361502390107,0
0.5718159,0.05928127,1.0153114,0.8084031048855744,0.9905009789925343,1
0.003871106,0.0142982025,2.3041248,0.0015751080296722425,0.054926586706916004,0
0.0044662845,0.057365425,1.131569,0.013553883289847591,0.03342918104105255,0
0.16947646,0.23740758,2.3118358,0.021155146799435493,0.07056921860343858,0
4.6921723e-05,0.003168044,1.9481553,0.005508821365691635,0.05100957235718057,0
0.21516643,0.09853881,1.2195569,0.18439148267734207,0.18160074050647598,0
0.5461754,0.091257766,1.1817023,0.39003932226253946,0.6381735692484656,0
0.002259457,0.006348673,2.7366295,0.008753036958441391,0.06451479014788614,0
0.00055675127,0.010737402,1.092354,0.00027067733734997677,0.027660632737781188,0
0.67318815,0.0557563,1.6331983,0.2569691879472403,0.38579875537752606,0
2.0339276e-05,0.0010193241,5.0,8.265713920441434e-05,0.07418706121543185,0
0.2899409,0.10459554,1.2064865,0.13120759661764173,0.11293855574012619,0
0.665584,0.15004288,1.6805974,0.8152877683070361,0.9950876498026499,1
0.17153867,0.028473077,5.0,0.013492194468316555,0.08497622757363026,0
0.79321855,0.07585019,1.7177428,0.9043328949154229,0.998022460115926,1
0.81950355,0.09188829,1.3023387,0.9628765355047006,0.9985847735299427,1
0.00023040257,0.0023262622,5.0,0.0011042290597512486,0.07493515469482397,0
0.80308896,0.1015778,2.017072,0.03930793533974899,0.07496160221928774,0
0.48429167,0.05453321,1.102195,0.6207033157756947,0.9444209692313824,0
0.07597087,0.0677653,1.2879739,0.02902685768111317,0.0454010715993142,0
4.310443e-05,0.0020446174,1.7515588,0.004579715329471919,0.046663997254818124,0
0.44425774,0.17313968,0.9885468,0.6084681394055388,0.9300939097301105,0
0.871708,0.051905777,1.6155981,0.5817078927035662,0.9456651870049007,0
0.7953911,0.10027781,1.1522207,0.8561805988766745,0.995138678433965,0
0.01623738,0.059767902,5.0,0.0016611892065170016,0.07646947238613278,0
0.051460367,0.07185013,2.8769546,0.13192240915213946,0.20320254649122302,1
0.004873717,0.01146291,3.5240831,0.010600415186252888,0.07343734780418028,0
0.89040995,0.059218194,0.9558439,0.7889642258915855,0.9874198562029568,0
0.07752959,0.08308997,1.7860467,0.4402668140958773,0.8160887931182338,0
0.035026114,0.037481643,1.43404,0.0194219029791662,0.04572725944873623,0
0.0018992128,0.07408196,1.6009127,0.005673729722293725,0.044625321684662926,0
0.0110825505,0.027112463,1.3671824,0.044186491812663105,0.05535064134238744,0
0.85547435,0.07214776,1.8584425,0.8594060170614675,0.997062238036004,0
0.43752477,0.09695196,1.4693353,0.8078503610720408,0.9938948575077383,0
0.16609919,0.06891382,1.6325779,0.145762676850152,0.1667361616217023,0
0.05741452,0.042413037,3.6523917,0.24439249366934498,0.4715353037830956,0
0.00738526,0.025608413,5.0,0.015118184945064273,0.08604086030803113,0
0.2727159,0.10054475,3.373692,0.08225609212622265,0.1430469251700904,0
0.6273977,0.045679327,1.1727687,0.8801431888593436,0.996211042400059,1
5.056683e-05,0.0033863394,5.0,0.004424471225098097,0.07735043902899172,0
0.7994343,0.12267767,2.6246874,0.9771634753672256,0.9993087483756046,1
0.17303066,0.29008418,1.1567218,0.11650175091529583,0.09853064029029591,0
0.9977755,0.17924538,1.599203,0.9986730447056557,0.9992236457511762,1
0.0009471195,0.053798582,4.727928,0.01171153213772576,0.08265061626404316,0
0.026351139,0.021419419,5.0,0.03724582330555301,0.10555424421785124,0
0.7293644,0.063434996,1.2609382,0.7337344541688473,0.9846878464192433,1
0.52716446,0.12991893,2.4990366,0.9507699207742951,0.999066932629477,1
0.16679272,0.14723675,1.1953255,0.07247913897684644,0.06511151948747798,0
0.46275124,0.24409918,1.5464433,0.0972156400046651,0.10876127828381715,0
2.6958347e-05,0.00063509576,1.1986879,0.00013047136996077475,0.03089203586518387,0
0.06159662,0.08644952,1.1965272,0.044704469651035805,0.04897297829667713,0
0.19999532,0.08218132,2.19183,0.2232088909703675,0.3581443671420787,0
0.6264272,0.08218447,1.4708791,0.16263640330701304,0.17890347656561337,0
0.002598606,0.0371862,1.3088537,0.0010459354505946096,0.03475091265193869,0
0.0028429395,0.04265856,1.6442417,0.010406110458785044,0.04742213512358387,0
1.2597861e-05,0.0024064865,1.0613023,0.00022437749160580277,0.026559708240213878,0
0.9973423,0.01029116,1.0219419,0.9998129122061145,0.9986565679918125,1
0.055096623,0.039688878,2.9462647,0.050740447542021776,0.10012566774431175,0
0.47434825,0.09662676,1.1683693,0.5372951888861746,0.8873372607163676,0
0.31775174,0.085781716,1.3534242,0.19972564669047668,0.22573956251943453,0
0.05374273,0.04657981,1.9340223,0.007417765933291751,0.05233000111079696,0
0.8745568,0.13659965,4.405609,0.9821784129426115,0.9994776141043612,1
0.56626934,0.06418988,1.5913942,0.8172590265882309,0.9948187759904266,0
0.0008378676,0.0031737385,1.0741289,0.00042295513935489305,0.027045403593780194,0
2.7244036e-05,0.006115919,1.3403352,0.000141352558866552,0.0350245999706641,0
0.71658146,0.076598525,1.9650654,0.933135971980287,0.9986749072793637,1
0.0015413073,0.0027400102,1.5915182,0.005391422704281474,0.04344131245021336,0
0.008254096,0.014393117,5.0,0.019368814205817493,0.08927736574576042,0
0.004207893,0.010779068,3.828195,0.03927000748179639,0.09898941422750518,0
0.039328054,0.058703613,1.5104125,0.2958789152396045,0.46348625693459755,0
0.2418611,0.12122071,5.0,0.12241113848989289,0.22566373978347237,0
0.43484467,0.10319306,1.5215667,0.8699926838374484,0.9968755184785092,0
0.008029388,0.02758105,3.3648825,0.11279673541608885,0.18210533757188863,0
0.46840668,0.09107935,1.004288,0.42346298195828747,0.6663407594887938,0
1.1741118e-05,0.0011700898,1.049515,7.631722570696025e-05,0.02611736721848899,0
0.20333064,0.06126039,1.4156371,0.19698301609558694,0.22761271238375017,0
0.030537281,0.035529863,2.1257613,0.006340006192422799,0.05504040819691093,0
0.32484594,0.07143808,1.177481,0.23944009227292673,0.27096565677474566,0
0.0028881496,0.01939068,1.1627779,0.01755498853332224,0.03559144778194835,0
0.35021922,0.083458714,1.3395699,0.3013184815796029,0.449637315720767,0
0.0061749937,0.0127338935,5.0,0.01414254121183898,0.0849769155336091,0
0.14582384,0.07127757,1.2005751,0.02341047496441483,0.03978815982719219,0
0.77572143,0.05581773,1.4192469,0.9687927067773685,0.9987718635712439,1
0.999483,0.0075892177,0.8299927,0.9997539009961948,0.9981316311656075,1
0.13269997,0.042697053,5.0,0.02012845303805561,0.09070098865600722,0
0.42023683,0.1274148,1.1574464,0.5551330953396053,0.9040290717693307,1
0.91116196,0.17220624,1.5865152,0.0711775811893638,0.08623126570083689,0
2.6164902e-05,0.0017044077,1.5515928,0.0026811183363395236,0.041346607711818875,0
2.418197e-05,0.0006657655,1.7120188,0.007269578369711678,0.04702230567334976,0
0.92997956,0.06967491,1.3625141,0.9922948282878428,0.9989985828246308,1
0.1282144,0.038080968,5.0,0.020784470857257247,0.0911456203636709,0
0.99102247,0.010820669,1.964988,0.9822302853304591,0.9991868441527896,1
0.14576255,0.03671638,5.0,0.022008305030018823,0.09217889872685268,0
0.0014718965,0.011410902,5.0,0.0021070416975017647,0.07582936819111469,0
0.9118602,0.12561297,1.3447496,0.9761805949976294,0.998820328393292,1
0.16134784,0.023765411,5.0,0.056755505682750784,0.12626199441318126,0
1.5432588e-05,0.0008317757,1.465558,0.00018288720804367206,0.038257409093813664,0
0.48881882,0.03724584,1.0793751,0.8525105632052777,0.9943867864051128,1
0.003435589,0.012381904,2.6241472,0.003981398295935996,0.06041645723485205,0
0.7740714,0.14450775,3.4520671,0.9743081363152122,0.9993802284238347,1
5.39483e-06,0.0024130254,3.2203946,0.008589817001158132,0.06932144004859829,0
0.00039920685,0.002793593,5.0,0.001127060096637478,0.07496056961026747,0
0.0006044481,0.008902916,1.5049188,0.008112731295396991,0.042496994734908235,0
0.03884422,0.031879313,1.5784298,0.008787668048271665,0.04495682568936153,0
0.71993834,0.081063606,1.2574073,0.2515259169778585,0.31449347852240256,0
1.2872216e-05,0.00016918255,1.3435258,0.000141352558866552,0.03505569874577785,0
0.99994016,0.0013778907,1.0226871,0.9998992974076291,0.9986558646584172,1
0.6396016,0.069748074,1.7051083,0.8435745140063051,0.9962819795526296,1
0.11831503,0.082159765,5.0,0.0111212933657158,0.08419482853801025,0
0.0037293434,0.012043501,5.0,0.009543168440453133,0.08136406993249153,0
8.665478e-05,0.0014494159,1.7078512,0.003739713457833565,0.04534643656445602,0
0.70802593,0.19885004,1.1602911,0.11562964765956582,0.09649609806745214,0
0.0044688294,0.014369695,1.2821805,0.005076406037014971,0.03515192349623359,0
0.16842476,0.027845362,5.0,0.005877405458586191,0.07908271956588284,0
0.000754976,0.013785855,1.0429938,0.00042134885876924164,0.026076690123568967,0
0.4542585,0.113795616,1.1720662,0.32326027915693395,0.4694406559578824,0
0.0079122,0.033728346,1.2537276,0.004716033600625497,0.03434721884607154,0
0.44854054,0.07833903,1.3855673,0.20287265822048225,0.23584276149085104,0
0.97369295,0.052279957,1.8675755,0.9061175350034419,0.9981780978134562,0
0.04673288,0.08412612,1.4589406,0.028217971990802733,0.051290044685067246,0
0.012007349,0.03209921,5.0,0.004046584278897574,0.07765689216799834,0
1.3948386e-05,0.009023491,1.230608,0.000141352558866552,0.03192353988505088,0
0.0343214,0.08039667,1.2756807,0.013207016735619354,0.038571689253894655,0
5.4420663e-05,0.00059985684,5.0,0.00023081431221927415,0.07428346822463028,0
0.006139631,0.01973929,1.3899323,0.004998995316148748,0.03828512621414679,0
2.851038e-05,0.0021251321,1.7106544,0.0037748541508531982,0.04543061578110761,0
0.1905677,0.058760967,3.1408842,0.0709907847695447,0.12450610749350592,0
0.99995077,0.00029791298,0.8592963,0.9996986189981479,0.9982352286809155,1
0.8789914,0.054262023,1.5898212,0.9577026660973172,0.9987684137827885,1
0.6887118,0.041632235,1.5292759,0.3338076102859056,0.5643049499189899,0
0.0062518795,0.027064113,1.5430329,0.0005959123858908152,0.040583238048445935,0
0.7517895,0.085900195,1.898353,0.4359456615667019,0.8181683816344824,0
0.0017798303,0.010123246,1.9673022,0.011660803377002026,0.05462549944931618,0
0.00062124804,0.011801819,4.7169166,0.017940756948253787,0.08663656430800604,0
0.28005105,0.1037953,1.1781334,0.46438492432499767,0.7901555052529752,0
0.09782955,0.033218503,5.0,0.030618956573654137,0.09969131264632,0
0.37127855,0.10983721,0.9980492,0.14166929190605398,0.09948986892560055,0
0.00016010889,0.005235998,2.3718572,0.0005201413067097222,0.0551673231751722,0
0.9217457,0.15186043,3.8247795,0.962928600903657,0.9993342840675508,1
0.009031027,0.019969562,5.0,0.0008861902668179973,0.07512941320971098,0
0.8528305,0.049759384,0.9855183,0.7890145892943962,0.9879449425718718,0
0.0005958388,0.0035369839,1.559638,0.0005755831650784383,0.04070777481918308,0
0.15330057,0.025986394,5.0,0.25649604654570024,0.5285097381937021,0
0.0010432851,0.0041438,1.244039,0.000603200121920338,0.032426336553953376,0
1.4177269e-05,0.00058119796,5.0,0.00019075530039596667,0.074254832302934,0
1.3756925e-05,0.0019977333,1.17549,0.0001315544089576815,0.030194821112429836,0
0.07363288,0.0440958,5.0,0.006427227439881254,0.07973028311474752,0
0.48001435,0.15641595,1.6999383,0.6911177239266852,0.9828244128374589,1
0.99967253,0.0009543294,0.8472095,0.9995579769104211,0.9981899061604972,1
7.8268085e-06,0.00058482157,1.4015906,0.003293687531060268,0.037765585274132936,0
0.050189126,0.056883987,2.2925715,0.06295621308516094,0.09916248597387946,0
0.00020909253,0.006131195,5.0,0.0002494935461992482,0.07440280317567372,0
0.49341306,0.07904759,1.3055428,0.8460076318197279,0.9952995602101095,1
0.0043720813,0.008732791,2.0917134,0.005807312861037416,0.05378408696486545,0
0.011972306,0.24436232,1.1003656,0.0011282558589312335,0.030003173968412466,0
0.08422279,0.053053223,1.8652724,0.14639547827692306,0.18288985225565108,0
0.7674781,0.0671677,0.99881315,0.6896614598813311,0.9680378280477105,0
0.017034097,0.021098753,5.0,0.13671914157793744,0.24652567551092083,0
0.0021473854,0.0071742833,1.1962981,0.00036285723904334215,0.030946269536189848,0
0.6860289,0.059071954,1.3881567,0.7894932486942168,0.992149332986715,1
0.6431647,0.04718367,1.3348064,0.26142983858986896,0.34953470807334114,0
1.0681412e-05,0.004655716,5.0,0.0002885264514779646,0.07440187941041376,0
0.9977137,0.036477588,0.9246236,0.9997229896680635,0.9984497867126197,1
0.58438134,0.054471426,1.4420432,0.8357222466080951,0.9952731218368772,1
0.10769226,0.06843318,5.0,0.5471727996739272,0.9571339803093194,1
0.46523243,0.07532346,2.4276855,0.8209575776101931,0.9963591398736318,1
1.2325601e-05,0.024014957,1.0380031,4.58960078320032e-05,0.025881501276215146,0
0.17822333,0.02549339,5.0,0.09104551483411646,0.17049700041648014,0
0.8463611,0.17353436,1.2370629,0.054110071056233916,0.05759723342518421,0
0.77679324,0.098043494,1.1617683,0.6602431770196558,0.9651753199125948,0
0.7023301,0.14289704,2.429786,0.09835831662449429,0.14494434374185705,0
0.8457528,0.060483173,1.9991468,0.07491289953827761,0.10292879292653034,0
0.0064847944,0.009942901,2.685447,0.01409431601213674,0.06732845814474585,0
0.0007283384,0.004939394,5.0,0.01161313654912972,0.08281111962169123,0
2.2098446e-05,0.0025196616,1.4875877,0.002077108792291694,0.039550436331220254,0
0.017155647,0.037100334,3.4293718,0.0032696551668067314,0.06822362258155702,0
0.00021600605,0.003144393,5.0,0.0103924514193158,0.08182730138321573,0
0.15757567,0.15947884,1.3359475,0.512057960513305,0.878071826172185,0
0.0059748706,0.105875514,1.0311477,0.16020200731794937,0.12214775027080245,0
0.17538127,0.020132512,5.0,0.8448579245296322,0.9978619348217966,0
0.0010586133,0.009414845,1.0648701,0.002415444388659684,0.02732047337561692,0
0.16069373,0.04045372,5.0,0.024314707466775807,0.09428346060425502,0
0.013175812,0.015305389,1.6139591,0.1841201568843767,0.22392448354436062,0
0.08257031,0.09265574,1.6241244,0.06712278619922028,0.08207670135777058,0
0.5811584,0.13796182,1.726331,0.02105147673642065,0.05655217658969144,0
0.9766575,0.035061095,1.1181304,0.9910671616606442,0.9987083152589459,1
0.48113963,0.0722798,1.6556767,0.7951283262017559,0.993739108716779,1
0.24327786,0.06495883,1.3073007,0.7263933874122473,0.9840627667334517,0
0.003925146,0.013530236,5.0,0.050511498628091976,0.11883980550940516,0
2.7173714e-05,0.0013941992,5.0,0.00209657263920398,0.07562521112397143,0
1.2633437e-05,0.0021295613,1.7108182,0.010114094747901389,0.0483380366753804,0
0.043423347,0.07327346,3.6142054,0.032697668223508405,0.09275607194442008,0
6.594452e-05,0.0014695291,5.0,0.00016315880959835502,0.0742524362165614,0
0.00020759412,0.0025872928,1.1003599,0.0004522778522170785,0.027911096339384597,0
0.00010829815,0.003100127,1.704392,0.0011546567830331678,0.044159154563829364,0
0.03762874,0.033589978,5.0,0.011301434340509077,0.0832138700868229,0
0.00022354911,0.005887085,1.8253446,0.050747293203803556,0.07523112236375043,0
0.0058794767,0.018789373,5.0,0.014464975350809072,0.08536560379902836,0
0.0055631916,0.027689628,1.2358714,0.004655972422864163,0.03371978404758067,0
0.14195067,0.034990106,5.0,0.09543388744386642,0.17726818109253079,0
0.53739625,0.060763363,1.1701108,0.4826126330932779,0.8169563460514954,0
9.19247e-05,0.011026656,1.2031515,0.0023472116074255474,0.031806757037723205,0
0.037402745,0.04458166,1.2093741,0.036849966941235254,0.0453949811364566,0
0.34419638,0.079506606,1.2266058,0.12420539371577985,0.10723105943081512,0
0.6816498,0.05170589,1.4798332,0.8794974195721695,0.9970556716282573,1
0.2172176,0.09214591,1.2486029,0.04377306385208444,0.05110506230922764,0
0.014487517,0.023005933,2.9472957,0.0022397554146077778,0.06308128817405192,0
0.024759872,0.03619366,1.2621795,0.24436575441084651,0.2951905797678481,0
0.19572462,0.066322096,5.0,0.18107484537104407,0.34358354103470234,0
0.51047295,0.04817096,1.4145025,0.5707551059885121,0.9315316983108434,0
8.948585e-05,0.0030014922,1.6174487,0.00018288720804367206,0.04186097690763485,0
0.573165,0.06890296,1.085492,0.618326674025328,0.9423139610903445,0
0.3555027,0.08549729,1.6054982,0.11345907713544147,0.12477547699842877,0
0.38772082,0.08658479,1.3581845,0.21520750158892218,0.25562597754905086,0
9.9742065e-06,0.0002571888,1.4556069,0.00018288720804367206,0.03800278589203771,0
0.9959811,0.047800183,1.0717407,0.9998918892533918,0.9987564361398409,1
0.001807567,0.012415126,5.0,0.01956614085543486,0.08938993607816254,0
0.0026298575,0.010851936,5.0,0.016087191408344765,0.08649496030640068,0
0.041883484,0.033207074,1.4679307,0.018713240707641743,0.046388314979904983,0
0.3562201,0.08012379,1.3901602,0.425939935899358,0.7529385374073065,0
4.182362e-05,0.0057316963,1.2452918,0.0003979041082543755,0.03241062653273767,0
0.5765827,0.05408126,1.3182341,0.5534164478683472,0.9137387218564273,0
0.99860734,0.019070826,1.8545738,0.9987132919093303,0.9992840146342679,1
0.0006434832,0.0031610187,5.0,0.012114585794244605,0.08316462795424258,0
7.74559e-06,0.00046439224,4.075006,0.008332372214040049,0.07546266177277307,0
2.075728e-05,0.024137989,1.1946459,0.009332702373280106,0.03392531899190556,0
1.0784403e-05,0.0065440256,1.144837,0.00029285518461190423,0.02932295702792319,0
0.2220861,0.113085255,1.2359804,0.33404128862363314,0.5122251857837506,0
0.33908448,0.15118757,1.23584,0.014985476315622302,0.038772533420893485,0
0.19215228,0.034142658,4.721359,0.6272359100734648,0.9801841202691919,0
0.000111112255,0.002556888,2.2064009,0.005179389448267965,0.055222513420741005,0
9.046515e-06,0.00028636242,1.2225065,0.0004589234097551067,0.03170770571585376,0
4.0447736e-05,0.0011692203,1.3758085,0.002100279107617173,0.036636931898155,0
0.21474269,0.09134873,2.5390146,0.15957070373763418,0.24186368423550805,0
0.7856872,0.04691335,1.0224681,0.9181530672507122,0.9969265821640821,1
1.9774538e-05,0.0005902529,1.2200795,0.0004972775834474063,0.031649797573331355,0
0.01607941,0.029922739,2.1273627,0.1037228753889414,0.13636830710112227,0
3.5917394e-05,0.00070726627,1.5728172,0.00018288720804367206,0.04082467132175442,0
0.7983027,0.06921053,2.658468,0.9448942005170479,0.9990303152409369,1
0.0059545,0.020397732,5.0,0.016431528505555234,0.08698887760821332,0
0.8023296,0.04997028,0.98431635,0.7180102972433287,0.9752929495796521,1
0.99535227,0.015736356,1.0851231,0.9998970692120863,0.9987661427320719,1
0.002591768,0.012606027,5.0,0.009868719541530454,0.08162449063988908,0
0.060996134,0.033442218,5.0,0.0737857859855064,0.14698020661819852,0
4.2532715e-06,0.0010282799,5.0,0.0002309558100125484,0.07429172558913073,0
0.84425914,0.036532734,0.98341,0.7892916059567553,0.9878957280157983,0
0.0014259625,0.0058762934,5.0,0.0016662973196456801,0.07540569091605415,0
3.6759309e-06,8.752621e-05,1.4463549,0.001935597000598834,0.03842673486233447,0
7.3632546e-05,0.0030737023,1.300438,0.0012175542176992731,0.03425244323885015,0
0.21949635,0.05599113,5.0,0.4104748071392469,0.8458322596590835,1
0.025418907,0.029985553,1.5704355,0.10135465900223524,0.10790681736579191,0
0.37742692,0.16905679,1.2037169,0.1666371807778868,0.15690978763457142,0
8.065574e-06,0.00080705545,2.8764842,0.0029616689314893763,0.0624270391330805,0
0.9991935,0.020045597,0.9147831,0.9997999907520458,0.998417442548321,1
0.009662101,0.014293413,5.0,0.011571826317792654,0.08298631844893913,0
4.298547e-05,0.0027110798,1.2104123,0.00013047136996077475,0.031263236707101724,0
0.00026358868,0.0073006963,3.2621138,0.009131418694198394,0.07014478352590178,0
0.87407374,0.025473962,1.3359404,0.9610658824833286,0.9985730946795568,1
0.23124321,0.113560796,5.0,0.20405543327057288,0.4017725825535351,0
0.16590333,0.112608634,5.0,0.023993603412627018,0.09573429894926236,0
0.06718972,0.062422484,5.0,0.007180220794958681,0.08066979383363584,0
0.21853974,0.12001526,1.2400988,0.40885332864286167,0.6946177702888517,0
0.13177438,0.03101994,5.0,0.004123138739066872,0.07780981228224026,0
0.9999654,0.00032386344,0.8389087,0.9998304143218356,0.9981637747008053,1
0.5459556,0.09703924,1.493946,0.5149995855753264,0.8916318169951769,0
0.00034696175,0.0046008024,1.2151462,0.0004215195457234831,0.03151236811976575,0
0.00020000068,0.04321735,1.1546932,0.0013529752427343996,0.030245477113466087,0
0.006656639,0.03498733,1.6184081,0.014755415848024464,0.04872154339696558,0
0.91866696,0.101417504,0.954956,0.9996479315714752,0.9985489081467821,1
0.0035431872,0.020458953,3.2134273,0.08485344482726036,0.14050752390255458,0
0.16638604,0.03329151,5.0,0.049373730517453265,0.11842924557477971,0
0.02940071,0.06428062,1.3157548,0.0021867045420518746,0.03561436560355392,0
6.8706635e-05,0.0389465,1.3124498,0.0016161157861372328,0.03506576070191702,0
0.9116209,0.06354883,1.3842621,0.48622529813775783,0.849548781825827,0
0.99995935,0.00053276255,0.77455467,0.9984958107148802,0.9978509487004907,1
1.701613e-05,0.0011681418,1.1069224,0.00011224083377055666,0.02801844951888036,0
0.5387283,0.045169093,1.108844,0.40681583413374567,0.6560369489508061,0
0.25054583,0.15184316,1.3034045,0.04940271386044658,0.05745156457571693,0
0.1297332,0.029682321,5.0,0.022139859101486623,0.09210940859501521,0
5.7297234e-06,0.00088154594,1.1483094,0.0035139083010183206,0.030344306985224813,0
0.09466054,0.09061862,1.5571249,0.38963778882466776,0.7013189758908788,0
0.63764405,0.043317445,1.1923705,0.8763075436155014,0.9961368556577553,1
0.51905495,0.10727386,1.2757154,0.8540501477976824,0.9955924881074081,0
0.4103207,0.17225257,1.232159,0.06956550201277344,0.0661420123773867,0
0.0025403253,0.0064184107,5.0,0.008759383366015014,0.08064795141607269,0
0.011481269,0.026455067,5.0,0.09026698226032293,0.1690859325751319,0
6.405023e-05,0.009535143,3.882072,0.0027645523011891673,0.07057095069591782,0
0.23829508,0.07918693,1.2462717,0.385589217645707,0.6405986624142032,0
0.8473922,0.17097886,1.9124258,0.9752584748594733,0.9991458734592441,1
0.5951541,0.044895165,1.0204375,0.8732828681854747,0.9951106152505189,1
0.14027655,0.09538057,5.0,0.0111212933657158,0.08450254700540281,0
0.27117035,0.096313305,1.5898808,0.8175266426051386,0.9948534951321768,0
0.8648261,0.049521733,0.98786557,0.8975739268855022,0.9960215657589848,0
3.797049e-05,0.07508654,5.0,0.0012482533315399038,0.07645598885170769,0
0.079126775,0.068512246,1.2007183,0.05291655862885789,0.05302132712612683,0
2.0503212e-05,0.05266725,1.10174,0.00011224083377055666,0.028241633379755663,0
0.72241133,0.15243058,3.498208,0.023554658867802367,0.08657928831002347,0
0.019265898,0.057628505,5.0,0.015990621061739384,0.08746905728994463,0
5.0680566e-05,0.0014884177,5.0,0.003516498018206333,0.07665119529913235,0
0.6951596,0.13659483,2.125876,0.6818935222810274,0.9840335449276438,0
0.20571764,0.049307115,1.5196284,0.1773545606381478,0.2048724060473061,0
0.13262449,0.15587749,1.6563516,0.04470769464012949,0.06858809914534192,0
0.00019654364,0.0068568424,5.0,0.012383894811222476,0.08345364713400587,0
1.5299674e-05,0.0004233502,3.1050777,0.005242901874718987,0.06606304362820636,0
0.1900046,0.033679117,5.0,0.7548410757332783,0.9946573855198726,0
0.0024952167,0.028664315,4.4852567,0.021420129206049184,0.08859319137818905,0
0.0014981163,0.0079315975,5.0,0.007968367357523858,0.08007860704228016,0
0.7793704,0.06637309,1.0261182,0.8513530824131132,0.9939841988964948,0
0.002475995,0.09547104,5.0,0.0012364373312697095,0.07685159355848128,0
1.52367e-05,0.00037653424,5.0,0.0004259083283181412,0.0744168248958389,0
0.2387249,0.08580651,5.0,0.0013289619278344243,0.07695873868903845,0
0.80604774,0.04408241,1.1832352,0.9389251539511901,0.9979494224102851,1
1.18284315e-05,0.0041332263,1.2252117,0.010362983385986237,0.03510337180318273,0
0.14327836,0.037117936,5.0,0.0062372428405916905,0.07951537070482924,0
0.013529609,0.11321521,1.1563802,0.004973115214841498,0.03201345006987006,0
0.040806416,0.047003012,3.4130514,0.03576394471265879,0.09278792513798069,0
0.6409514,0.055893365,1.2634788,0.4441624703019176,0.7673663184104995,0
0.009705057,0.013340895,4.0241632,0.11402656876202659,0.19424038781958752,0
0.10498873,0.023280464,5.0,0.06780733809805735,0.13919282050088727,0
0.054001506,0.061234284,1.2206135,0.022600631640672518,0.04007633367608878,0
0.003953214,0.012016469,1.8838352,0.004059787333764968,0.04920947413437292,0
0.030106572,0.03450391,3.3473198,0.1259976312312927,0.2031331911857196,0
0.5613337,0.050197296,1.0457822,0.7937845822898983,0.9893993188811988,0
0.16979255,0.023092559,5.0,0.006535752743926052,0.07948023132676314,0
0.9300183,0.05023297,1.1017292,0.9486021398982477,0.9979732994121632,1
8.791453e-06,0.0062904973,5.0,0.0009669869993365159,0.07491392704856756,0
0.13717309,0.1331442,3.8488102,0.03412715111045501,0.09767804784554147,0
0.04315148,0.050109457,1.8607128,0.04889308848973428,0.07586211601452199,0
0.10885852,0.08453788,1.2611569,0.3682417114659798,0.6019426225980438,0
0.0006356942,0.0035756587,3.481769,0.004929057195940829,0.06910815228547833,0
0.28169012,0.08494994,1.6142802,0.3814894901241734,0.6908493473672267,0
0.025828943,0.045959406,1.1106048,0.07221372099161939,0.057867876022401475,0
0.35559505,0.124184646,5.0,0.34573842787171766,0.742567923851975,0
0.0020145338,0.013313361,5.0,0.00824489896378912,0.08039900221704659,0
0.003430367,0.010034235,1.3956634,0.08051295394031201,0.07959923158013094,0
0.99997807,0.0015799459,0.9990039,0.9994053758985733,0.9986028841230095,1
0.12250195,0.026281068,5.0,0.010490536917175665,0.08251606763693028,0
0.039323263,0.03882484,2.42195,0.07963344956792631,0.11848435006861378,0
1.6996158e-06,0.09746891,1.4725875,0.006528850680577913,0.04197935113355502,0
0.17601375,0.11576217,1.2416122,0.038639598923071006,0.048586729268906524,0
0.6890446,0.041346688,1.1753203,0.7035723533986679,0.9773281856848578,0
0.80610704,0.14125533,5.0,0.7043981453598747,0.9914046185446563,0
0.13734615,0.1806484,1.9715611,0.7806702764423973,0.993849505954949,0
0.9837841,0.021604935,1.0500705,0.9999494059671552,0.9987123643776368,1
5.545544e-05,0.004752953,5.0,0.005323052419143538,0.07803795075534271,0
0.7645125,0.06821975,1.9542128,0.6252487700486907,0.9695924784358624,0
0.05610634,0.07378676,1.4055312,0.471032387766151,0.8295232670739248,0
0.8513419,0.06709397,5.0,0.883858904159466,0.9985973675362158,1
0.18370472,0.043502424,5.0,0.06229412056141935,0.13333059540386358,0
0.3272432,0.07189086,1.2544155,0.7663510997087777,0.9888922507163426,1
0.10296244,0.036493156,3.5897439,0.021981589958041982,0.08298359890480937,0
1.146868e-05,0.003938168,1.1172237,0.00011224083377055666,0.02837143362496421,0
3.70594e-05,0.0004046357,1.3904392,0.00018288720804367206,0.03632924592348061,0
0.025396591,0.06559862,1.4336371,0.0663293156876011,0.07243534873540224,0
0.00034530327,0.004651433,1.8966839,0.00043924309257682416,0.0476430204432358,0
0.016940482,0.094494276,4.175385,0.027886861153061115,0.09362530216300402,0
0.7890022,0.09584948,1.2545422,0.9655041942536301,0.9985635472943764,1
0.46645692,0.15866624,5.0,0.6654505645745721,0.9872414739341342,1
0.76416045,0.054846812,1.2042809,0.474024660936091,0.809155737377622,0
0.05773483,0.050277125,2.9848852,0.43448736789723846,0.851745978778969,0
0.0013454139,0.002328039,5.0,0.0165697309116049,0.08669715341695373,0
2.4944766e-05,0.0019708404,5.0,0.0018408775146058374,0.07545333407110043,0
0.96250826,0.04151887,2.1851294,0.9885063663073805,0.9992979682950548,1
0.40642133,0.20622909,2.0744643,0.024776717620832375,0.06797431268110235,0
0.54051155,0.091455,1.359782,0.4243010065891121,0.7464689866839925,0
0.82572156,0.0433131,1.0044875,0.9299905789840458,0.9972056536586901,1
0.00014312156,0.0018320217,5.0,0.0011968711288489098,0.07499139787811845,0
7.414543e-05,0.0028077874,1.5263371,0.0005453327957704947,0.03990094442108088,0
0.7702805,0.05910441,2.1094995,0.9290960540808264,0.9986816440954961,1
0.00017151314,0.004299662,1.3313905,0.14365997989478033,0.13560905324224817,0
0.33121613,0.0885677,1.3923674,0.16926604583083432,0.18037020819515998,0
0.00023362429,0.0039637415,1.4699836,0.00018288720804367206,0.038399761147332505,0
0.30095428,0.18126337,1.2677585,0.010246105678356278,0.038360079764401755,0
0.21084008,0.12257133,1.240026,0.3773184023053055,0.6222208618132795,0
0.0059079765,0.015464473,2.8459961,0.018511809966097574,0.07235252142409686,0
0.15858352,0.08103429,2.5922358,0.10677859819388602,0.15766690101150704,0
0.024158701,0.02027632,5.0,0.0013818771704121882,0.07550383886033281,0
0.009136911,0.024386065,1.8209423,0.018300756667131088,0.05528788213852144,0
0.11547466,0.03724087,5.0,0.013625619081960298,0.08521275635123224,0
0.7112336,0.044808105,1.383094,0.7920891707119792,0.9922971593216526,0
0.51720595,0.03857361,1.0810806,0.4702819551598485,0.7791357067594059,0
0.012917888,0.028651172,5.0,0.018154170196018848,0.08859515895658146,0
0.6218034,0.14952032,1.6497843,0.09828530985644973,0.113272076125402,0
0.42588338,0.111801855,0.98265785,0.32264533207900215,0.4088421888149243,0
0.00019844816,0.012641478,2.0298815,0.001224854366387721,0.050468330283530795,0
0.59290355,0.037015863,1.1309072,0.8872097432084619,0.9962993793320863,1
0.1120184,0.18914486,1.2068737,0.09605701019927072,0.0831719812907384,0
0.23392825,0.1853333,3.7029343,0.06623026227767605,0.13088739487504286,0
1.4665149e-05,0.0013364943,3.026398,0.005462091177569733,0.06546880042531272,0
2.170547e-05,0.00082726224,2.063893,0.0037139674632056946,0.05212445610403881,0
0.003433015,0.0166722,1.5889158,0.07689693667651148,0.08656422631205145,0
1.5595553e-05,0.00057123636,2.2448537,0.009610792417175627,0.05822744999925167,0
0.17705256,0.02547521,5.0,0.050631673055266994,0.11956867976812,0
5.7609104e-06,0.0020852748,5.0,0.016039099953023526,0.08626052209082859,0
0.011886884,0.022236934,5.0,0.034151090529478345,0.10259821725006951,0
8.481554e-06,0.0007165424,3.6029139,0.002849858143691963,0.0685899638741117,0
0.09854183,0.07226527,1.2682632,0.027235070524372306,0.043935251717388095,0
3.8529815e-05,0.0022578617,1.8520876,0.0025391466712630004,0.04775213980772957,0
0.074930064,0.22411947,1.0096747,0.09740145871512804,0.06835147550659677,0
0.14939748,0.098478355,1.9300585,0.05841117323152367,0.08632624085710945,0
0.0056332294,0.025148232,5.0,0.012104225405563667,0.08362983730196887,0
0.00015124529,0.040320404,1.0582407,0.019770184372165468,0.0324700759483448,0
0.68073297,0.05209003,2.0596662,0.9604057145605983,0.9990241521422026,1
5.9036644e-05,0.001490846,1.5917499,0.0018096853191858972,0.041931075030110516,0
0.0024820962,0.013429444,1.7508266,0.008602834722360637,0.04866595338233769,0
0.93093055,0.04363379,1.1347235,0.9649650759532669,0.9983472262013161,1
0.5134535,0.051018875,2.3512962,0.8559388250439793,0.9973879695346788,1
0.2350857,0.13244505,1.4151508,0.16362592970447384,0.17595962744324392,0
0.00046234104,0.005984187,1.6095092,0.0009564239225102255,0.04203511599583019,0
0.30714488,0.16496968,1.9792814,0.04266371556225584,0.07717345697621472,0
0.00069213717,0.0037405766,1.6650956,0.0005197629234897094,0.043055827821056686,0
0.07548846,0.08768446,1.3508943,0.043117865201921006,0.05503648308375638,0
0.49603003,0.0809627,1.6423851,0.7577554956332923,0.990801366182588,0
3.444213e-05,0.013313158,1.0209692,0.017379318047316752,0.02998473689851124,0
0.6529894,0.08605429,1.2726687,0.5124630960530289,0.871098607386848,0
0.07681916,0.02166414,5.0,0.00868088532736048,0.08097950916807557,0
0.9999893,8.7954926e-05,0.8234064,0.9997492224593337,0.9981012838852041,1
0.122755416,0.06071146,1.2172388,0.06250797511361703,0.05900186770078324,0
3.2222375e-05,0.0012175172,1.9932626,0.10339311056796832,0.1297281295570508,0
0.00019820308,0.020816145,1.906008,0.0005724340430824389,0.0480812124537817,0
0.52661943,0.050140712,1.3845587,0.15563649908477045,0.15875836432434,0
4.5500765e-05,0.0020087645,1.1929853,0.0009420640687299608,0.03097916787000704,0
0.26914153,0.1353621,5.0,0.08204427657600201,0.1621176427307429,0
3.4233829e-06,0.110655755,1.041301,4.58960078320032e-05,0.02661151516490947,0
2.4408566e-05,0.00037032907,1.5162936,0.00018288720804367206,0.039492837705791005,0
0.99904746,0.008409661,1.6547992,0.9987132919093303,0.9992106603617007,1
2.1318141e-05,0.005489549,1.1380663,0.0003612654618551683,0.029120187571893847,0
0.081519894,0.06999854,1.7783484,0.14921963508333536,0.18222411769941968,0
0.8148504,0.077626534,1.6465455,0.9689630451676746,0.9989425228465275,1
0.00017030168,0.013569605,1.643138,0.0008823857946687225,0.04284124611954403,0
0.77553666,0.065000534,3.047507,0.9326073574538403,0.9989728270300637,1
0.6650915,0.11018782,3.4750125,0.905184046104622,0.9987312910708388,0
2.6757457e-06,0.00061631453,1.3168557,0.000141352558866552,0.03432591812369799,0
1.6017466e-05,0.0017887857,1.3206583,0.0030547269658329317,0.0354497102038211,0
0.00017200086,0.0047831116,5.0,0.02287350917542046,0.09200951096714904,0
2.1965512e-05,0.00058050983,1.6442251,0.003932851592964006,0.044014492801630695,0
0.04129874,0.089205496,1.7931658,0.01929888044811727,0.056148652867397376,0
0.99689,0.0104084,1.1120809,0.9998338244175469,0.9988030072156091,1
0.00018308076,0.003171305,1.8764727,0.0005312408656049113,0.04729360295495861,0
8.758748e-05,0.0037285716,1.401793,0.003443541092087635,0.037858830640441,0
0.4571312,0.07470991,1.1669757,0.43196526433108384,0.7263097916766197,0
0.24391529,0.060695034,5.0,0.32139818123388775,0.6879520657215643,1
0.0034538796,0.00942748,1.2327178,0.036132238699820546,0.04561867106905327,0
0.00012902508,0.0046943924,1.137486,0.0003807942695600265,0.029101208202126676,0
1.704785e-05,0.0024482028,1.1624064,0.0001315544089576815,0.029793419398246562,0
0.9963341,0.021396777,0.9240725,0.9998487053659746,0.9984437886139667,1
0.37021354,0.07264495,5.0,0.9172637257272788,0.998998691981766,1
0.82800305,0.10449504,1.4610032,0.3371961443255956,0.5666982291474675,0
0.9322327,0.06335767,2.0932937,0.9829960840588463,0.9992395218273806,1
4.463095e-05,0.00069458614,4.3614945,0.00031215628570583845,0.07146563863570442,0
0.051360827,0.057722867,1.3926024,0.11088789738567888,0.10671931796942133,0
0.9989159,0.0050598253,1.0302293,0.999934927631201,0.998671591466798,1
0.6584623,0.0666418,1.2248499,0.4910955485629724,0.8377631508882923,0
0.6049356,0.04622994,1.2180091,0.6698252267448568,0.9695642079525876,0
0.0006173186,0.0028084628,2.1372893,0.01615517101962855,0.06018452041133911,0
0.16825168,0.023830116,5.0,0.06235009697421125,0.13274037086697937,0
0.56550103,0.05444388,1.5148467,0.17223528599952298,0.19698533165485618,0
0.6740975,0.055904064,1.296945,0.5485721839729558,0.9083986461798559,0
0.8739311,0.056343105,5.0,0.7532633681988254,0.9946549888599592,0
0.030139122,0.08942549,1.6970022,0.002815383548472877,0.04578105204837163,0
0.29656106,0.075609416,2.1662102,0.5965514023086717,0.9621799692179059,0
0.00071248057,0.008192989,5.0,0.0040933911348918425,0.07720447278077511,0
0.0012462682,0.006391766,1.6954564,0.0005045662429472593,0.04372938838875268,0
8.306719e-05,0.003477188,1.169613,0.025625532541120433,0.03864895953075597,0
2.4505684e-05,0.0057821195,1.2104163,0.000141352558866552,0.03129264473919587,0
0.0599618,0.030181991,5.0,0.025924544624401462,0.09533557007060267,0
0.055986322,0.05246759,1.4132429,0.14725549521019574,0.1495737750341417,0
4.7826645e-05,0.0044054813,1.482952,0.002455963998433946,0.03960193501815816,0
0.0039597754,0.005653616,5.0,0.03521784347936185,0.10317145651330968,0
0.27366567,0.17214066,2.184541,0.01005558689662653,0.06035944292159446,0
0.94358355,0.07254518,0.9560438,0.999222608238844,0.9985338675895777,1
0.13707815,0.020455977,5.0,0.520657914204784,0.9438018166247737,0
0.47994867,0.053010046,1.61884,0.8900440846226514,0.9975641545174827,1
0.003789032,0.0227675,2.238065,0.027207909513287765,0.06922195653612938,0
0.37027195,0.19775544,5.0,0.06720897398652446,0.1448096931437219,0
0.15951324,0.021572681,5.0,0.04938743275383601,0.11809371302019145,0
0.9385224,0.06567273,1.7676288,0.9968646834199304,0.9992508098220451,1
0.68369824,0.06867264,1.249824,0.8414933517735436,0.9948273276370846,1
0.002991523,0.010879573,5.0,0.036306375677067675,0.10434347196109399,0
0.0027025111,0.024938745,2.9274151,0.14080971290457256,0.21750019385884858,0
0.20483829,0.093774095,1.2415925,0.12255301429704696,0.10717555980502949,0
3.3241446e-05,0.00039021988,5.0,0.004438199984745915,0.07730093368777563,0
2.2103397e-05,0.001271802,1.1050556,0.0003996977498829793,0.028039085979547428,0
0.9082761,0.051516626,1.6397269,0.9526863557834303,0.9987385833196879,1
0.93622243,0.052106112,0.96410996,0.9968770908920234,0.9985085894782825,1
0.44054997,0.17188147,1.3862802,0.08457308145164597,0.08610611425446876,0
0.77675337,0.08600963,2.157222,0.7545693108555872,0.9923345593235222,1
0.0029839068,0.043623116,1.5478265,0.01483123198199982,0.04699759381314977,0
0.4687145,0.043770436,1.0851762,0.4758954980843537,0.789855071518474,0
0.2905172,0.13497679,1.1687163,0.0644054693446066,0.058606457729030205,0
0.00016929157,0.0017734404,1.1448066,0.00036541260635424434,0.029305425014037514,0
0.20749964,0.10286993,1.3536555,0.349024504078834,0.5748731556834954,0
0.2606308,0.059844173,5.0,0.16106160082554805,0.29870225876007017,1
0.66881937,0.077309065,1.357914,0.5760711400634304,0.9329195742459616,0
1.2925454e-05,0.0004789371,1.3784604,0.00015575808771192573,0.03600350152493828,0
0.0029225547,0.0059434036,5.0,0.058602436277784824,0.12756881877098006,0
0.0004951502,0.011614526,1.02162,0.0003312300504192197,0.025308310327334254,0
0.056670215,0.03155053,5.0,0.05009823468045361,0.11899772019532046,0
0.00030273665,0.0014379148,2.150142,0.000854735834290701,0.05208076048709516,0
0.19817656,0.08135767,5.0,0.21217200018157306,0.41963214832376255,0
8.19386e-06,0.0008591053,1.9777058,0.0004817731221933362,0.04905924183860589,0
6.052065e-05,0.006592303,1.0537364,0.0003829675455526975,0.0263781968830084,0
6.919115e-05,0.0006794068,2.2363691,0.006038623589738865,0.05612241501817178,0
5.306012e-06,0.00031856928,1.15129,0.00013518763243163776,0.029430398094660543,0
0.005352671,0.013746346,1.8713086,0.04707344246879604,0.07413609905163356,0
0.49184123,0.1279626,1.8536894,0.2670724918173865,0.4408030452240052,0
0.0009779307,0.008475508,2.2673457,0.03123372160664182,0.0722216783407728,0
0.16274992,0.11114197,2.382023,0.35634433664701287,0.6989327037630135,0
0.61513764,0.17243977,1.9927295,0.00023992171663963336,0.05190161658092466,0
0.15995839,0.115315154,1.256159,0.159265858353148,0.1512900148987721,0
0.0008572303,0.0061498983,1.7127999,0.005240700967569713,0.04618358355286536,0
0.075364076,0.08852322,1.3052891,0.023264359782006454,0.043768128214299255,0
3.149038e-05,0.0168167,1.1740795,0.0008730666174643936,0.030496258816183914,0
0.9993463,0.0022486022,1.064978,0.9998532126151494,0.9987292526791512,1
0.58631355,0.07145409,2.1507347,0.5882499151513428,0.9588789021396029,0
0.46739838,0.05263697,1.7735393,0.8957610398688997,0.9978746876940492,1
6.5064514e-06,0.0014859643,2.6005728,0.015518662845888733,0.06698327748069288,0
2.3018645e-05,0.0007481694,1.2060857,0.0003348246045664414,0.03117973328325266,0
7.946503e-05,0.00540506,1.4418666,0.0007635590834462083,0.03792498669419612,0
0.36676437,0.13403334,1.6050342,0.20248715173474416,0.2646986423659706,0
0.18164314,0.08623354,1.2142583,0.17821969935694035,0.17109109409531936,0
0.9994199,0.018431043,1.038406,0.9998666459898955,0.9986902233846223,1
0.05100753,0.07790866,5.0,0.01985851573677961,0.09118991303050517,0
0.00064453215,0.00425475,5.0,0.006668460644953127,0.07902678910007921,0
0.63721997,0.061540626,1.2698578,0.4402999532725482,0.7615500411096506,0
0.09913682,0.06001689,3.2682316,0.0031523316529973137,0.0673015595417663,0
0.115664214,0.07939908,1.255774,0.053863072516729824,0.05645219678627936,0
0.1990662,0.087501705,2.275391,0.024572322683882573,0.0695026834652219,0
0.0021654025,0.041224908,1.2611657,0.03270446418922742,0.04563155929582193,0
0.004235001,0.0088593485,1.428734,0.010219481881925844,0.04129769040549356,0
0.12753062,0.15282738,1.8068755,0.023911706936005684,0.06010868812946099,0
0.47340983,0.08514263,1.2995753,0.5123675511887026,0.8733219714924975,0
0.0013164908,0.0056442814,1.5761799,0.008837429516716004,0.04458784323328394,0
0.7495318,0.07360323,1.1961129,0.6962967494540108,0.9763491019133866,0
0.0012229729,0.017825339,1.9954894,0.014049654593460036,0.056571844640152774,0
6.260623e-05,0.0032892071,3.0107656,0.00841813190231865,0.06722548923773392,0
0.31450498,0.101637654,2.4279904,0.887452294622159,0.998165289975658,0
0.85145205,0.04207823,1.5159357,0.37558331979111403,0.6639629419050509,0
0.41027632,0.07570369,1.4755118,0.8417472550654143,0.9956702989463859,1
0.86708665,0.050074,0.96546566,0.8178957066381318,0.9907324167109356,0
0.1678891,0.03119028,5.0,0.05464038079046727,0.12412312758656069,0
0.048968185,0.059004016,1.2940269,0.04637924473416224,0.05389270593513103,0
0.00027425587,0.0024838855,1.7900884,0.0004605895938954977,0.04559726252400929,0
0.7494139,0.054001242,1.0762455,0.7718963483147336,0.9873172239198043,0
0.5604844,0.062924005,1.2301989,0.7755271079076996,0.9896557555764751,1
2.1098313e-05,0.0002909254,1.5863317,0.012448013058224027,0.04638583334109008,0
5.415229e-05,0.0059504523,1.2375596,0.0006726737510380892,0.03227240939249253,0
0.2529268,0.18226421,1.3586713,0.014548771375793095,0.04306004043943999,0
0.17352752,0.037558325,5.0,0.024468289621935268,0.094364196915597,0
0.7328186,0.05728834,1.9086598,0.9286065237289366,0.9985740397148788,1
0.30332953,0.13708565,1.7542474,0.08515396548742099,0.10454109737019433,0
0.99972373,0.0027512556,1.0716819,0.9998325619409141,0.9987399617410514,1
0.017800713,0.037670083,5.0,0.013879358942495363,0.08532013897291518,0
0.7587632,0.084039375,1.6065255,0.9068597856020545,0.9979605637222126,0
0.00041302422,0.0012959456,5.0,0.0012138852309547452,0.07499340110264303,0
0.0074759973,0.012553508,2.1494026,0.009273570744234523,0.05666910966222079,0
0.6318404,0.17659938,1.2260257,0.019784109921499232,0.04071443005865775,0
0.0010559905,0.008339792,5.0,0.0011994458741663577,0.07511992276179093,0
2.2240372e-05,0.0040265606,1.2160256,0.0002754374959892176,0.031488055275976874,0
0.43693835,0.07064324,1.1151571,0.7925555289808173,0.9901857056243494,1
0.9667072,0.04908851,1.0571802,0.9998404335426084,0.9987322875009466,1
0.4905239,0.16463837,2.1985915,0.90396975988167,0.998383514788611,1
0.020389363,0.06397673,2.0771966,0.06419727576889248,0.09465879380771622,0
0.14958325,0.024087923,5.0,0.4752174730531871,0.9134323743073066,0
0.017763443,0.028167618,2.799386,0.008962743477810588,0.06575395872109353,0
0.4799009,0.1326837,1.8192286,0.30544940000266196,0.5354140192974911,0
0.00056690216,0.007249095,2.8583834,0.01267167511604555,0.0684254204001623,0
0.75274956,0.091557845,2.738837,0.9830524919790399,0.9993581270085242,1
6.498924e-05,0.008877692,4.0120864,0.015007398324558349,0.08013873320563762,0
0.59461373,0.05188481,1.2123009,0.2229814177464093,0.24513012853700766,0
0.6048924,0.05297698,1.2222939,0.39921517569055437,0.6665317832959963,0
6.1153546e-06,0.0015344464,1.4293782,0.010494133543426742,0.04134430186961477,0
0.73089826,0.05085185,1.7379924,0.38850937716066064,0.7184675427399242,0
3.1478306e-05,0.0013193514,1.1780037,0.00017608143004216428,0.030280070173551457,0
0.87650615,0.037191976,1.2158387,0.6750520639337081,0.9710810279217075,0
0.7601607,0.039159533,1.0097198,0.5588055630512692,0.8886263644217737,0
2.3074666e-05,0.0011045386,5.0,0.008648242373676528,0.08045138188142704,0
0.8599768,0.124397896,1.1244557,0.79538889023885,0.9907577122045963,1
0.009487618,0.023011908,2.724538,0.12048593714275264,0.17856286528437043,0
0.057507902,0.040628403,5.0,0.013940642566740892,0.08547625986383882,0
1.2418576e-05,0.00196996,1.1874133,0.0026582560782749728,0.031337395784580356,0
0.7439898,0.06223779,1.1942313,0.7249710592939992,0.9821769631813783,0
0.0003928375,0.0020931403,5.0,7.890892132863197e-06,0.07415530490531257,0
0.4065042,0.099505626,3.3604925,0.21439050461335518,0.3928169912332965,0
0.0006781281,0.010381304,1.4059877,0.0004415052859338759,0.036929234907435965,0
0.060577154,0.032805037,1.492198,0.1179232454080267,0.12028994985824006,0
0.000111865374,0.010185684,5.0,0.0012924300199286473,0.07522103981634759,0
0.1817423,0.032292243,5.0,0.018566679603567872,0.08920812778776714,0
0.5286597,0.041145377,1.0446634,0.8863690069144212,0.9958523272610681,0
0.0013177709,0.008938914,1.2961117,0.0007339491941024999,0.03402032178019974,0
0.017320381,0.030914051,5.0,0.025186607250842805,0.09465213831125718,0
0.6726963,0.06914072,2.1932752,0.20660418846277223,0.32073975616123196,0
0.022574803,0.13679233,1.5037866,0.01080564871258196,0.04512725828089171,0
0.30840108,0.16291246,1.214992,0.13289181353935428,0.1172359615669801,0
6.3850066e-06,0.020120744,1.7933215,0.017104555250568785,0.05395173597743814,0
0.23250765,0.08607474,1.2578708,0.25091404169666587,0.31209206919299143,0
0.18465722,0.071220554,1.7901652,0.44987353114839984,0.8304213285709012,0
1.0502526e-05,0.00120901,5.0,0.0002022214121387543,0.07427493206956129,0
0.0060894648,0.049195264,1.2554903,0.006866054573268499,0.03528662522380335,0
0.00010302595,0.0011682964,1.0752153,0.000334667314193075,0.027042612294424444,0
0.10909272,0.0731617,1.7727524,0.06039014680541422,0.08214896183355641,0
0.678974,0.05917961,1.1074277,0.6636053123158481,0.9638366826168174,0
0.7319391,0.05038509,1.5123639,0.46228959108222234,0.8275649267685782,0
0.58608156,0.079501905,1.0174052,0.7704159540656921,0.9861604503236762,1
0.7302312,0.17534345,5.0,0.19246802481925696,0.37922867283202016,0
0.01456513,0.030837193,1.6144482,0.01159421375798358,0.047094926179528034,0
0.48804006,0.09912597,1.1917442,0.7245055778091014,0.9821670907171236,0
0.056278553,0.077229105,1.2093893,0.0376678110656396,0.04617053651080107,0
0.024333144,0.04611632,2.0194054,0.0023407397223740647,0.05130778097256598,0
0.0012882997,0.00997593,1.4492414,0.006876949182374032,0.040528529617368504,0
0.50685424,0.097972415,1.256555,0.6815537608431265,0.9741981028537557,0
0.4402585,0.20193383,1.0700326,0.3488194965851769,0.511435157640945,0
7.309916e-05,0.0029876726,1.4444987,0.00035884833358815633,0.03781619728299664,0
0.0052208686,0.024407124,1.1705607,0.05001484684235018,0.04941453791022562,0
0.5696245,0.16744165,3.058124,0.0399659327792203,0.09573009295419035,0
0.28520122,0.13000008,1.1481333,0.033510232008232624,0.0424086542010873,0
2.451564e-05,0.00042731437,5.0,0.0002763264933469667,0.07431223130154999,0
0.010527615,0.02370493,1.3350472,0.04247493059663784,0.05308924490933618,0
0.0041542687,0.025961766,1.2537867,0.00978489369958445,0.036038317908436104,0
0.0026588407,0.013559848,3.3282778,0.03919901424154893,0.09401851472400537,0
0.24734542,0.09133574,1.343539,0.22186499203410348,0.26642381143847704,0
0.0015266489,0.0068614227,5.0,0.01174842966024904,0.0829580954457269,0
5.7563204e-05,0.0043811677,5.0,0.018895693771347626,0.08864905090802754,0
0.8165462,0.045123704,2.4397237,0.959618362248097,0.9991185430136694,1
0.24070291,0.12117875,1.2106589,0.36086091726155395,0.5748864917822921,0
0.9003249,0.05467646,1.8271472,0.9171935362027058,0.998344592923966,1
0.12171585,0.05994973,2.687868,0.04543119461490118,0.09185848396902706,0
0.7264808,0.06991098,1.1713728,0.27064569108288866,0.33825234809791244,0
0.010449631,0.022903735,1.2739507,0.013619775690141011,0.038068467139788204,0
0.0027271202,0.016212514,1.629662,0.03831441306850647,0.06127229372897504,0
0.14899051,0.06807065,1.8513105,0.17276216293715005,0.22664750446207424,0
0.47776732,0.15908591,1.1551114,0.05938182318818545,0.05554638374022095,0
1.5062825e-05,0.0004088928,2.3788953,0.00020933849840606807,0.05502573932261191,0
2.1778558e-05,0.0011608892,1.1806444,0.00013047136996077475,0.030346167578283366,0
0.03235868,0.038145106,2.4115367,0.02408325272960631,0.07048037768761892,0
9.509944e-05,0.0034147322,1.8037122,0.009220774219380218,0.049972304962590974,0
0.29726952,0.114983715,1.1026635,0.6809646151188088,0.9696896711488284,0
0.7918431,0.16716258,5.0,0.9761578720588374,0.999469656392425,1
0.35574812,0.19654012,1.5171237,0.05218843254337661,0.06926467361085654,0
0.99928087,0.0032277429,1.6939085,0.9982370503953171,0.9992215968833592,1
0.57140243,0.09361599,1.1866605,0.45196416275802476,0.7700420152413628,0
0.001721033,0.022582915,1.2051507,0.004906995496583119,0.03279100894485567,0
0.011709188,0.032916587,1.9249161,0.006814936065016893,0.051634105016749914,0
3.4581746e-05,0.0004243341,1.5367426,0.00018288720804367206,0.03998029293158989,0
9.494804e-06,0.000119114935,5.0,0.0025449498103841356,0.07592229881741547,0
0.001579922,0.00399604,2.9470308,0.0011749938271869893,0.06211695450858611,0
0.008068388,0.035840742,1.5086144,0.0826284013230846,0.08779471001687539,0
0.12451557,0.038277384,5.0,0.019627313329178272,0.09016780266899796,0
0.32956398,0.14348881,1.2093712,0.02215451846971737,0.0405037223717542,0
0.5145223,0.18020341,1.2367929,0.21982918937884993,0.2499847023375326,0
2.0003681e-05,0.00085909135,1.2372036,0.002101702447153952,0.03267761516187375,0
0.8759879,0.09570695,2.4735816,0.9474704403669353,0.9990244706827037,1
0.9017652,0.13005015,4.8799086,0.45949309031957064,0.9027146797980233,0
1.832658e-05,0.00084202783,1.1392947,0.00012253306051074222,0.02905340859775384,0
0.92729837,0.03880364,1.4349519,0.6491827086958469,0.9687021842567158,0
0.0002993925,0.019520145,1.552101,0.010605310120797901,0.04491558859127238,0
0.45021233,0.114416175,5.0,0.8314126116067063,0.9976190937951953,0
0.004332701,0.0058076703,5.0,0.028520054280076684,0.09699212800553789,0
0.6182937,0.08618681,1.3592405,0.17407746592468637,0.18442240329320161,0
0.8995516,0.06040762,1.2427307,0.978535042889885,0.9987184356354543,1
0.03832818,0.059990697,1.3062319,0.01884390665747285,0.04160368783602439,0
0.030986054,0.035828024,5.0,0.001915328516733463,0.07619744021534527,0
0.11965644,0.09336203,1.6454496,0.11036959918545372,0.12360662832314506,0
0.00090229185,0.0039084465,5.0,0.008533254852057538,0.08042282558302029,0
0.44854838,0.053890914,1.0495197,0.5883317181457728,0.9193803933959174,0
1.0149272e-05,0.00029518388,5.0,0.0008955821089670244,0.07474764706218053,0
0.52376,0.089693815,1.5550992,0.30986061313482943,0.5100010440199311,0
0.25802854,0.20235786,2.5400262,0.13091674940452938,0.1970938011889517,0
0.66609484,0.060519725,1.2141553,0.1464954495000735,0.12967915113858883,0
0.1317408,0.10330352,5.0,0.09232004776732759,0.17537380278500314,0
0.094992064,0.096406,1.0157276,0.3008401727834403,0.36516729217989463,0
0.005324937,0.04754168,3.2964826,0.019353820379646818,0.07844052822247781,0
0.8641868,0.052489135,0.97678715,0.9249448069919293,0.9969442121821023,1
0.17204961,0.09249657,2.9946747,0.17219999746699255,0.28371113361096567,0
0.5598219,0.12962404,2.985841,0.33049710424933443,0.6706757525693623,0
7.4656323e-06,0.06774781,1.0430521,7.631722570696025e-05,0.026371836411207137,0
9.4738294e-05,0.002563297,5.0,0.009690656264729857,0.08127607024647253,0
7.461746e-06,0.0018540274,2.1470957,0.0013378790691312905,0.05228386035549226,0
0.077772066,0.051543955,3.6960177,0.041168958830486824,0.10062945647928907,0
0.93337697,0.09838594,1.104827,0.9998237708238447,0.9988207360977938,1
0.0006942055,0.0062822793,1.4975884,0.001162744195290797,0.03948244067640632,0
0.021820933,0.033571053,1.6482191,0.010042867488574855,0.04724805974711637,0
0.069171116,0.07089691,1.3982894,0.007406153282525306,0.04001714644751367,0
0.0024310239,0.018003087,5.0,0.008863539200006567,0.0809668061551983,0
0.00030944002,0.0033502425,4.5126133,0.000441966768865748,0.07234909418602767,0
0.14809811,0.022699913,5.0,0.005977478580268147,0.07903272469560327,0
0.94250846,0.03062712,1.3166497,0.9768852938539977,0.9987699355772606,1
0.6238985,0.055398148,1.1049805,0.7457928765338361,0.9840290339825281,0
9.472276e-05,0.0010776262,5.0,0.0004021775895538701,0.07441358884502319,0
0.512578,0.07863389,1.1830661,0.20871776842850834,0.21512113430761903,0
1.1030505e-05,9.314433e-05,1.5093446,0.00018288720804367206,0.03932278624004381,0
3.165936e-05,0.0039708083,3.573658,0.0039238219707501566,0.0691423828439581,0
0.34311682,0.08041669,1.0217149,0.30242415011405444,0.37065374745505797,0
0.009065115,0.024828281,5.0,0.017267109596351943,0.08777393049106995,0
0.90254587,0.08684615,2.5321758,0.952545167474929,0.9990844673658367,1
8.004921e-05,0.0018567033,3.5327907,0.00039250081943821536,0.06651843264726111,0
0.10049661,0.07231146,5.0,0.14461265913776922,0.26485606936273687,0
0.5413159,0.07847244,1.372021,0.5534164478683472,0.9175648045906001,1
0.2550572,0.122101456,4.793034,0.02533699611261113,0.09617575372529337,0
0.01871522,0.06510701,1.3474407,0.00974242085867005,0.03934678513315894,0
0.077700876,0.03706497,5.0,0.05694343592932359,0.12675698877260158,0
0.8570917,0.069246724,0.9345091,0.7436170653246427,0.9794796961126437,0
0.6784522,0.03258481,1.0731077,0.8771331896653347,0.9956051634309879,1
0.2384746,0.071803175,1.3365363,0.33695718962476523,0.5389320254330073,0
0.1355793,0.27537435,1.2839402,0.01903367697452807,0.04339151062106145,0
0.8771753,0.11759296,1.2407576,0.13551656091775677,0.12218526128720716,0
0.7590635,0.05518605,1.0172993,0.7744277000640359,0.9866511269941439,0
0.028964853,0.022140237,2.2538505,0.04567531062014566,0.08282092879022797,0
0.006041675,0.06857863,2.3246603,0.040499971116266346,0.08125466560765202,0
0.7523228,0.16945717,2.4317315,0.3161121959521148,0.6145613442149676,0
9.920845e-06,0.0016460683,1.6919365,0.006970542252942917,0.04644876789186939,0
6.545846e-05,0.002056176,5.0,0.014803293651511434,0.08526640780870241,0
0.6079225,0.10260657,5.0,0.549970239217139,0.9589461801143662,0
0.0006624824,0.012252084,5.0,0.005821615130328057,0.07855819951086282,0
0.00018539254,0.0012319825,1.4810749,0.00018288720804367206,0.038645912833882155,0
0.6972504,0.06831673,1.0073279,0.749308015352708,0.9826041250312207,0
0.0074648294,0.016624874,1.4210067,0.03666928153678662,0.05330771631846557,0
0.0013600249,0.008025783,5.0,0.0018584290399077635,0.0755849104934284,0
6.951329e-05,0.004048505,3.1036248,0.0026400758158195187,0.06448304886843129,0
0.0495891,0.03635495,5.0,0.0222758992688358,0.09228935921019638,0
0.3852571,0.11371471,1.4796023,0.8056152653151929,0.9938209800015964,0
0.00013635529,0.008695214,1.783994,0.00033641977562492477,0.04549640360139242,0
0.10658021,0.07529655,1.2051507,0.008263623682573582,0.034432387931304945,0
0.38148093,0.094511844,1.658237,0.06903920673124135,0.08535154765431707,0
0.28068572,0.10148179,2.4264028,0.6167191033737014,0.9713106093348103,0
4.0803774e-05,0.0008220273,5.0,0.004530181812293924,0.07737682339277091,0
0.0014071045,0.0043161213,2.8778977,0.01645698538652812,0.07111579968509958,0
0.001042321,0.017439073,1.1665395,0.0006179117535024044,0.03018928667714106,0
0.6266822,0.0687827,1.0267277,0.5262696697337313,0.8548848693266611,0
0.70514804,0.055168353,1.4937818,0.8850838764385468,0.9972479955990179,1
0.0038003689,0.02389128,1.2724324,0.009112046777689608,0.03637024545156747,0
1.5916783e-05,0.000293387,1.2872021,0.0001559504067482788,0.03349462906515427,0
0.0040060217,0.008117743,5.0,0.006513992275830798,0.07899318710192733,0
0.9914744,0.022917125,3.1257043,0.9830627345351162,0.9993894009092117,1
1.0646306e-05,0.00033426128,1.2955973,0.002269347838357901,0.034446272036334616,0
2.0738047e-05,0.0017531232,1.5361674,0.09866535253186977,0.10259266554389095,0
0.0101441825,0.02720108,1.0909739,0.024168770331694327,0.03517476328853239,0
0.688802,0.04854047,1.3372403,0.8153110556072365,0.9937021353822202,0
1.8948662e-05,0.00037306643,1.4341283,0.0005453327957704947,0.03759503686093803,0
0.40264922,0.19404912,1.1429162,0.2668208943672162,0.3293555439867524,0
0.0011217304,0.004368847,5.0,0.002045203751018007,0.07564735834830347,0
0.043204773,0.07346402,1.1510239,0.027132735852142435,0.03922758262160528,0
0.3628544,0.064621374,1.9178903,0.3984896874141377,0.7533292121203397,0
3.9225775e-05,0.0008174082,1.0781376,0.00037304547703231596,0.027147007776759862,0
0.6524075,0.12911491,1.1397636,0.9116032913347393,0.9972189156060771,1
0.037774183,0.037505295,1.2102201,0.0006319986677772088,0.031725682971484856,0
2.619976e-05,0.0017954798,1.251179,0.000141352558866552,0.03246607825394572,0
0.000610698,0.0126855355,2.3485224,0.00033201377590268524,0.054858575991062995,0
2.4454068e-05,0.00043389166,5.0,0.00738706072716549,0.07948621404338868,0
0.22037023,0.16496892,2.3944101,0.021460635460121953,0.07092083201977485,0
0.00012840342,0.0050520157,1.8791274,0.005895181869796043,0.04991101613090018,0
0.4619016,0.07472318,2.0107977,0.4012704922096766,0.7656960339719819,0
0.414481,0.10140805,1.1753047,0.45329897892688814,0.7703708791745828,0
0.00019754333,0.003287848,1.517878,0.028398589269317702,0.052143117231907864,0
0.0010917542,0.048902318,1.1918542,0.002256953755536898,0.03175080958191763,0
0.00067037577,0.002304266,1.0784664,0.0004843061342737659,0.027199209362141822,0
4.5917695e-05,0.00089112524,1.6355177,0.0023165296300907494,0.04313126260852089,0
0.0047199507,0.015021933,1.7775753,0.007056755061794783,0.04853268695934823,0
0.625337,0.049344573,1.0386282,0.8951577287487543,0.9961914660760017,1
0.003086546,0.009216021,3.531303,0.004955592527384423,0.06960737721658644,0
0.0127807325,0.019688599,5.0,0.02013462006900498,0.09004373950625243,0
0.999065,0.011048247,1.4702177,0.9976893880087078,0.9991100451991385,1
0.3933501,0.08381758,1.8181461,0.42439849532873225,0.7935214311140566,0
0.16793811,0.021180756,5.0,0.012763620952936327,0.08423652454823621,0
0.45246443,0.0848618,1.3683393,0.4668579277251005,0.8205196246829143,0
0.9997323,0.015676765,0.8957721,0.9995208416799377,0.9983565703759091,1
0.001481216,0.017247345,2.669395,0.014064877808258781,0.06722854047170548,0
1.573321e-05,0.00059679814,1.5836132,0.00018288720804367206,0.04107094542331629,0
1.0059828e-05,0.0018056665,2.5308838,0.014079135245004175,0.0651285181645665,0
0.25707528,0.09254678,2.1825924,0.14802987923374591,0.20531111812200825,0
0.34771186,0.2183499,3.6840243,0.010274472089016074,0.07884513238868243,0
0.17689568,0.08834166,3.151991,0.009048680770404107,0.07070650080054992,0
0.8306175,0.078100756,1.140945,0.17538252092463294,0.1574560652404342,0
6.9816626e-05,0.0044555925,1.2954065,2.72728561746882e-05,0.033721800079586764,0
0.07121179,0.06432502,1.3418685,0.36082529663604607,0.5988601276440735,0
0.003288797,0.02290239,5.0,0.015906924732056727,0.08661487266201345,0
0.4411694,0.041141428,1.0572711,0.3875360862976771,0.5942511669267542,0
0.56303144,0.04193148,1.1510684,0.7980774873399636,0.9910320508425091,0
0.009819043,0.020032123,2.1967702,0.19834914134676945,0.2980155537368886,0
0.95948374,0.035041474,2.1115637,0.9872490599428033,0.9992708561326757,1
4.9666596e-06,0.0018887427,1.2546366,0.004979665528100302,0.03416749055171787,0
5.549548e-06,0.000118384916,5.0,0.00021131303928270575,0.07426045432278712,0
0.00036522496,0.006374047,5.0,0.001395635599235454,0.0752210539237323,0
0.8236821,0.042660017,0.9775207,0.8280581751864187,0.9917726878843276,0
0.5687201,0.08064343,1.4425637,0.943790879535309,0.9984458806609653,1
0.006602095,0.016046975,2.1326358,0.006265165596330445,0.05481625858851005,0
0.4112875,0.12173756,1.2582613,0.37389488515035757,0.618550820723804,0
0.9712289,0.080492824,1.0792601,0.998232127833983,0.9987579223580171,1
0.1834572,0.07019352,1.7089623,0.08063632790216008,0.09653596502041963,0
0.099290796,0.06944612,5.0,0.013536521923167054,0.08582531052397065,0
0.00082780304,0.012863204,4.1107864,0.021589296829524214,0.08602594977223087,0
0.62497956,0.14622171,2.020586,0.264933849885164,0.4531064036194266,0
0.0008362051,0.0054888036,1.1770726,0.00040545725751533004,0.03035497510668856,0
0.0023772663,0.012484998,1.2364535,0.03622252859889725,0.045851122646776814,0
1.8415913e-05,0.0020670695,1.180945,0.0017835256281511518,0.030865835576654236,0
0.116260655,0.06281682,5.0,0.09882342497128642,0.18349953638667332,0
0.09227509,0.038140558,5.0,0.0714158075200221,0.14417392376227858,0
6.738444e-05,0.0031056595,1.6469316,0.01072572783578454,0.04713692064550755,0
0.00010379244,0.0012502385,1.0518857,0.00035446546431572523,0.026270361124968455,0
0.0061896923,0.012278563,4.2907395,0.08421812143426458,0.15365309050971687,0
0.9448342,0.05565611,1.6948841,0.9686111530395606,0.9989605861071821,0
1.0861648e-05,0.0009422774,1.7093751,0.00018288720804367206,0.04381937472395508,0
0.0010179902,0.0036887596,1.5906748,0.017356904271574942,0.0488244083235262,0
0.54162514,0.059122372,1.227692,0.3904508425202907,0.6476543798204956,0
0.015567922,0.03629516,1.2135459,0.02441249961526477,0.04023692697949222,0
0.61663747,0.09069902,1.3094333,0.0718693193559645,0.07082188686705593,0
8.682603e-06,0.0013386789,1.5826445,0.0031146448187930028,0.04225696457006589,0
0.92839956,0.051973548,0.960608,0.9929041396764864,0.998437899363183,1
0.013315052,0.014152249,1.4179934,0.013011002232167125,0.04219833599018725,0
0.8105579,0.09465042,1.41187,0.930360948243884,0.9981905166591172,1
0.9988024,0.016598172,0.920998,0.9996412731533107,0.998430240264627,1
0.26338428,0.09532116,1.0052446,0.03800441336574516,0.036935302453279056,0
0.00048797476,0.00982388,5.0,0.006080634505734274,0.0787014462205971,0
0.00022905157,0.0006514949,1.8559445,0.0008238146939034578,0.047011824705154005,0
0.00088831905,0.005353635,5.0,0.015089101380428637,0.0855679733588568,0
0.994787,0.055917352,0.93213546,0.9995256558932962,0.9984743897816163,1
0.16348222,0.02408499,5.0,0.01090313396837503,0.08283331625365484,0
0.007033349,0.016444575,2.615717,0.11207941819889992,0.1629586504517923,0
0.625337,0.05001542,1.0386282,0.8951577287487543,0.9961921748392163,1
0.00048543478,0.0070018494,1.1810396,0.0005095901433928376,0.030521220618237702,0
0.025499571,0.05586197,5.0,0.028944405144220524,0.09863189483960033,0
0.017705115,0.041471448,5.0,0.003385338124264723,0.07736432809671413,0
0.34455106,0.12776129,1.197692,0.08909767376220837,0.07624479273678639,0
0.5441224,0.0702993,1.1455153,0.8125642098051535,0.9922720121094795,1
0.999585,0.0034506798,0.89271486,0.9997281764940299,0.9983453101044584,1
0.87775594,0.0845337,2.2219012,0.9605972504854596,0.9990857422139463,1
0.00015237945,0.0096579,1.0437971,0.0002900560046508243,0.026040365794734944,0
0.6401955,0.05123561,1.1286627,0.7457928765338361,0.984442884229039,1
0.1548008,0.022533918,5.0,0.053762281761644104,0.12286807827059797,0
0.6298999,0.15126884,1.7302593,0.41626386853903324,0.7763107366249804,0
0.0005613321,0.0366832,1.2095536,0.000751598512650408,0.03172024954425976,0
0.58491296,0.060016092,1.5046595,0.5547245699209641,0.9249789008455279,0
0.62989056,0.066219874,1.2787824,0.647610617393799,0.9642943540106836,0
0.47376552,0.08269924,1.4919773,0.8334364709923255,0.9953507932993392,1
0.004064432,0.02225929,1.105362,0.015557355358005884,0.03279834479342464,0
0.0037936482,0.0048398287,5.0,0.0689950814765976,0.13987118825732617,0
0.07003831,0.032288555,5.0,0.04712791470145106,0.11588149365190689,0
0.18423706,0.10139084,2.4369626,0.22440476714785398,0.3777040100214466,0
0.011098009,0.017179644,5.0,0.016395382789426722,0.0868939324109677,0
0.6428728,0.044333983,1.2529097,0.8536561495280499,0.9954106550053767,0
0.007795732,0.03153957,5.0,0.005952599809548372,0.07905277005939308,0
0.0045453347,0.018946186,5.0,0.0014695826437041597,0.07552191147703681,0
0.13759965,0.076438986,4.060314,0.01911616703293101,0.08522991348668019,0
0.00011927741,0.010716498,1.6948223,0.0038413546308899006,0.04522014550043257,0
0.14170353,0.023074623,5.0,0.365955359361996,0.7747890897070292,0
0.49429643,0.15483989,1.2869805,0.06706637893703458,0.06744766434240573,0
0.70450914,0.092469305,1.2764395,0.17697171569178802,0.1789548483464928,0
2.1866945e-05,0.00273105,4.3342,0.0003273198433097089,0.07137431232243027,0
0.97571087,0.026340934,0.94471014,0.9998588657869972,0.9984980881846853,1
0.007932859,0.043372195,1.3662649,0.005596795161667498,0.03808735310537578,0
0.3562086,0.094879344,1.1437981,0.22870279422103643,0.24430341925021964,0
4.6419387e-05,0.00067729515,2.8003013,0.0012841419690550865,0.06063772772129771,0
0.23828018,0.18898572,1.7257246,0.01954250913748723,0.0562181285106244,0
0.073463276,0.12615874,2.494896,0.09178479308232732,0.13706060968082032,0
3.792757e-05,0.003974684,5.0,0.007783497080924656,0.07985658785268025,0
0.34762087,0.166822,3.2268639,0.033649738214437404,0.0920609978514635,0
0.7289045,0.12443348,1.6773664,0.4368576748261678,0.8057845821334124,0
0.31263188,0.120577306,1.3411297,0.19877633025897828,0.22400307169820527,0
0.018459972,0.022865716,3.3651657,0.09488862745751792,0.15618322213078,0
0.39164305,0.050459374,1.0683075,0.48335293268138124,0.7990172873961807,0
0.0030266205,0.017855197,1.2247002,0.036132238699820546,0.04538499428009902,0
0.9917374,0.0124436505,2.3855176,0.9757876530492908,0.9992378583396243,1
0.5903931,0.043442573,1.0995679,0.7455254314735369,0.9838232734138435,0
0.7992092,0.05233489,0.99342,0.6185819304354427,0.9352508412439255,0
7.2999287e-06,0.0015861839,1.158589,0.00012253306051074222,0.029664939845124555,0
0.1879537,0.05615022,1.4800277,0.21133614119768804,0.2627704637712909,0
0.1425567,0.026580809,5.0,0.3306687116349517,0.7057276187647449,0
5.1203947e-06,0.048608333,1.033602,4.58960078320032e-05,0.02590381437383138,0
0.31655574,0.058830038,1.449855,0.5257603376263301,0.8979324728188551,1
0.8296716,0.121351406,1.5734227,0.19911713926103664,0.2550983045071236,0
0.02940071,0.057078194,1.3157548,0.0021867045420518746,0.03554553715871724,0
0.05566973,0.03874256,5.0,0.0633374178223972,0.13421236477904075,0
0.00066074554,0.025950741,5.0,0.0013619894463767978,0.07557736833785,0
0.31230426,0.120818995,1.5889448,0.09492658865138165,0.10544063383522795,0
5.330281e-06,6.650718e-05,1.8697362,0.0004778022953071925,0.047104419833768604,0
0.24276711,0.06477994,1.057947,0.12670010756323302,0.09210232929682753,0
0.9121183,0.05334738,0.92952746,0.9903647438646571,0.9983139355456143,1
0.08841976,0.021745238,5.0,0.046081062324771445,0.1145139174764491,0
0.0912527,0.036846705,5.0,0.026240625928465117,0.0958133942610216,0
0.11325484,0.12022795,2.5077567,0.06920837977971595,0.11209402144021695,0
0.15256737,0.023599982,5.0,0.058280350266147855,0.12797834802084984,0
0.15307464,0.12326715,5.0,0.007280928636200887,0.08210219229559533,0
0.54071283,0.06511851,1.1268979,0.8921573080125313,0.9964906604553998,1
0.12221328,0.06254724,5.0,0.2878839981612394,0.6096304323242794,0
0.869246,0.05559844,3.3038425,0.9679155815892775,0.9993096665565923,1
0.9998355,0.0024370581,1.0385833,0.9998996562945076,0.9986851499391229,1
0.008556243,0.023662547,1.2103612,0.020700770823070123,0.03854107387135324,0
0.1665048,0.026575956,5.0,0.04493146035430011,0.11356747873127193,0
0.38141695,0.086684845,1.1387892,0.19703837666852325,0.18824835090014003,0
1.3209263e-05,0.00036289805,1.1657239,0.0001315544089576815,0.02987964545186286,0
7.329129e-06,0.015671773,1.1332719,0.0002157178100518844,0.029005571845299203,0
0.2550579,0.08800436,5.0,0.14718276071736702,0.2713016147389661,0
0.40027064,0.07765529,1.2361157,0.2337894968803638,0.2716385192284161,0
0.0004848024,0.0027583998,2.0750453,0.0005863550702429963,0.05077083771873977,0
0.18535261,0.0930873,5.0,0.026235740470706648,0.09728822960338997,0
0.9856536,0.033758786,1.0950015,0.9997396767552383,0.9987849267115223,1
0.9240781,0.07877761,1.0856029,0.9997546441516234,0.9987853485856761,1
7.9036e-05,0.0010511478,5.0,0.0004933798611340977,0.07447750152430993,0
0.0051116287,0.01876479,3.5658152,0.025195324978856595,0.08482445491335038,0
0.105394036,0.06476961,2.6192667,0.07586307123043798,0.12002828498475818,0
4.8704155e-06,0.0006145658,1.1220787,0.00011224083377055666,0.02850142761290721,0
0.00043243603,0.111338645,1.0006279,0.010386849198964446,0.027923471558904036,0
0.7658552,0.17609124,2.0780704,0.21479649469170925,0.338036434658724,0
0.5324975,0.21621868,1.0313306,0.08005665147725215,0.059759685971433156,0
0.23596132,0.068931684,5.0,0.04593978622683433,0.11591287399674857,0
0.33839616,0.11084207,1.1836213,0.2685461585377,0.33766478667288363,0
7.136414e-05,0.00064293377,1.2298361,0.0004804481637706506,0.03193597332373086,0
0.64505666,0.04665055,1.4447464,0.6120838721487264,0.9550914365227381,0
0.0005649778,0.006224741,5.0,0.006295037622976698,0.07878829162374863,0
0.4537708,0.06131861,1.633971,0.09513656636129263,0.1066488814655682,0
0.00085364695,0.0075291004,5.0,0.00032008814395689366,0.07448011145059151,0
0.52623177,0.09430224,1.4438351,0.5142199302062469,0.8874258143763173,0
0.8455668,0.055881165,1.1689227,0.7438348931597133,0.9848721004759038,1
0.0027227427,0.014339704,4.465734,0.04320572471517498,0.10784401940492258,0
2.5405881e-05,0.0014474205,1.3045439,0.000141352558866552,0.03398979064533982,0
0.020895662,0.021064537,5.0,0.015212099461379228,0.08603169945479977,0
0.5473435,0.058636077,1.0265052,0.8063117462399821,0.9904410997776733,1
0.28722933,0.11586517,1.3492922,0.04082627619420506,0.054312263647997475,0
2.8543627e-05,0.0020062635,5.0,0.00439583400073929,0.07730204552750515,0
0.024781201,0.04642265,2.521291,0.0037558477940749196,0.0595625861821357,0
0.00048759073,0.0075618573,2.4557285,0.00235900695995892,0.057313734829209484,0
0.9980591,0.0070080194,1.0424553,0.9988347178878486,0.9986792657449398,1
0.020466443,0.025046375,1.9090544,0.0230301348929582,0.05993774548626617,0
0.9105019,0.04355215,0.97069883,0.9612172984435151,0.9978676509010118,1
0.9999995,3.789366e-05,0.91285115,0.9999052440880912,0.9984049973884865,1
0.1597305,0.026996715,5.0,0.03165422616242805,0.10056844087907896,0
2.6248626e-05,0.014194774,1.2555263,0.00563661316587972,0.03453184842141309,0
0.0010186378,0.018063553,1.317313,0.0008766378813818417,0.034752600579683955,0
0.00046672657,0.023471124,1.5331566,0.014350665069285092,0.04612912321477132,0
0.0021506413,0.0122965975,5.0,0.0023606513541720754,0.07602978802789542,0
2.3351578e-05,0.0008544472,5.0,0.005957821846487637,0.07842898766972442,0
0.9722144,0.043647014,1.1020069,0.9998633561183033,0.9987997364312329,1
0.8986252,0.06229595,0.97641295,0.9019976915556294,0.9961468346071634,1
0.15097965,0.042500813,5.0,0.7196332966293255,0.9923668583172004,0
1.539105e-06,0.00014201492,1.904799,0.003293306622728501,0.04908207820173809,0
0.5775483,0.064296536,1.00934,0.5116364863952342,0.8316090869667214,0
1.2635955e-05,0.10315882,1.1714032,0.004864851403618546,0.032388300198165104,0
4.116055e-05,0.00096139876,1.4671507,0.014755980594552178,0.044198125624084594,0
0.9999875,0.00018264736,0.9911516,0.9994123042612532,0.9985862553561498,1
0.16262235,0.032457672,5.0,0.21073724276479103,0.4126301487996535,0
0.69245654,0.038571976,1.1212369,0.9142413360492506,0.9971665873571681,1
0.029734785,0.033792548,2.9088418,0.023510245302038074,0.077031607617347,0
0.82713693,0.062260825,1.2218286,0.7640287224960776,0.9883233080459267,1
0.021562174,0.034269303,5.0,0.028880199929040208,0.09803554177262776,0
4.7985082e-05,0.0011014566,1.402041,0.002408755433764754,0.03745444468482657,0
0.19119495,0.028345868,5.0,0.7874967948188489,0.9961661928243121,1
0.53364044,0.10294281,2.9126353,0.9072293588899314,0.9986480352803165,1
0.0037353705,0.01505742,2.1533067,0.004769754799228853,0.05434648709381081,0
0.17536944,0.15618655,1.5105404,0.03430254965098235,0.05736016181434272,0
0.107616685,0.025503175,5.0,0.742852201145832,0.9939422580164402,1
0.025500745,0.0177572,2.133208,0.09382671738716901,0.12470121905954086,0
0.05414223,0.025530837,5.0,0.007406452800882387,0.08006860975728122,0
0.68285215,0.042507444,1.1237258,0.8634220159265533,0.9952563176986331,0
0.5992849,0.06790215,1.157398,0.7081952688717887,0.9780781468161687,0
0.5001989,0.18472107,1.7514646,0.09484528105178251,0.11570723097891553,0
0.5047428,0.05607736,1.3475842,0.41415199556544724,0.7222760293661257,0
0.40388885,0.06575863,1.3287339,0.8636224196779229,0.9961295587631677,1
0.32238516,0.07145171,1.3115505,0.34346105066739435,0.5505925634386688,0
0.16895717,0.04837348,5.0,0.04815195607484037,0.11756626061542945,0
0.24333093,0.067225896,2.9798613,0.082185518897688,0.13498570039653116,0
0.7086601,0.09963537,1.6035757,0.9745153547149918,0.9989818486341594,1
0.000114550974,0.0010522102,1.1333067,0.0003807942695600265,0.028939798346619913,0
0.074807726,0.1295993,1.1738957,0.05577925634446003,0.053964958454699424,0
0.06850398,0.070502125,1.5932236,0.05331738184183256,0.07045359435671632,0
6.453269e-06,0.00018369405,1.2813114,0.0008454899420150351,0.03355445923599078,0
0.04610794,0.09159091,1.2115287,0.5639132681017901,0.9148070544896337,0
0.0011360435,0.01485315,2.902823,0.0026185169920963985,0.06272004180184411,0
0.32357222,0.09329393,1.513565,0.6233645539913402,0.9618440272853456,0
0.164714,0.027464796,5.0,0.03810705860419032,0.10673251795521464,0
0.30499035,0.072484076,3.4397004,0.28014386930558716,0.5596565742429404,0
0.0013481805,0.0064237663,1.3657641,0.0036105905215630452,0.03696286840332135,0
0.009549269,0.07485509,1.0034611,0.011938499122707637,0.028195588300369733,0
1.944247e-06,0.0012843278,1.5849481,0.014180979645370607,0.04715467033097409,0
0.44779345,0.10832316,5.0,0.6641532589665187,0.9868893820696882,1
0.90972924,0.09076927,1.2360607,0.9487817217192187,0.9982660061395578,1
0.8341899,0.07619668,1.7620542,0.932832073391253,0.9985548419319323,1
1.3526789e-05,0.0026093032,1.0685788,7.552696422882621e-05,0.02676366342869614,0
0.2975199,0.07007831,2.4351623,0.42136507754535374,0.8194553515554401,0
6.7519522e-06,8.165953e-05,1.2353094,0.0010828295392466864,0.032285855430440366,0
0.003921173,0.017297978,1.2895106,0.0038243101618628925,0.03496300374194048,0
0.991711,0.008760081,3.8956184,0.9899177125816074,0.9994787411767196,1
0.11428193,0.08478396,3.4994078,0.2586773951513005,0.5069171703890523,0
2.9409872e-05,0.0036241447,5.0,0.0034660025609625023,0.07665662626073036,0
0.9390476,0.043991555,2.4688268,0.9875740341050225,0.999343609104377,1
2.5088602e-05,0.049501553,1.6093321,0.00016861768921403112,0.042193898916822785,0
0.07901321,0.074915715,5.0,0.03321242706415255,0.10314919647906212,0
0.98334265,0.037224084,1.1770808,0.9864609481888083,0.9987320736469271,1
0.008151201,0.038375217,1.4548681,0.011366101518801276,0.042841472072367055,0
9.708579e-06,0.00045043713,1.5095083,0.00018288720804367206,0.039330490196746025,0
0.4037072,0.17501365,1.2153078,0.13066442289049057,0.1154016324758552,0
0.07041439,0.05319625,2.1915095,0.37820273701968465,0.730247344300989,0
4.9631784e-05,0.0019119903,1.703241,0.0025687431244956877,0.04473640354176824,0
0.20115413,0.06893124,1.2387567,0.05648752998366303,0.05694780087850017,0
0.040062465,0.027278524,5.0,0.11233845516995362,0.20339927992418036,0
0.0016472371,0.01482712,1.1448556,0.0029312046005398598,0.030171533755709485,0
0.13830136,0.0854271,5.0,0.03437682810215897,0.10460906896316621,0
1.8091665e-05,0.0019185998,1.5318276,0.0006685235480410558,0.04007096233274188,0
0.0013294187,0.018267239,2.193066,0.0003500380944562029,0.05271438459345808,0
0.4829309,0.1581758,1.5836873,0.45156041216976284,0.8217636299470994,0
0.6626056,0.051817663,1.2070993,0.7868839218280974,0.9905577263163273,1
0.16357885,0.024387477,5.0,0.03340748315813865,0.10214448720239326,0
0.00041858634,0.0046481034,1.0295471,0.0003102374384391846,0.025526336203460107,0
0.2117278,0.060136944,5.0,0.10822534571508413,0.19847656362174734,0
0.08491904,0.046095,2.7074955,0.0034469261170990387,0.06168250150308256,0
0.99943537,0.008132813,0.9110342,0.9996797231072203,0.998399825701411,1
1.1098479e-05,0.00024153953,1.3772492,0.00015575808771192573,0.03596902575990694,0
0.5891175,0.054701664,1.3402442,0.40626768379177275,0.7047052793625908,0
4.006756e-06,0.00031762302,1.9642583,0.0004692146237785685,0.04881198368533706,0
0.69095445,0.05466373,1.7536061,0.8317579428500195,0.9958881598457198,1
0.06918161,0.044002563,2.3407345,0.11812682294983133,0.16367432289509393,0
0.11576078,0.040353443,2.2373648,0.0016584173246801132,0.05445207676298349,0
0.1419415,0.034931567,5.0,0.025207160718126963,0.09491340310450089,0
0.49687597,0.06634382,1.3770539,0.6328103514933867,0.9617155335264218,0
0.00034146718,0.0073691346,5.0,0.0052211429234417005,0.07801547593467831,0
0.8424157,0.07929734,0.96852714,0.9897273848893168,0.9984162722703582,1
0.0037589695,0.011831331,5.0,0.003209678097249409,0.07663601263168471,0
7.744773e-05,0.002863691,1.5831603,0.010323993493086409,0.045383419261912715,0
0.8578672,0.03701198,1.2510717,0.8179863198071952,0.9933922762012677,1
0.704284,0.11658035,1.4159715,0.9543115197093001,0.99859471915735,1
0.15807967,0.099723436,1.211085,0.0531691718832932,0.05417449883452582,0
0.7928107,0.049932074,1.0143814,0.8676322658801965,0.9947978356976047,1
2.83127e-05,0.0022184562,1.3268968,0.000641751088772311,0.034790766633117906,0
0.8536605,0.035357032,1.3816389,0.8618325161454188,0.9962107136155839,0
6.872079e-05,0.0031738738,1.6649594,0.0021189993274181563,0.0437266014060077,0
0.8860197,0.07984397,2.075714,0.9570206016939125,0.9990057534642621,1
9.8092205e-05,0.0015327508,5.0,0.00022322650985820024,0.07429602608838738,0
0.29432693,0.07019517,5.0,0.727182708081161,0.992999083127013,0
0.5621338,0.04900727,1.3878056,0.18909278894667803,0.21051643022354677,0
0.42480245,0.10813076,1.6588931,0.5189909020228709,0.904360103908372,0
0.22194788,0.09211515,1.8728337,0.5287877100095496,0.9198242220196096,0
8.299251e-06,0.0076508266,1.8471162,0.0001279535986046,0.04661321732581197,0
0.6041096,0.03902914,1.1339643,0.5419788602237444,0.8869380952974881,0
0.78729975,0.06945202,1.3887124,0.9791249846326295,0.9988745015113701,1
0.67063314,0.14377837,1.1563901,0.15101712138044798,0.13078848827282788,0
0.00014405532,0.0066348314,1.5962068,0.00945324859528618,0.045367365123270366,0
0.043942634,0.10273957,1.6378368,0.08081899982906317,0.09412725344092286,0
0.7416174,0.058581207,1.2253875,0.48093944371599084,0.8230225303744667,0
0.12133576,0.07318986,1.5083653,0.24287218884017583,0.3349294936108397,0
0.85420555,0.08042512,2.7100258,0.8903355917509472,0.9983286326683259,1
0.07718049,0.030038966,5.0,0.020615681516837556,0.09075926677714843,0
0.8553766,0.037190925,1.5879523,0.4040685087211238,0.7340510615302674,0
0.014801844,0.09547233,5.0,0.03849836438552609,0.1087404611426633,0
0.9994709,0.0055817557,1.4677713,0.9978669664481175,0.9991088490812221,1
1.0433086e-05,0.005302811,1.3091546,0.003386418543373954,0.03526911742531021,0
3.1062642e-05,0.002505409,5.0,0.0009577461515088335,0.07483436756819646,0
0.9996364,0.0014229881,1.0593113,0.999918397282111,0.9987205153344266,1
0.14972067,0.084843546,5.0,0.03289181751174052,0.1031909024054042,0
0.2115393,0.10524194,3.4042747,0.08989932949861877,0.15348808048919732,0
0.04718477,0.13407001,5.0,0.004272835355273295,0.07992147196416215,0
0.0037091626,0.012067671,5.0,0.03084043539940888,0.0992510399282812,0
4.0575225e-05,0.006881197,1.0222402,7.631722570696025e-05,0.025232569494731256,0
0.41341245,0.09394841,5.0,0.3837425088229926,0.8086737613628022,0
0.00018075884,0.006180925,1.9459661,0.00019957228893410716,0.04843785075944806,0
0.11346427,0.07828021,2.0892055,0.029192363798901125,0.06864614463117548,0
0.027083445,0.027886253,1.6029041,0.02049708763121637,0.051018627823064565,0
0.1412799,0.18453406,1.2853885,0.031343060383891855,0.04784059064612542,0
0.79505026,0.04262269,1.2643328,0.4907409962717843,0.8416162915598342,0
0.090924755,0.059684698,1.9524131,0.23325102604259063,0.3613359330184699,0
0.00043668956,0.0064562573,2.0391386,0.0005363270727589442,0.05020410246109412,0
0.0009305953,0.0069567687,2.650742,0.00751945499002451,0.06274459473498918,0
0.9997954,0.001221436,0.8329009,0.9993059458505473,0.998131172854299,1
0.103425466,0.17156717,1.1691036,0.08267236858552758,0.07035909354517288,0
0.122026965,0.10091866,1.901738,0.13411224645118378,0.16881615555696136,0
0.7228717,0.080846764,1.1640265,0.21777033768834886,0.2282714960484753,0
0.94260675,0.03892765,1.3262856,0.9961044307044072,0.9990001061620708,1
3.6223596e-06,0.0005850422,3.23902,0.0015885090336688493,0.06495731625170084,0
0.00047746024,0.0029172427,5.0,0.004016283020620898,0.07704339145999037,0
0.9444618,0.07349949,2.0939467,0.9672901064836682,0.9991096166191987,1
0.26865172,0.0689432,5.0,0.1870432618122729,0.3579131901475258,0
0.00010086999,0.0026758544,1.8510066,0.000721288645238853,0.0468964089389598,0
0.020996734,0.024680948,1.4796125,0.009604502878812796,0.042637458612751235,0
0.0089602545,0.027526319,3.19768,0.10418070524956265,0.16615993050639694,0
0.25319955,0.07585976,1.1137643,0.09866945066678529,0.07561013822955719,0
0.8815179,0.060659718,2.2059786,0.6407870434368288,0.9760122061663458,0
0.99102247,0.011966374,1.964988,0.9822302853304591,0.9991871033567257,1
0.56529933,0.046463415,1.1789988,0.5020123468489844,0.845606379865283,0
0.40136513,0.07801867,1.0035386,0.22566828920811732,0.2071674406615192,0
0.016842183,0.08569491,1.330166,0.06485273654358624,0.06670625417828054,0
0.57837784,0.08234897,2.4948242,0.8416827023458079,0.9971112207419618,1
2.3532031e-05,0.0055310926,1.8030121,0.00992829743485461,0.050331015086580916,0
0.013147149,0.042790376,1.2262912,0.006750143354548605,0.034264590450677104,0
0.16357858,0.024628896,5.0,0.02381175649764645,0.0934732593601727,0
0.946794,0.060261153,1.1191174,0.9962227017351473,0.9987841952150127,1
0.15734154,0.035154507,5.0,0.020775358940902537,0.09110358992825061,0
0.94502234,0.03864991,1.0697203,0.997694721909602,0.9987207335593343,1
0.061765216,0.037704248,2.216206,0.022764826126292086,0.06625387833595787,0
0.20501302,0.08967887,1.9491962,0.23702902018964533,0.3723525704498227,0
0.04211787,0.043866638,1.1770155,0.027170151701678406,0.0399891448522179,0
6.919478e-05,0.02433671,1.3804595,0.0004438239345307015,0.036391662388300224,0
0.020610614,0.025192028,1.2063215,0.0011772219830016328,0.031665599151212816,0
0.31130365,0.12796205,5.0,0.11376791264083323,0.2110260400759602,0
0.089565866,0.061788805,1.2821919,0.03402760355704412,0.04737857287650182,0
0.5989902,0.10561962,0.9985351,0.4244165587550027,0.6679581365288796,0
0.0019077174,0.008898508,5.0,0.01917599234220474,0.08898552153079436,0
0.96289086,0.029163046,2.3905063,0.9663689620325625,0.9991652728191693,0
0.28349808,0.09404237,4.482979,0.3344351801523124,0.7110592646542677,0
0.4031785,0.11609616,1.194355,0.2432998537342633,0.2851227723405777,0
0.1756043,0.030614454,5.0,0.024468289621935268,0.09420150113898423,0
4.4288345e-06,0.000214643,1.1720873,0.00041896956107029964,0.03016143986485074,0
0.14672317,0.034568094,5.0,0.0935945305043197,0.17452678723693135,0
0.0033001786,0.009750707,2.9148076,0.0038534063659909383,0.063508270638358,0
0.00031183593,0.010730737,1.5928608,0.00024310961461903918,0.041417906872240166,0
0.89095634,0.055018358,1.4687209,0.969125966881209,0.9988191256963853,1
0.99776614,0.005699334,0.8745497,0.999244905735812,0.9982810163328862,1
0.6881472,0.050415557,2.6134531,0.9618456699826575,0.9991716229285095,1
0.6053649,0.061994255,1.0931463,0.5810366025371005,0.9182542817842241,0
0.7523858,0.06325384,1.846277,0.9384594467257479,0.9986798685889109,1
0.50162524,0.16814117,1.3599068,0.13616342026641218,0.13544087478750566,0
0.97853047,0.020011583,2.4627593,0.9922707507184787,0.9993696912946257,1
0.5170215,0.07766823,1.2112064,0.8422889980873279,0.9946774033902214,0
1.50341375e-05,0.020194676,1.5918913,0.001673965167069636,0.042087940895672894,0
0.89356977,0.09822268,1.1666187,0.09537369106578035,0.07848226217764402,0
0.9998116,0.0049312664,0.89364016,0.9994536991995265,0.9983441324329525,1
4.7329113e-06,0.0010580819,1.1000444,8.60364763642839e-05,0.027787559733663158,0
0.1836276,0.12279227,1.1538167,0.1341053306142567,0.1107832021374805,0
0.24087323,0.095120944,2.8617706,0.14488866814573068,0.22670015652823536,0
0.73991424,0.10977419,1.1710095,0.9577077388183847,0.9983157127305641,1
1.8427683e-05,0.00067943905,1.952322,0.0068480781690612455,0.051722526581210855,0
0.5868664,0.05838302,1.487985,0.19286029318128312,0.2297546305737202,0
0.3825651,0.20685616,1.3516135,0.06641381420376678,0.07133955461291654,0
0.17389955,0.025816616,5.0,0.041082561256830526,0.10964397394648764,0
0.99906904,0.019120004,0.8509745,0.9997402049965367,0.9982159384181707,1
0.05471425,0.07996549,1.2353772,0.01122486603789294,0.0365003847196941,0
0.001097264,0.004826376,5.0,0.0009462789473784036,0.07487200322560039,0
3.714161e-06,0.016451228,1.0511324,7.631722570696025e-05,0.026280324220435733,0
1.45842005e-05,0.0011507502,5.0,9.210428409317311e-05,0.07419622343168321,0
0.20080781,0.10047456,1.200777,0.14896741306476904,0.13157873147796104,0
0.00059318246,0.017870177,1.305526,0.00025517825723492943,0.0342067391366469,0
0.037010714,0.03886675,5.0,0.02083863722622021,0.09110576448066517,0
0.12487835,0.030930154,5.0,0.038123928205649776,0.10678875364298619,0
0.15251859,0.066110894,1.3003957,0.057625958778970185,0.060589390796705576,0
0.0025777465,0.004761164,1.1876547,0.02530690247095232,0.03924819707822754,0
0.50715816,0.21487832,2.4173481,0.06672094056218136,0.1105696584697159,0
0.31419957,0.102926835,1.5212026,0.09438391455403455,0.10070154805230881,0
7.948815e-05,0.0007575083,1.2651137,0.00046851206154064576,0.03296818307294847,0
0.06787909,0.023138417,5.0,0.0253954628199583,0.09470974231716849,0
0.3829358,0.09009166,1.3842815,0.7531615488333585,0.988662932177462,0
2.1392977e-06,0.00021510267,1.126964,0.00013583637931184874,0.028661010186183437,0
0.0032970381,0.008483136,5.0,0.024751961672606678,0.09372248522186606,0
9.936096e-05,0.0024078437,1.4237316,0.0002964087109598543,0.03725682981472992,0
0.27442792,0.101512834,1.1018457,0.35718949241092995,0.5350809978486367,0
3.5581692e-05,0.00087409583,1.1851933,0.00014394565082784366,0.03048729061988083,0
0.99708897,0.0185553,1.8101506,0.998746426643869,0.9992702435785136,1
0.6106646,0.047999375,1.1811836,0.5713188787605615,0.9179285398835403,0
0.40064374,0.17367947,1.1584425,0.13852741226186405,0.11761288880003774,0
0.0038551164,0.036994014,1.5971538,0.019299063187656573,0.05037693798071374,0
2.0813575e-05,0.0023074264,1.2316312,0.000141352558866552,0.03189608522568127,0
0.040305395,0.03125953,5.0,0.016640114166440605,0.08743758896864193,0
0.7489385,0.08990628,1.6280338,0.9774784640894638,0.9990235375344629,1
0.107635126,0.08822411,5.0,0.007095783895734207,0.08118124955282661,0
0.08079761,0.08167106,5.0,0.015355180482608187,0.08755107674179467,0
0.007567588,0.029903343,1.6828825,0.01293962737729267,0.049393189574774087,0
0.014852425,0.09763896,2.276261,0.001632307472092135,0.05577483299309801,0
0.05530044,0.03298673,5.0,0.013162042407949815,0.0846867789298305,0
0.12631753,0.02685079,5.0,0.07838038146452787,0.1528643657080317,0
0.7889595,0.046403337,1.4170419,0.9750336428852873,0.9988432543118824,1
0.161898,0.029916229,5.0,0.067426740201282,0.13904058740343397,0
0.7098971,0.08246346,1.649982,0.8919724855834769,0.9976782641115901,0
0.0012721488,0.0017730049,5.0,0.0057642974387820105,0.07830538527113579,0
9.071438e-05,0.003785197,1.4900407,0.00023039111479088365,0.03891070462867841,0
1.1633796e-05,0.0002061513,1.9774119,0.0005786582896729009,0.049092018542645326,0
0.07780761,0.054207005,1.3732622,0.062472953975764633,0.06682911676958654,0
0.5083896,0.037718374,1.093055,0.8514808131890461,0.9944240656427629,1
5.4220586e-06,0.00040946197,1.8199235,0.00019957228893410716,0.04603695877968528,0
0.9996542,0.012954054,1.6480299,0.9964515472474065,0.9991902686001182,1
0.025157318,0.058279317,1.8550218,0.04740612696581431,0.07477451081394633,0
5.0463022e-06,0.0017379085,1.2539008,0.0025590155521934424,0.03333453509082511,0
0.7451822,0.1516901,1.9465455,0.23426331873274528,0.3712620756325964,0
0.68946743,0.04235684,1.079799,0.41554884157938204,0.6684647220045006,0
0.6088164,0.083434075,1.2421635,0.46836868425869255,0.8067739518595157,0
0.021717083,0.03691793,1.805487,0.020309973117863596,0.05620536029547779,0
0.4816526,0.19772476,1.189701,0.9100894634844718,0.9973667782912036,1
3.5666657e-05,0.0023267858,1.5979226,0.0004489020685176452,0.04152354116670868,0
0.0008984866,0.009525465,1.7048815,0.0059166915505319976,0.04635698336161152,0
0.035343964,0.044003483,1.3240767,0.0369319095244743,0.05015903891280658,0
0.1465697,0.17134888,5.0,0.044375047959804015,0.11707050832507639,0
0.0692744,0.06283719,1.7365286,0.01717628565807425,0.0532955275782126,0
0.23221008,0.11239838,1.250996,0.2299376244191939,0.26806394018260454,0
7.98414e-05,0.001985971,1.7141416,0.002544575839331121,0.044959231486419095,0
0.0008739363,0.010262236,2.2787414,0.013525776088891524,0.06117323646330476,0
2.8351446e-05,0.0028570963,1.4880661,0.000593539204968513,0.038991915355951826,0
0.00081346935,0.00596962,1.051989,0.000351339997598228,0.02630690831002839,0
0.01225126,0.03171341,1.6833816,0.023101068726745756,0.05456404423045092,0
0.00024229982,0.0028386281,4.416458,0.004362159378783227,0.074598000149783,0
0.0026256018,0.017475668,1.9799578,0.0018241149992685674,0.0499657934577265,0
0.0012113433,0.0040309443,1.5463245,0.008997785671084316,0.04388530085085976,0
0.0019992313,0.0136120245,2.2728956,0.02069372395366088,0.06549054343012142,0
0.9574987,0.08021885,1.0911527,0.9998388191053525,0.9987956609740894,1
4.9280984e-06,0.0046834713,1.0863278,7.552696422882621e-05,0.02736422639893014,0
0.022327773,0.056229413,2.1423428,0.09874277335118717,0.13185452588237667,0
0.62248844,0.2069325,1.0633218,0.9994613263026735,0.9987859148535577,1
0.49566016,0.08430802,1.3092253,0.6257387608436862,0.9569524597248457,0
0.00027127226,0.004887474,1.521849,0.01573630132682901,0.04621647197251516,0
0.003573737,0.024565,5.0,0.007724538740102623,0.08023792552362208,0
1.6404216e-05,0.0019986539,1.1870888,0.00013047136996077475,0.030550421570275783,0
0.44705424,0.055321157,1.9301654,0.14528577356405642,0.18596648148211153,0
0.21426424,0.1113695,2.4094486,0.038951804025650925,0.08283004188289711,0
0.00010496272,0.0025357197,1.928054,8.150473038287203e-05,0.04801701172809214,0
0.0053606457,0.024118451,1.4266819,0.004278170561061198,0.03905699773747608,0
0.9998797,0.0029141952,1.03612,0.9998935135121828,0.9986808652971537,1
7.520771e-06,0.0010601255,1.1427212,0.0010096743834924525,0.029421917847165677,0
0.00042237417,0.001770328,5.0,0.001110994056279597,0.07492941408676534,0
0.00093654194,0.009468421,1.1265174,0.00039024640054055484,0.028791785747513333,0
0.96414024,0.09102116,0.9544286,0.9995499933080284,0.9985429334232541,1
0.122064725,0.058657587,1.6696533,0.1815956415035694,0.22702195163456695,0
0.0030510067,0.0154829,4.2809896,0.057789317923275726,0.12162328696958322,0
0.002442958,0.014038673,5.0,0.029970625712626656,0.09850373195571745,0
0.6065457,0.04722611,1.1676545,0.7702676131849322,0.9883410339932447,1
0.11174076,0.06363852,1.2989532,0.015524920950373628,0.04010529541116083,0
4.840308e-06,0.0013776231,5.0,6.701447192277571e-05,0.07418288374149654,0
0.17991158,0.021482456,5.0,0.07265365580232265,0.14532022250988821,0
0.07792604,0.055382226,1.226572,0.11655120655621645,0.09901279781739518,0
0.029076079,0.040390976,2.0212545,0.029863127669941463,0.06686297846245567,0
0.99931073,0.025384208,0.9117019,0.9997976643618425,0.9984112571517235,1
0.54624206,0.13003609,1.4562508,0.3526736084200127,0.6051762360233605,0
3.0455752e-05,0.0014357682,1.8606272,0.00019957228893410716,0.04682341641046083,0
0.7012288,0.044577997,1.0767198,0.5879304585411647,0.9217038632719775,0
4.635396e-05,0.0061188834,2.4497004,0.013910433657196073,0.06394724004657495,0
0.60094506,0.19188762,2.4898553,0.9759013113840702,0.9992902708499698,1
0.587277,0.053703282,1.112981,0.6556906612828114,0.9610401958609889,0
0.43541166,0.13178328,1.5390803,0.843778918834325,0.9959918676330046,0
0.16616814,0.037169795,5.0,0.199521534669332,0.3853871261842877,0
5.6320416e-05,0.0009149248,5.0,0.006809369616848027,0.07906366912717389,0
0.1448876,0.07938239,5.0,0.25736630117524956,0.534405744971972,0
0.0051121553,0.026915494,1.7598611,0.004782702404939575,0.04724545913376907,0
0.0003715758,0.0074332366,1.712466,0.00019007892316756417,0.043962963513263086,0
0.84606963,0.09553673,0.9726318,0.4544539371147284,0.7248746872691171,0
0.6746297,0.052490067,1.4672686,0.592269154970549,0.9464187487189493,0
0.00026244193,0.010195097,1.28798,0.000141352558866552,0.03360141288209383,0
0.041309778,0.060867757,1.2631727,0.009661739226838164,0.03665428292757594,0
4.9914863e-05,0.0006376564,1.560402,0.0028299969063115132,0.04160581961537817,0
0.001809763,0.0070767296,4.0068154,0.00165224201986139,0.07054435640888297,0
0.0024794447,0.005912729,1.610793,0.014829395677604955,0.0481847297566145,0
0.67795795,0.07860447,2.3113606,0.9329417240653877,0.99881145733918,1
1.8217932e-05,0.00034774278,1.4958116,0.00018288720804367206,0.038997530512287035,0
2.7363969e-05,0.00071484473,1.4573334,0.0025564717429860553,0.03895167162040443,0
0.035774108,0.047043063,1.4654688,0.07370469917214147,0.07891080829002176,0
0.13700747,0.1584848,1.8104475,0.024945564520797332,0.06089848402295213,0
0.16517082,0.035652317,5.0,0.05858966064449946,0.128728110124358,0
0.0013114279,0.002655776,5.0,0.006160094766864872,0.07861664072114348,0
0.5731074,0.09918309,1.165619,0.19401979193806196,0.18894557556170888,0
7.764908e-06,0.0016598047,5.0,0.0011446045181464682,0.07495077585479065,0
0.040462125,0.08534336,1.0021318,0.008461085762685044,0.027272611628626337,0
0.03976253,0.051058643,2.1029174,0.09053810650416498,0.12103001896154507,0
1.097707e-05,0.0017768636,1.0602031,7.58375008201688e-05,0.026479190999051334,0
0.00025646816,0.010990602,2.3089802,0.0036914152541985806,0.05608280889076986,0
0.8198954,0.14311704,1.2205305,0.700778808703245,0.978353416170775,0
5.666261e-05,0.0020914082,1.2929087,0.000141352558866552,0.03366784016393241,0
0.06538899,0.064481765,1.2216046,0.03420558392247239,0.045000095375071596,0
0.000121398145,0.009598475,1.410814,0.0009411296915117531,0.037230404783779064,0
3.348743e-06,0.0040865093,5.0,0.006927227649974657,0.07921605586939821,0
5.844659e-06,0.0011416709,3.181173,0.01506221480421936,0.07332410992463698,0
0.0025503375,0.017281886,5.0,0.007893717827959812,0.080215220973676,0
0.19897738,0.12288497,1.2343715,0.06657005667430578,0.06340089474691919,0
0.93605053,0.041092936,2.3190594,0.9867241962161674,0.9993116337594153,0
0.698956,0.074513815,1.4577013,0.8592287935302954,0.9963478134810984,1
0.17593977,0.045641817,5.0,0.018611424127374668,0.08954154649104089,0
1.6412696e-05,0.0041892836,5.0,0.006378866684749743,0.07880898980275483,0
0.54188776,0.054553658,1.454761,0.30664796925157234,0.48326723557239015,0
0.0026189522,0.012694592,1.1183159,0.026152883440825368,0.03686848840420555,0
0.9868196,0.023149174,5.0,0.9889088723911796,0.9995168869378671,1
6.335238e-05,0.016209517,1.441838,0.015151497828134021,0.043815463745358614,0
0.022512143,0.021125361,2.141209,0.08682814288387065,0.11743347863823879,0
0.003087305,0.049084783,1.1595082,0.022273925528430428,0.03746090804903831,0
0.93047416,0.07393407,2.0677094,0.6778485647354001,0.9828126173664863,0
1.4964146e-05,0.00594836,1.8122582,0.00019007892316756417,0.04595210336312933,0
2.3935947e-05,0.00056116696,2.8416765,0.00026530124158029875,0.06047163688091392,0
0.13725697,0.032529745,5.0,0.022379912488109995,0.0923906066110612,0
0.13745663,0.08326913,5.0,0.16067081979898146,0.298874318548525,0
5.3453798e-05,0.0026235247,1.6632763,0.0035128270489993394,0.04428420809192522,0
0.34119296,0.10402758,1.1735407,0.3736828960990959,0.5967423076115196,0
0.8936198,0.06976031,2.363514,0.9714987755321971,0.9992107015097673,1
0.40421665,0.05055608,1.0520185,0.5799740057120261,0.9129352178020856,0
0.1632622,0.033651073,5.0,0.0018147560513408708,0.07621034685361665,0
0.7755443,0.12557563,3.6216629,0.5141080876029629,0.9359120260528315,0
0.028035542,0.022180215,5.0,0.01478869889524267,0.08572299516894874,0
0.0023860058,0.015069892,1.8037753,0.013872946439308224,0.05245023783553757,0
0.13876778,0.034627248,5.0,0.7509489954108576,0.9944386293551384,0
0.0012975069,0.0028051874,4.1526904,0.013835021829637235,0.08003374557072959,0
0.7892526,0.043827776,1.2199485,0.9306059987931237,0.9978474712678042,1
0.49247196,0.09735559,3.228755,0.46997652782593485,0.8973520675891982,0
0.10721403,0.06907475,2.460386,0.27005900326590915,0.49111070680302743,0
0.1519746,0.077917226,5.0,0.1639854226405282,0.30577050517704557,0
0.00022549952,0.05700918,1.3388782,0.0006138510305721979,0.035632600862645046,0
0.08948883,0.0853096,2.537867,0.5263728338459531,0.9318156195427227,0
2.011629e-06,0.0006130347,1.9042696,0.0017767645331265892,0.048357643579248745,0
5.4973943e-06,9.3664356e-05,3.2529578,0.0025175799174265968,0.0656478292361603,0
0.13586183,0.089940235,1.1219413,0.34016947376876294,0.496135658175949,0
0.10595142,0.038411222,5.0,0.024824011260421316,0.09461701278812051,0
0.69759387,0.091033235,1.3819942,0.1800756547182359,0.19700632223497397,0
0.09631981,0.07067993,3.3759084,0.02813862955044322,0.08662355706925615,0
0.99920696,0.004749506,1.3796088,0.9938257260102917,0.9990103100993366,1
0.6644754,0.09874382,1.1636324,0.8486769558818665,0.9948046261852336,1
1.0275549e-05,0.00039568773,1.4736795,0.000272716838297535,0.03848866775977246,0
0.3643324,0.063446715,2.7013698,0.06410273979297466,0.1098101662574806,0
0.0003502105,0.00363172,5.0,0.0009934726174440015,0.0748817647687211,0
0.12574364,0.08326251,3.0079463,0.08597676366091776,0.14048112319726574,0
1.0263053e-05,0.0032349888,1.1950567,0.0008405599287507794,0.031021605603094745,0
0.0033104664,0.011529724,1.2013685,0.06889963040684806,0.06094200208802241,0
0.01553119,0.031829607,3.5679784,0.009696316538335897,0.07354794201309357,0
6.4616074e-06,0.005366749,1.2274486,0.0018423132262359375,0.03233968535190321,0
0.00045601133,0.009576275,2.9561806,0.03846718832053737,0.08873670767265149,0
0.6806759,0.30364367,1.2957838,0.10455349198176579,0.10060591430392676,0
0.013029709,0.036136065,2.3689857,0.004231940942672068,0.05762005750804058,0
0.17292558,0.11220665,1.2742559,0.12223042232741203,0.11021789681620953,0
0.7134601,0.117209695,1.3274337,0.6732918984793475,0.9738252883935513,0
3.768026e-05,0.00086465233,5.0,0.007651590853470537,0.07969371391212826,0
0.3810936,0.09876597,1.1919414,0.46438492432499767,0.7925146263103258,0
0.9999263,0.00076462206,0.87711424,0.9993601041002199,0.9982890587490711,1
0.36949006,0.10907457,0.9960898,0.19354189441478345,0.1578752369103401,0
0.027833246,0.022884434,1.6963469,0.11390150231812829,0.128210461894547,0
0.44787416,0.079933554,1.3078358,0.3813260336668435,0.6438838916555908,0
0.95679235,0.06784919,1.7571492,0.9866652280139598,0.9991649120540178,1
3.1633447e-06,0.023174834,5.0,0.002448904377703112,0.07630455843169179,0
0.00034549026,0.0043924106,1.1615217,0.00043024057478534207,0.029870281515835716,0
0.79348594,0.11485854,3.4076347,0.8936155524387498,0.9985642934755085,1
9.801122e-06,0.0047879783,1.1379392,0.0004179027342370267,0.029127045764107025,0
0.57158726,0.059438117,1.2217089,0.3326199603822951,0.5026163027911499,0
0.10141606,0.07275618,1.4651389,0.26656140470881035,0.38416529654418685,0
0.229359,0.072232164,1.3053097,0.4786892645242695,0.8296698405307101,0
0.029328382,0.10011064,1.2249569,0.20709854374397044,0.21933027199667918,0
0.00027256878,0.0010358932,2.9801006,0.0005657957820383293,0.062022991302905686,0
6.545246e-05,0.0012099887,1.4722284,0.0026569890175694973,0.0393754952257898,0
5.3584763e-06,0.017328583,1.1492606,0.0036762820870621504,0.03055964286511739,0
0.5244573,0.08903805,1.3768668,0.3071885341890239,0.4728785226309559,0
1.282558e-05,0.00068236643,1.7873309,0.0048183088830861835,0.04750210601589351,0
2.6841337e-06,0.00019566559,1.6024872,0.002916223912684112,0.04262364454025878,0
0.30895397,0.106243916,1.1509432,0.29042347381227496,0.3808460852056379,0
0.12436907,0.064476185,1.2350298,0.0444907322722333,0.05041015524562402,0
0.9082761,0.040825516,1.6397269,0.9526863557834303,0.9987348267118974,1
0.5976226,0.10969723,1.5736102,0.13144869785210328,0.14532061354345957,0
0.2048278,0.08143649,1.3866417,0.08790139605821594,0.08657688321744406,0
0.083551,0.10231069,1.1842062,0.029588283095224127,0.04191896333282894,0
0.6869828,0.24304008,1.2882954,0.07640342053971567,0.07568552517993271,0
0.43617535,0.06733213,1.0075697,0.42725739001858715,0.6744202338359868,0
0.0010278333,0.04246777,1.6602436,0.024101484195182345,0.05461881110845553,0
0.30925018,0.11816521,1.0509853,0.4817472596296484,0.7955953692487634,0
0.7759606,0.05337302,1.0251591,0.39639214385105176,0.6076185343138112,0
0.2763844,0.21414289,1.237506,0.06022137074767215,0.061317570834785215,0
0.004365944,0.00560987,5.0,0.04423208772886626,0.1120420796825423,0
0.6256219,0.09757189,1.518288,0.9350130933080196,0.9983918372648152,1
1.2688312e-05,0.0011476101,1.6863152,0.0023271662830074455,0.04425772405972205,0
0.49493152,0.13118145,1.067179,0.013698961947477757,0.031889891880916864,0
0.0017857424,0.017076692,2.3083007,0.006874809510966765,0.0579194829493491,0
6.857259e-06,0.0013704029,1.0772414,7.552696422882621e-05,0.027041063676494444,0
0.0014109195,0.0058274968,1.613404,0.007989166594809853,0.04512930998397744,0
0.39902833,0.085369736,1.4295874,0.6270695684173316,0.9611178613533893,1
0.07628434,0.077862464,1.1854879,0.011937316611396298,0.03503437029527779,0
0.7705401,0.2004204,1.1652998,0.8030193825424348,0.9919833346553651,0
0.037704226,0.057145238,3.7809486,0.12274959643133986,0.2068689579438016,0
0.20336547,0.13610274,5.0,0.03760759817513892,0.10920433474656975,0
0.4764087,0.06703889,1.7041793,0.1938277690666156,0.25446759688027426,0
0.6524596,0.05427311,1.23652,0.5520207000438409,0.906705915541284,0
0.00013317064,0.012790197,5.0,0.0009145653620726831,0.07500228842547386,0
0.4131018,0.08065248,1.0729753,0.573472957927559,0.9104262684299591,0
0.00117858,0.006699249,1.8095051,0.018324861524899615,0.0547764328779903,0
0.19562955,0.18642679,1.9960287,0.028859467851938467,0.06834934350746193,0
0.46844137,0.0534288,1.0364192,0.35524715439189714,0.506653664291992,0
9.902885e-06,0.001768149,1.241383,0.005525160817122887,0.03394337045856428,0
0.90112007,0.07343362,2.089074,0.7945209109103886,0.9947757818051638,0
0.005916788,0.038716257,5.0,0.008172161588446277,0.08087215590449588,0
0.9866876,0.07231007,1.0848001,0.9990535115438565,0.9987742344187283,1
5.239557e-05,0.0011849621,1.4002302,0.003941069983901881,0.037976842936856894,0
0.045734737,0.08799567,1.3278935,0.026411266457025215,0.04593869431370824,0
0.62835234,0.08347272,2.052178,0.8223735759597922,0.9960154266001744,1
0.84484434,0.039877463,1.3471125,0.9633942854732042,0.9986241808754841,1
0.00030081876,0.0007591366,3.1421661,0.0007730197026189701,0.06362511145465433,0
1.0699438e-05,0.00039372803,1.1304632,0.00012253306051074222,0.028769982581075253,0
0.65750426,0.08738426,3.05051,0.17462632628938676,0.2917081137894264,0
0.30205646,0.2016949,1.6969289,0.30966883715840327,0.5360195609706959,0
4.851908e-06,0.17382091,1.1009971,0.036184084197230654,0.04166281802118149,0
0.425645,0.10554659,1.1858988,0.6142751171746039,0.9465138571013065,1
0.6187265,0.037685364,1.1383463,0.7582757620296691,0.9863791988294289,1
0.00014640558,0.0035694924,2.5123591,0.008539180426055422,0.0615376012604105,0
7.921061e-06,0.0018108598,5.0,0.0006612203772260666,0.07461075604331667,0
0.65201133,0.08785718,1.0015345,0.5331343448163013,0.8598285013688157,0
0.005351062,0.030325094,4.0348253,0.07614127652747844,0.14117948504104352,0
0.015649496,0.043119635,5.0,0.000777163037916941,0.07550691516813555,0
0.99874157,0.004194653,1.010093,0.9999527804230821,0.9986336557649999,1
1.2294657e-05,0.0008544373,1.138638,0.00029285518461190423,0.029082017464362037,0
0.008297022,0.025051089,2.9184754,0.010051022778515042,0.06770650620376854,0
0.17327167,0.029847922,5.0,0.0887974124351122,0.1674210992994542,0
0.4938723,0.09530757,3.5969868,0.8613909134368898,0.998028785552087,1
0.014731354,0.027670892,2.7016451,0.10301893903572276,0.15337549257378294,0
6.8939657e-06,0.00014313568,1.8134841,0.00019007892316756417,0.04590501990057592,0
0.04378699,0.047206786,2.1954625,0.044227794780858205,0.08095542774792731,0
0.67027247,0.063748,1.3102409,0.3498684973342702,0.5671666605636055,0
0.13759965,0.05483934,4.060314,0.01911616703293101,0.084762087097182,0
6.85818e-05,0.0018701482,1.2662555,0.0020213133339882197,0.03352317026294763,0
0.16423391,0.03005029,5.0,0.051937915029853746,0.12110265654135796,0
0.29487592,0.07184588,1.2619255,0.38486923193402567,0.6419384295653242,0
0.8340653,0.05876063,0.9502207,0.7858373188782977,0.9868877364675349,1
0.0015603172,0.005681561,2.3501146,0.009044234856237584,0.059593721590525034,0
0.7504114,0.045169014,1.0400313,0.7974086330624293,0.9897162587942914,1
0.38867947,0.10169345,1.1085911,0.8451292148251667,0.9942534195944805,1
1.1451127e-05,0.0012312515,5.0,0.002436630194344609,0.07586612661570476,0
0.00032059886,0.009379749,2.2424898,0.0013393800642452422,0.053837465193246815,0
0.5076079,0.070507094,1.520939,0.24432701255186545,0.3410729112684307,0
0.40068048,0.06961102,1.0186735,0.1791269749508829,0.1418353235111038,0
0.0020117422,0.00969749,1.1708289,0.01542829894435084,0.03504903602124239,0
0.61617064,0.059516348,1.3022166,0.6539721859275387,0.9670647705878338,0
0.5065349,0.2121376,1.7639308,0.04109461551136235,0.07100995306617411,0
0.10767175,0.039854232,5.0,0.01782709601603756,0.08868164523608259,0
0.5174453,0.12035669,1.4375248,0.2178689039656153,0.2746288433569941,0
0.76445746,0.04997569,1.2031187,0.7829862811503755,0.9901463419173022,1
1.5273783e-05,0.0027973931,5.0,0.01853569747952509,0.08831571588993253,0
0.5501985,0.09551874,1.3536375,0.9388845151323824,0.9982609163308558,1
0.95280755,0.033371367,0.9315933,0.9998241379679711,0.9984672071796186,1
0.7537696,0.04058909,1.0677713,0.7111893105117598,0.9762903677963897,0
0.9999882,0.00015515041,1.0106688,0.9999218453309863,0.9986328301157454,1
4.136752e-06,0.08193376,1.0353626,4.58960078320032e-05,0.026199991696522176,0
0.62643486,0.0451345,1.3434564,0.7409449076727989,0.9866384649252,0
0.5290785,0.071802184,1.6100973,0.6312524315749916,0.9665113813987082,0
0.4890347,0.06712143,1.3907716,0.14409888906495907,0.14468686873168,0
0.544831,0.12526105,2.863537,0.2655592913148452,0.5057925725783892,0
0.0031975235,0.00979589,1.8283045,0.028360553314750184,0.06087612997936458,0
9.2600285e-06,0.004948358,5.0,0.006023959057064969,0.07856049614598776,0
0.15474452,0.03504412,5.0,0.026858030336996283,0.09639564196871894,0
0.619733,0.078433685,1.1112636,0.5161098486591621,0.8556454143729124,0
0.4341198,0.07500584,1.3487381,0.46805975963788465,0.8196170702372071,0
0.007867593,0.029155279,2.5507917,0.01755875569176722,0.06810566772627148,0
0.44404492,0.074106894,1.12776,0.5680420912072068,0.9111368484116157,0
0.6247457,0.042476166,1.2550138,0.8913800020021652,0.9968818902049346,1
0.1520207,0.21430819,1.200466,0.011469821574683922,0.036748693094349034,0
6.97034e-05,0.01727482,1.7115387,0.0034592515741044645,0.045492354211449516,0
0.115736485,0.031699676,5.0,0.030618956573654137,0.09967547347742299,0
0.62753266,0.059221763,1.3209349,0.4206379191736451,0.7316642656438458,0
0.55347544,0.06004429,1.020936,0.8003293894313297,0.989769376365744,1
0.66254795,0.091436826,2.2185774,0.47503442578528743,0.8824309653340577,0
0.78717816,0.054122664,0.99765235,0.8527727100620269,0.9938071874573499,0
0.7137446,0.04882337,1.1359022,0.6939892759079771,0.9740408948715454,1
0.7023822,0.113712676,1.01545,0.1445357512466087,0.10499536530405926,0
0.6421129,0.040007953,1.198762,0.7801829836590464,0.9897726900429177,1
0.00018733134,0.0035167022,1.5823233,0.0010337518248134197,0.04141859570999972,0
0.13605197,0.02712163,5.0,0.034079220052088355,0.1028131853250307,0
3.0009915e-05,0.0011291004,1.2326988,0.0006818374178751083,0.03208922016592061,0
0.00026137466,0.0038288936,1.2459842,0.00017634653684631197,0.0323432752543609,0
0.094785206,0.080206454,5.0,0.19237748611175318,0.3707515079202317,0
0.80936676,0.039308026,1.2819991,0.9752316644318146,0.9987118244082965,1
0.15094,0.14461084,5.0,0.012300974894709835,0.08653211158826422,0
0.18804517,0.09085329,1.0731406,0.09053443522283128,0.06703849796210776,0
0.008972212,0.013537236,1.4359801,0.016461592331860366,0.0441813198203718,0
0.006427119,0.019453265,1.2074317,0.004669061848884329,0.032760343014319696,0
0.69868886,0.22625016,2.1657343,0.9249963120088428,0.9987095511300491,1
0.6263979,0.04371743,1.079727,0.766688687475345,0.9866282309292581,1
0.15504138,0.12108817,1.7481686,0.018675398930981617,0.05526394423416459,0
0.06018085,0.048887603,5.0,0.03704501483366176,0.1061274130011975,0
0.15680994,0.07640763,2.754646,0.15407076965846978,0.23884628893353516,0
0.060608175,0.03661676,5.0,0.1649631877201088,0.3051904562290001,0
0.13178332,0.11421076,1.2255719,0.1471432344761711,0.13257235533634348,0
0.46377182,0.06400586,1.5470227,0.8731556345240097,0.9969905922877604,1
3.8707032e-05,0.0022219075,3.3971121,0.00301732406412598,0.06717825158581428,0
2.3394467e-05,0.0023574014,1.2879518,0.00045415961267106106,0.03363379232245197,0
1.3054575e-05,0.0023897379,1.0756487,8.60364763642839e-05,0.026998820408078574,0
0.8471354,0.07011622,0.9621586,0.8840005500276188,0.9952736798108998,1
0.0003295342,0.008432921,1.2798917,0.0004215195457234831,0.03344747549946561,0
0.59388536,0.04398334,1.200881,0.6328896861903142,0.9554128609366922,0
0.99967,0.0037051928,0.98900515,0.9999138486147818,0.9985903936714581,1
0.96308655,0.037596032,1.4539516,0.9811532730493825,0.9989413776000277,1
0.0031043345,0.010508171,3.6435475,0.0007384102030053065,0.0676769687836363,0
0.44848785,0.12036327,0.9909928,0.075657560063433,0.05284256624221696,0
0.018741423,0.027293172,5.0,0.01748975583802531,0.08802267287651906,0
0.66184556,0.13957359,1.9130244,0.19469737803489615,0.27886207479255626,0
0.26417428,0.10150734,1.2571864,0.22094002603369142,0.2509416878103496,0
0.8679579,0.050154943,0.9478516,0.9649244717361348,0.9978743653771583,1
0.53636074,0.092265524,1.6469744,0.2572539304906585,0.3902274194866593,0
0.7982834,0.108600594,1.6070043,0.9713775797910296,0.9989545263781712,1
0.19733937,0.03168373,5.0,0.07176888751742413,0.14457767870005964,0
5.2713076e-06,0.0073251794,5.0,0.010580713965831665,0.08205989472538172,0
4.424018e-06,0.0038652176,2.5636482,0.008635377444715093,0.06227192173865701,0
0.013327918,0.065966226,2.510804,0.04901928725308317,0.09176068625634501,0
0.013543789,0.01971502,2.7201164,0.008522890538854662,0.06441181956405082,0
0.0027220852,0.014169809,2.0300546,0.005322798146643284,0.05254634815089577,0
0.2048202,0.0921997,1.2010828,0.07621433592830036,0.06691958808502972,0
0.01367882,0.01948427,5.0,0.009321029162321103,0.08135894499809236,0
0.0523207,0.039269567,1.425698,0.0071233849010387575,0.040327578195203634,0
0.89622927,0.04646389,0.9677982,0.8690984857237893,0.9945135059661502,1
0.006820078,0.029128745,5.0,0.014976374308163443,0.08600300639487052,0
0.010520192,0.021943437,5.0,0.018795722782798376,0.08897355190170537,0
0.017878018,0.073612764,1.2286016,0.09682913187236551,0.08284864051791468,0
0.18532078,0.028448878,5.0,0.6384119843472691,0.9825589710073324,0
0.26995116,0.1716161,3.216375,0.07914692808880469,0.13902455703159078,0
1.3082529e-05,0.0006547319,5.0,0.00034683360923238796,0.0743663275696861,0
0.88463825,0.058523916,1.1233631,0.7711603000486289,0.9879549648134192,0
0.0023207786,0.0065230443,5.0,0.019984637305507827,0.08960647308788183,0
0.0014746701,0.0047295433,5.0,0.002845386192883397,0.07623049579165964,0
0.1101481,0.062983334,1.8248495,0.13301934301062582,0.16135385632612664,0
5.4951022e-05,0.002191236,1.6089189,0.0022758505076333905,0.04252652162922785,0
0.84597445,0.11549953,2.2821033,0.9858245689079197,0.9993117055889259,1
0.0014877731,0.010826685,2.8517382,0.03285401448628176,0.0828404610175624,0
0.13149002,0.11434535,1.3420874,0.03779900674921329,0.0523241274353146,0
7.5490345e-05,0.0044722133,1.3960648,0.0007066806398051961,0.03670634118721321,0
0.38110963,0.0705765,1.7444444,0.08293164617052252,0.10041223523359112,0
0.26506892,0.06583694,1.4707224,0.15052533286344463,0.1600831364577836,0
0.8644233,0.035779484,1.578754,0.9820289158559646,0.9990286915708506,1
0.6171916,0.03688398,1.1214321,0.5419788602237444,0.8854508994787463,0
0.24849398,0.116508625,1.8667628,0.18393968638825428,0.25136081306551156,0
0.005844866,0.013253046,1.991792,0.012918303167149507,0.05582068403213397,0
0.99812394,0.011839393,0.83001643,0.9997433448651335,0.9981336937473897,1
0.57837784,0.074575394,2.4948242,0.8416827023458079,0.9971049781637686,1
0.08614136,0.040989555,5.0,0.005523199852877441,0.07900235464205028,0
0.5475129,0.065273315,1.127178,0.44685306704562744,0.7471103827399,0
1.6420243e-05,0.0041211676,5.0,0.004053860428755118,0.07709419531795782,0
8.650923e-06,0.00459728,1.0306647,7.438758470791139e-05,0.02550379004304156,0
0.0002090084,0.004298296,5.0,0.007153376833683038,0.07938987842031434,0
0.84514123,0.07752483,1.5307913,0.959793763012901,0.998758766144004,1
0.98451716,0.023352653,3.3049731,0.9901695460453751,0.9994464404102731,1
0.64338857,0.10914471,1.1558561,0.8741906742941755,0.9959725542908291,1
0.0025460457,0.007345169,4.110947,0.006606682295955877,0.0745866156965451,0
0.9998241,0.0010558582,1.0807986,0.9997216737174481,0.998752279863713,1
1.8783963e-05,0.0023518277,2.1140256,0.0033827397720109635,0.052807232953535205,0
0.35830182,0.07475428,1.1217793,0.4527672586006554,0.757262638863087,0
0.8025757,0.05657369,1.6513612,0.789325614597296,0.9933430106007133,0
0.21510112,0.039806683,5.0,0.8190648948401965,0.997233124763585,1
0.20340893,0.070794106,2.0435033,0.003640180919625004,0.052845500669876824,0
0.51339287,0.0700626,2.1770077,0.11347348811176296,0.1528789832768522,0
0.00040359754,0.0032359594,1.0778875,0.0003526794821660644,0.02715114920646109,0
0.99149674,0.021211885,1.1150932,0.9946911356846689,0.9987463981906031,1
0.8622211,0.054893333,4.86986,0.30391900978414116,0.6480459364452917,0
0.28697658,0.08196563,5.0,0.6858713822430178,0.9893792925979188,0
0.999948,0.00019837561,0.8483706,0.9998557068746465,0.9981992680636774,1
0.9465715,0.05038116,1.2948235,0.9858439599988477,0.9988630403898541,1
0.53274065,0.059029378,1.1454979,0.8286356480048308,0.993416775851934,1
0.98645383,0.053696174,1.9696593,0.9937411903410038,0.9992870856822322,1
0.80269253,0.0981198,3.363123,0.9418617310963018,0.99911512629881,1
0.28110203,0.089185655,4.401424,0.3344351801523124,0.7095375296710857,0
0.85477686,0.0380712,1.2578226,0.38580834227591176,0.642896883344885,0
3.1895735e-05,0.0015334825,3.0634944,0.0057654492232175735,0.06602056921135041,0
0.5431889,0.2127879,5.0,0.9306199941898482,0.9991621284216223,1
0.0003316433,0.00207889,1.9096,0.0009594153285836178,0.04808974821734819,0
0.8020487,0.11997997,1.5826113,0.1805006988417532,0.22133778093535722,0
0.00013071508,0.0055399747,1.5276294,0.00046055620234425424,0.03992770053134006,0
0.00025264735,0.004285483,2.0471594,0.0005801794105689075,0.050329960137560276,0
6.0482576e-05,0.0014611114,1.7427604,0.003151828253677623,0.04582625252191536,0
0.57951933,0.07594457,1.1892141,0.9506471807668117,0.9982027671198738,1
6.930379e-06,0.0002143713,1.5965807,0.005561049966127957,0.04360415113574254,0
0.03846638,0.04093646,2.531279,0.06393983123635019,0.10514946503887221,0
0.6710155,0.1066065,1.3515228,0.07976540128459153,0.07918955225184057,0
0.6990328,0.05324017,1.159624,0.7035723533986679,0.9770317192510803,0
1.2943896e-05,0.00060569675,1.2313968,0.000141352558866552,0.031874515742805073,0
0.50348073,0.10573119,1.3304025,0.944475465277902,0.9983302762259035,1
0.99819833,0.0067718094,0.9103019,0.9996865124056584,0.9983972510248533,1
0.41385707,0.06713616,1.069129,0.6381196828263409,0.9513434681779451,0
7.789108e-05,0.026755175,1.9297674,0.0009072167900404985,0.04874817703051964,0
0.84686536,0.07411187,5.0,0.9829181647641213,0.9994925557394104,1
0.5351301,0.0979008,5.0,0.7802957329887357,0.9959714957750759,0
0.8800259,0.024420887,1.4918625,0.9634541309695568,0.9987568289235224,1
0.26233193,0.050815888,4.2932563,0.2550386593625067,0.5149368148391282,0
0.14954126,0.093809016,1.2506917,0.11723992134820474,0.10278720845405367,0
0.24192216,0.11650704,5.0,0.30803511817278517,0.661292119565093,0
0.096907,0.073912255,2.0666168,0.2230931343661315,0.3478443385272853,0
3.1905103e-05,0.0012541821,1.6030132,0.0028817577346872867,0.042633417988431024,0
0.32927558,0.10449329,1.2291324,0.19806642118185241,0.20541228766173314,0
0.06424945,0.09743296,1.6414285,0.04109771241360195,0.06471873245353935,0
0.4644285,0.21252415,1.1171771,0.0025323425805030193,0.03093788952291578,0
0.2797061,0.1130768,1.5788465,0.044593465445188815,0.06520806557956099,0
0.3190328,0.08529531,1.4721856,0.4083617168284288,0.7297407876702027,0
0.42037377,0.059203155,1.1044563,0.5686294940634992,0.909037502728976,1
0.033083707,0.03734566,1.651625,0.016343914487731377,0.050387607540603084,0
0.99978834,0.0015999738,0.88967913,0.9997492224593337,0.9983356106626594,1
0.4353924,0.07651783,1.0408242,0.8397008908235803,0.9933466866086538,0
0.0077435654,0.06414513,1.2255839,0.015044111833719268,0.037379202992849275,0
0.1475902,0.08024366,1.0805247,0.09292416341286543,0.06895548149063663,0
0.99981636,0.0019730893,0.80761266,0.9997894146864551,0.9980365354390108,1
8.865476e-06,0.00041657544,4.784364,0.044779810693146356,0.11115014594248662,0
0.00010054416,0.008841201,1.6236458,0.01483263085897585,0.04855117631308523,0
0.37352505,0.050743885,1.0362397,0.3953281748576952,0.6071378869932531,0
0.3759922,0.05825777,1.0865167,0.3105976823664123,0.40939953008914154,0
0.028834524,0.048351634,2.8303025,0.05022138418464702,0.09802892856537156,0
0.056231946,0.08428508,5.0,0.021337478510647396,0.09260965529314179,0
0.1359185,0.09216298,1.5729462,0.03405049692348029,0.058298981627679665,0
1.02133845e-05,0.06945766,1.1627942,0.0003544976952645009,0.030417228850021027,0
0.691624,0.037810836,1.060838,0.8760635950006499,0.9954944012563678,0
0.35364705,0.14247216,3.2474735,0.5006031530671216,0.9238207154355189,0
0.00026580825,0.011605444,5.0,0.005476479354514265,0.07828902057616498,0
0.8178453,0.10368329,1.1351403,0.319283537754847,0.44983645831278524,0
0.8017269,0.14740305,4.3286276,0.8206773965921592,0.997259136914352,1
0.0154976435,0.023852978,2.6915507,0.003377088344115247,0.061046195534203936,0
2.7039992e-05,0.074811794,1.659303,0.0003070089900186496,0.04365948628606789,0
0.54513377,0.10167437,1.3931072,0.6985190771429267,0.9805468568397548,1
0.41281813,0.099236645,2.3101196,0.8240801599732184,0.9963861608293269,1
0.17506096,0.03813132,5.0,0.045491627313531055,0.1144847400723332,0
0.869246,0.061019685,3.3038425,0.9679155815892775,0.9993107073107715,1
0.54193085,0.06148034,1.0285897,0.5625920393100771,0.8952232074862903,0
0.8148202,0.12146762,1.7053891,0.9792961262376072,0.9990884403663277,1
0.16375466,0.024689592,5.0,0.03340748315813865,0.1021524257693423,0
0.9652964,0.02930659,3.6059272,0.9877270088783412,0.9994536222525858,1
0.00031835778,0.0029882689,2.5694537,0.00011659577710548912,0.057418451480169226,0
4.5463203e-05,0.0007055335,5.0,0.0009676069769862513,0.0748066821649888,0
4.2513628e-05,0.0011066403,1.3066419,0.00043926193431293635,0.03414608716192369,0
5.213782e-06,0.00011100044,1.2653517,0.010494133543426742,0.03640889565468053,0
6.405023e-05,0.021950724,3.882072,0.0027645523011891673,0.07079807924612344,0
0.29748872,0.06668747,1.2457598,0.19121578148231375,0.19493983921347574,0
0.07546264,0.07000662,1.5638294,0.012890099662023266,0.04691052437541832,0
0.83055633,0.03144502,1.8446469,0.9637228787331531,0.998972160414381,1
0.00521476,0.019375157,3.3447137,0.09412015534863741,0.15465059985911403,0
0.42910746,0.05609871,1.0241787,0.3318535210718953,0.44279677714663146,0
0.28875935,0.092763014,5.0,0.5443964218507834,0.9563392870177198,0
6.481944e-06,9.062705e-05,1.3338155,0.0011826311867288298,0.03514973583262127,0
0.2806036,0.11300506,1.2078253,0.011507958592229146,0.03609343518964384,0
0.000654039,0.0074842037,1.2400178,0.008143590274882196,0.034845336341185335,0
7.461277e-05,0.0021108577,1.4861237,0.005929673481105747,0.04103623937101043,0
6.676178e-05,0.0024665908,1.3285453,0.00015575808771192573,0.034671624793753075,0
0.014758231,0.019416757,1.3395334,0.017919182185131385,0.041866306284317596,0
0.5402929,0.16545473,1.3206133,0.23381815663084599,0.29226853702318406,0
0.6268884,0.08340999,1.1611321,0.8779012750077652,0.9961158379586815,1
5.0619998e-05,0.00066824484,1.4979656,0.007172479182464091,0.04183357791599549,0
0.07612376,0.048440132,1.6604335,0.008541711980447616,0.0470676638455848,0
0.08080544,0.07416484,1.5553191,0.04581564941022935,0.06430125835300626,0
0.88180596,0.08186735,2.0526268,0.9302506917861298,0.9986824556566237,1
0.4400384,0.106581956,1.3607112,0.3018580303517428,0.4570898628416205,0
0.38164094,0.14531435,1.8040496,0.2002002849743597,0.2805253534429077,0
0.13232884,0.07722702,5.0,0.3587136399925777,0.7642731138522088,0
0.9961623,0.028851245,0.9879886,0.9999037052643013,0.9985978877633312,1
0.53904945,0.04024448,1.0787871,0.5503890987602961,0.8889378026579126,0
0.0004928053,0.0015477291,2.2274745,0.0009007173402559836,0.05327748587209498,0
0.28896353,0.08200226,1.8095367,0.24191411008368147,0.3703767920172488,0
0.16242434,0.025275651,5.0,0.4738679249532374,0.9123724729506559,0
0.44287422,0.1840404,1.2978998,0.059428522798041686,0.06368753579161149,0
0.0013777746,0.022296721,2.106524,0.022587189739430896,0.06375592328981045,0
0.27864873,0.14039585,2.022601,0.03466287732004367,0.07209622711685693,0
9.853456e-06,0.0017158926,5.0,0.00018038115823723445,0.07426923994023187,0
0.059550248,0.05956947,1.2111412,0.006653818110973143,0.03391859102547063,0
0.12107301,0.053543188,5.0,0.13188480547434678,0.23933463965559265,0
0.2266541,0.100126535,1.2225449,0.05990456584932026,0.058498482160018066,0
0.000100566016,0.0012530115,1.2077527,0.000141352558866552,0.031174350960877888,0
0.65087235,0.10679884,2.2920291,0.7385704412371591,0.991362694902072,0
0.5680716,0.051150747,1.1522843,0.790681860263219,0.9903703028057531,0
0.71612036,0.05453187,1.3411549,0.6797203284800493,0.9753047860985027,1
0.1006096,0.044976015,3.2390049,0.023517887278329565,0.0810430017990189,0
0.0013344105,0.011738495,5.0,0.007915392827134065,0.08011653591165432,0
5.590272e-05,0.0019120495,5.0,0.006772200901862482,0.079056138617132,0
0.0013883797,0.0044290116,3.835456,0.005582823537121097,0.07209062148484892,0
0.00014612889,0.0042963536,1.087257,0.0003056508665035821,0.02745480104022822,0
3.6485385e-06,0.00019318194,5.0,0.013103971682848188,0.08387722250896905,0
0.53219175,0.09074259,1.3243215,0.8386361913895806,0.9950301635218282,0
0.56413436,0.053007755,1.17809,0.246030474439708,0.28427506764106203,0
0.018752221,0.04202872,5.0,0.0023249490924697083,0.07660378516653074,0
0.16520292,0.028770914,5.0,0.7311047974264561,0.9931836440455966,1
0.00037051408,0.0035097601,2.3356757,0.00020933849840606807,0.05448533446657226,0
0.0002853748,0.0029303674,1.296424,0.000917503462658525,0.034035598562497445,0
0.24080296,0.13038488,4.037486,0.012052200741839473,0.08081444081333805,0
0.17471874,0.025647312,5.0,0.02973952179017348,0.09879135331590408,0
0.117860064,0.043514546,5.0,0.005667485172841572,0.07919314617035993,0
0.22946176,0.15023795,1.5830287,0.03836724943468229,0.06212361341106895,0
0.3297577,0.081725724,5.0,0.6735113307568458,0.9879677340131625,0
0.07013874,0.14626046,1.612061,0.0599142065513939,0.07724968691616334,0
1.8342647e-05,0.00061361707,1.1369561,0.00012253306051074222,0.02897765695263726,0
1.7447912e-05,0.0028042432,1.2218844,0.00013047136996077475,0.03160739789858264,0
0.8625245,0.048640806,1.321199,0.2501046878054517,0.3219110965050493,0
0.017582443,0.022687353,1.2776428,0.02004819909001482,0.04068711386523446,0
8.681084e-05,0.03128938,4.454727,0.0017985616893325053,0.07353250425185447,0
0.0052916845,0.032754183,1.1708275,0.002096228517512176,0.03090133119552394,0
0.031491242,0.040808562,5.0,0.03973345242939017,0.10851488649820946,0
0.03297737,0.025899772,1.6355022,0.04421069099690206,0.06522646996565895,0
0.14295894,0.17649701,1.7639555,0.10268824932212908,0.12404881556759817,0
0.28125137,0.06831551,1.655725,0.25447853128997583,0.3821741100272185,0
0.1820157,0.031923763,5.0,0.050788597808739545,0.11993480107598335,0
7.991993e-06,0.00035695327,2.0954418,0.011183020716362922,0.05659749995269133,0
0.01919183,0.034711286,5.0,0.011368479632303093,0.08327079554461492,0
0.04022801,0.03344492,5.0,0.019560054764531046,0.08990597603898198,0
0.0013252256,0.012842209,5.0,0.0006760373199636763,0.07483492211312026,0
0.29564634,0.07307282,1.2875848,0.25479841565288736,0.3259403422464334,0
0.043287665,0.044710808,1.3817666,0.026256190342524327,0.04722712828912844,0
4.5908546e-05,0.0016354929,1.1655949,0.0001315544089576815,0.029885933132921507,0
1.7947455e-05,0.0015808878,1.3334639,0.00043926193431293635,0.03489645046251784,0
0.48706934,0.15697098,1.9108036,0.06621651678634777,0.09398169240457183,0
0.96711385,0.053321425,1.1175516,0.9999354260958567,0.9988254890946966,1
0.9999585,0.00073138636,0.84780914,0.9998759938980892,0.9981978684505325,1
0.07072513,0.056013238,2.1627908,0.09392112677083865,0.12707445355348346,0
0.8852206,0.043194998,0.9683087,0.9319211903210547,0.9971107319734687,1
3.2706354e-05,0.0026531552,5.0,0.004439308055442459,0.07734670646420237,0
0.0004741532,0.0073316004,5.0,0.0022567770090572165,0.07585639087219272,0
0.016028125,0.02640175,1.3500973,0.06337021866037344,0.06574230733349898,0
0.28555477,0.12151498,1.3173203,0.11980950491565824,0.11185852227733838,0
0.0023928303,0.006429894,2.0895362,0.009422247831557172,0.05562872840672408,0
0.031774852,0.05315082,1.3338497,0.009927308320021517,0.038886388224330375,0
0.94795656,0.07314297,1.117572,0.9998954456339868,0.9988311887290625,1
3.1913503e-05,0.002008943,1.4516966,0.012504301875355834,0.04281063914307687,0
0.14860491,0.08277832,1.4086771,0.1411836377848569,0.14260438982628815,0
0.9476261,0.05279597,2.0474052,0.9866591306511777,0.9992540195130566,1
0.84528863,0.13196325,1.6683593,0.8893255250424194,0.9976741252476556,0
6.446987e-05,0.0017959034,1.4337406,0.0005418604253195009,0.03759819049395517,0
0.0010329954,0.008554149,5.0,0.005962754324379739,0.07858878406508216,0
8.651548e-05,0.0024073883,2.2522738,0.005621948618376647,0.0561648146060101,0
0.5293992,0.1285315,5.0,0.2882745177676553,0.6162696955120172,0
0.15175885,0.10626964,2.1541789,0.27815969703441207,0.49361813657103726,0
0.8698656,0.03143373,1.5483968,0.9634541309695568,0.9988024071787321,1
2.4530611e-05,0.00086205604,1.1537876,0.00013047136996077475,0.029511542767727845,0
0.9998915,0.0019338198,1.0427547,0.999809493151009,0.9986910933511004,1
0.7246351,0.16660284,5.0,0.9667776916893652,0.9994155136711417,1
0.05073565,0.054616373,1.3780732,0.27197430872355444,0.3811073091931567,0
1.0770116e-05,0.0006331253,5.0,0.0003540070648639228,0.0743709744893756,0
0.056579825,0.07663188,1.1806526,0.02643054874802092,0.040202591729124854,0
0.00403529,0.05666749,1.235525,0.0063705365038491625,0.034553918022748764,0
0.9423512,0.053140853,0.9614323,0.9970599385903288,0.9985056784897256,1
9.634272e-05,0.012047494,1.4129109,0.0006378247412535485,0.037198202430421594,0
0.040667683,0.062124256,5.0,0.09357431373419292,0.17539389898148386,1
0.27876997,0.113515936,1.2481775,0.1806134171300928,0.18065815688716919,0
0.14074019,0.06606043,1.946026,0.02523312675761894,0.06282580416182987,0
0.27502286,0.08954878,1.2726377,0.047919201887809265,0.05432899541789501,0
0.000808399,0.0015864263,1.85712,0.0008900129452571366,0.04707651652898739,0
0.043220088,0.06868642,2.9545143,0.1131732520922509,0.17561078645140993,0
0.75241375,0.07095041,1.7376187,0.8671662046288002,0.9971300384879026,1
0.0065198336,0.029364247,2.2977347,0.002971303099424908,0.05580487690732664,0
0.7038316,0.042577982,1.3379277,0.871028586241251,0.9964301016243395,1
0.00011061856,0.001417342,5.0,0.009391908809608938,0.08102387886001415,0
3.657499e-05,0.00068383984,1.1658195,0.0006808898438016843,0.030048950179010086,0
0.005724333,0.009036071,1.5430806,0.17134128161591125,0.19510089103672054,0
0.17859705,0.031510465,4.7544823,0.15790957709852885,0.2870322530424552,0
0.4245617,0.15967906,1.513894,0.746372500089967,0.9891054854126125,0
1.1027937e-05,0.00062991976,1.2729286,0.0010275907103969334,0.03337716208952954,0
0.005561862,0.022285972,1.8933204,0.007015691017884972,0.050972579110778245,0
0.001533698,0.015606989,5.0,0.00996914118357766,0.08176334369562561,0
9.106853e-05,0.03207339,1.3403146,0.00015575808771192573,0.03527423870197869,0
0.0330764,0.04345332,1.2962033,0.3411002648762711,0.5384123113556322,0
0.1757668,0.10217343,2.066312,0.7872137737937386,0.9943173532198292,0
0.9996068,0.015431809,1.0491812,0.9994185331104007,0.9987018819376154,1
3.0314635e-05,0.0038942338,2.7446434,0.00020933849840606807,0.05947186985945568,0
3.4052232e-06,0.0009893157,1.2064514,0.00040545725751533004,0.031214690121921313,0
0.6977193,0.15199131,1.696996,0.9166717200516534,0.9982735888405019,1
1.0594469e-05,0.00020413114,1.440174,0.00018288720804367206,0.03761285701537441,0
0.17437063,0.024561582,5.0,0.010982220377385655,0.08291643254458182,0
4.3460072e-06,0.008774434,1.0407206,4.58960078320032e-05,0.025866707107019268,0
0.13359118,0.11765909,5.0,0.015832727564103456,0.08880905067358083,0
0.06473652,0.03832819,2.8588567,0.006629693443634321,0.06516414711608341,0
0.092805274,0.122184336,2.0067208,0.022042245074393726,0.06311198627049978,0
0.90933794,0.075082086,1.4524575,0.9691131562847428,0.9988127684825222,1
0.39260793,0.09122803,4.477543,0.2689707365695812,0.557150855526617,0
0.01141454,0.061159264,1.5822053,0.0001244647059657817,0.041690044537534506,0
0.6507994,0.08368277,1.126482,0.9351113020935067,0.9977519862500168,1
0.5452636,0.043669127,1.0850725,0.8425566054034497,0.993846592962547,1
0.03777062,0.042949993,1.6452625,0.032610971702842995,0.05889544604492511,0
0.00074520684,0.018675696,5.0,0.001256069599766137,0.07536030581909522,0
0.10487024,0.09267626,1.4238789,0.03873897500512361,0.05566726712066403,0
0.83802295,0.13896395,1.3045293,0.30733553709577643,0.4632112977031462,0
0.37185603,0.078671195,1.28967,0.6329607773074429,0.9591204719445535,0
0.0140125565,0.041553475,1.7568973,0.05391387785137081,0.0760392610138071,0
0.18017814,0.030123962,5.0,0.0795944839390805,0.15469948409506637,0
0.0035169455,0.013873238,2.6290379,0.04131706856718513,0.08628209180728251,0
0.29731852,0.10520678,1.5345521,0.06535836943066375,0.07738955891379018,0
7.9306206e-05,0.00417816,1.1402096,0.0001622236295596046,0.02912008044924501,0
0.00019320121,0.0029246316,1.249833,0.0006611413680529689,0.032604420932470964,0
7.528672e-06,0.0015022226,1.5383837,0.006470456289569467,0.042582865559036315,0
0.00022974666,0.0018586861,1.694943,0.007894501875885028,0.04694111521227446,0
4.5343104e-06,0.016137743,5.0,0.005296817148477517,0.07824692039682332,0
4.678826e-05,0.0035469143,1.1491268,0.0002629187508720325,0.029425594806961518,0
6.2991654e-05,0.0016954513,1.3527735,0.0011763017300522654,0.03568470107861882,0
0.13420486,0.07185153,2.277756,0.07894068294435858,0.11491756930282027,0
9.710912e-06,0.00043102354,1.6167777,0.0025133381690355607,0.0427852982317031,0
0.49641445,0.08151716,1.0157769,0.5451906101159734,0.8758750953723825,0
0.37715808,0.09187176,1.521556,0.4845957238029577,0.8593213771188309,0
0.9999933,7.8589896e-05,1.0119894,0.9997266399341381,0.9986326314301651,1
0.5527617,0.16631381,1.5480617,0.023030690350789883,0.052971910205711736,0
0.4171981,0.116096236,2.5539775,0.9620956500749941,0.9991750666999716,1
2.7330376e-05,0.00054591877,3.2312887,0.0031774653290172882,0.06588715288040108,0
0.91157335,0.06737459,1.1301644,0.9974742104627164,0.9988165778146725,1
0.035260156,0.05472576,1.6271337,0.03787623959048792,0.06157752134996166,0
0.9972656,0.017834408,1.0894411,0.9997906457300962,0.9987720807890471,1
0.0034321374,0.011635683,2.5671108,0.0016382948205668798,0.058375018224636754,0
0.94260675,0.05192838,1.3262856,0.9961044307044072,0.9990037162714949,1
0.0011584074,0.0074689994,1.8458883,0.008927189902704693,0.05076398213980588,0
0.5981023,0.043916486,1.250394,0.3801480591503875,0.6274161776076966,0
0.4517322,0.17242278,1.5461721,0.08161019472116736,0.09247788567194752,0
0.20440704,0.16159713,1.0465782,0.4265551046098373,0.6895235724921785,0
0.21331331,0.11299266,1.1493039,0.485211511120362,0.8190756794869293,0
0.54918903,0.103486,1.814528,0.3780634346262969,0.7062431028376697,0
0.0008674469,0.035902668,1.2720712,0.0003350961287383123,0.033440602268519644,0
0.9959331,0.022040162,1.0774683,0.9993393009425623,0.9987494248936969,1
0.31217545,0.055647768,5.0,0.6220295405053318,0.9796212935995395,0
0.4843251,0.10571716,1.2309196,0.5012406930735674,0.8532148960288304,0
0.33154246,0.14136465,1.6063981,0.17970252358725103,0.22218319038315448,0
0.8396086,0.047584523,1.0950226,0.9500499494107179,0.9979829453980211,1
0.7666096,0.22301613,1.2346588,0.9461096967309235,0.998276578251845,1
0.99721116,0.0043977997,1.0048176,0.9998212829763887,0.9986214990515715,1
0.80940425,0.19904166,2.4000685,0.00818232414566216,0.06358076651576268,0
0.6489633,0.18291575,1.6877345,0.01116419950905487,0.0510976922072956,0
0.5228911,0.06329238,1.0075902,0.7894716221081493,0.9883689113748999,0
0.004315624,0.016095333,1.2674342,0.044000900815342116,0.05088860986010297,0
0.38011047,0.20729719,1.6307353,0.03211270178835427,0.06100869017440802,0
0.15996498,0.024461962,5.0,0.028882841033415874,0.09796491065672641,0
0.6928399,0.050519288,1.4531236,0.4626495075459267,0.8223663520095801,0
1.5114972e-05,0.00063548604,1.4786718,0.0046766989583541954,0.04032637257556152,0
1.117321e-05,0.0003634226,1.1737399,0.0001315544089576815,0.030127555520981168,0
0.017521422,0.021961905,5.0,0.0034924853519121414,0.0770553105550036,0
0.06729855,0.2192342,1.7614051,0.0003741935579348603,0.04769475397862751,0
0.19185156,0.07129091,5.0,0.18826844316480784,0.36071232613361587,1
0.009945195,0.024995182,5.0,0.047926068462523785,0.116428237976033,0
5.3346234e-06,0.00015539744,1.1328938,0.00038363600270261236,0.02892042078186144,0
0.00052826636,0.009690344,1.9273343,0.005849550400800579,0.05087681385324538,0
0.06027765,0.0471288,1.4178668,0.03345171464161482,0.05200898358896927,0
0.26327997,0.08079005,2.529166,0.4359214475704077,0.8437794182348105,0
0.008192705,0.038947713,1.1692994,0.039679236965893296,0.044785093358576514,0
0.46826774,0.06533633,1.6355108,0.3508379258337645,0.6221301818302523,0
0.40304694,0.09905554,1.1941967,0.8437181466887395,0.9946876791585084,1
0.0075487876,0.056469608,2.9154572,0.11848591092766875,0.18207017194496908,0
0.003711352,0.008232692,2.332151,0.004785785568215466,0.05697651915429042,0
0.63992655,0.1707254,0.9716024,0.7253654775793691,0.9773155912820465,0
0.28607282,0.08757924,5.0,0.29804511856133514,0.6362615956456612,0
5.8616456e-06,0.002619414,1.2409458,0.0011969903880194785,0.03251230172358725,0
2.501442e-05,0.039563015,1.0464562,7.619902754248466e-05,0.026286834822816862,0
0.0019368974,0.005694636,5.0,0.01790891268131686,0.08786638254971728,0
0.028662054,0.029414989,1.4449432,0.4209248868742887,0.7472401191661612,0
6.491161e-06,0.00095679314,1.458393,0.0215474012066486,0.04696790627095145,0
0.0021705155,0.009096869,3.7767067,0.007037011273786606,0.07278432759863417,0
0.04632197,0.040399678,1.169802,0.02960783590368477,0.04062624127018438,0
0.42962968,0.111329615,1.36962,0.7433179056272666,0.9874158826402287,1
0.9999988,6.311268e-05,0.77495754,0.9994354480747024,0.9978733065691596,1
7.292136e-06,0.00035239477,1.8141307,0.0050679069564723645,0.048161793655503646,0
0.2114809,0.08868782,1.219121,0.184670420966981,0.1815471923994477,0
0.003142921,0.004739128,5.0,0.02813623380243233,0.09662057075678475,0
0.2835534,0.109819554,2.1667235,0.3179575965858623,0.5961037962025111,0
0.17633818,0.026717661,5.0,0.17633378076136655,0.3302012374402089,0
1.934744e-05,0.002937315,1.1182587,0.001195161504064183,0.028704940000273155,0
0.9300183,0.04223242,1.1017292,0.9486021398982477,0.9979687878406274,1
0.30540827,0.08235752,1.3079731,0.43768122653976366,0.7629534801240518,0
0.0038803197,0.0149799455,5.0,0.022407591235232917,0.09185202189697463,0
0.3351586,0.0821175,4.3981247,0.27757309265526886,0.5765486155895204,0
0.0052316226,0.020250402,2.9843628,0.0724737249980122,0.12209029266964236,0
0.20875283,0.1354141,1.9788747,0.26161284500714893,0.4387868908539031,0
0.54298896,0.1791501,4.103736,0.02434184507430636,0.0926445710458585,0
0.0006967454,0.0075217364,3.0337725,0.040285882597404614,0.0912473205008781,0
0.0036162417,0.01866165,1.2709969,0.001787329318368394,0.03373797602912719,0
0.9867279,0.020171687,1.1914124,0.9633771715192583,0.9984102166046098,1
9.308821e-05,0.0150882825,5.0,0.03375174339220718,0.10202437993007923,0
0.12029686,0.079827495,1.2942429,0.08812850447409194,0.08089053259203083,0
0.4518137,0.037141666,1.074721,0.8032309157703762,0.9906717237494773,1
0.007121146,0.02320904,5.0,0.013329738283639201,0.08455767019562754,0
0.0011573419,0.022546696,5.0,0.004330903206150419,0.07766445853820259,0
7.1675895e-05,0.0013756522,2.83587,0.00020933849840606807,0.06039248956348231,0
0.04869026,0.11847603,2.94638,0.03156615088908353,0.08544511005308052,0
0.82844234,0.07164536,1.6380105,0.9477052147974799,0.9986773048275964,1
1.0200827e-05,0.0011170632,1.2648499,0.0003412571546673459,0.0329221341328039,0
0.00021867947,0.0026170067,1.5389607,0.0008042423098216407,0.04030194211010664,0
0.00025109865,0.010441226,1.7675018,0.04352056842219249,0.06863310340452418,0
0.00071496627,0.0068338825,3.485297,0.007240677079198064,0.07073610857937639,0
0.10115589,0.07787228,1.285167,0.026713087973736067,0.04441339027817607,0
0.011153639,0.032013472,2.8280554,0.04292058835029231,0.09117419346226,0
0.00014231008,0.000773801,1.2569491,0.0003350961287383123,0.03268789544461409,0
0.49922106,0.11028035,1.5556225,0.3134639423841465,0.520654957477338,0
0.6427072,0.08426293,1.566716,0.44635131597747174,0.8094745603010104,0
0.9972656,0.034988187,1.0894411,0.9997906457300962,0.9987779257172441,1
0.1713388,0.03111598,5.0,0.0020478496458195684,0.07633683184973905,0
0.058810793,0.039869454,3.2659788,0.013053080106683441,0.07351881900021104,0
0.104965165,0.12365465,1.1912888,0.03215963474538133,0.04355121810359856,0
0.8432889,0.051225062,0.9649991,0.8280581751864187,0.99163575195475,0
0.20046976,0.046565965,5.0,0.5547977505560981,0.9600453327134801,0
0.5812089,0.039643273,1.0715023,0.4827646274273942,0.7986352930467145,0
2.7125558e-05,0.0006591108,1.2121465,0.000141352558866552,0.03130137455498749,0
9.135068e-05,0.0020626348,4.305168,0.02167499858578089,0.08711962152022865,0
0.20696305,0.044066653,5.0,0.11241113804851192,0.20465269994409185,0
0.3951769,0.10603675,1.3448423,0.1704174438669283,0.17752711762846446,0
0.16403599,0.03341495,5.0,0.04402109674377607,0.11281824909067713,0
0.111389175,0.098254696,1.480756,0.006902339249559381,0.04242513291779699,0
0.16665581,0.02613119,5.0,0.0939342090304638,0.17472968401213662,0
0.0005101818,0.0012162912,1.6941301,0.0008213011133098567,0.043776450031178325,0
0.0001947747,0.008998445,1.8060746,0.01062776480846824,0.050787400291627725,0
0.9999496,0.0005188158,0.86765444,0.9995809732001788,0.9982617255835534,1
0.19201697,0.04899504,5.0,0.08560307998208179,0.1636689056432606,0
0.46004218,0.102199174,1.5535996,0.5663208198213541,0.9353162476751175,0
0.04172003,0.025311673,3.2985969,0.0013896166007051503,0.0657838718230485,0
0.043032225,0.06626326,1.2049874,0.03566991394955666,0.044948108966771184,0
0.9451941,0.052766893,1.2503762,0.9689151295237565,0.9985937285174107,1
0.9746825,0.037063517,1.6937406,0.9877463877804579,0.9991410313905784,1
0.711203,0.068095036,1.1511122,0.20325224816134782,0.20025738426234635,0
0.47284245,0.105356656,0.9993212,0.2726256863142082,0.2977332227634618,0
1.199335e-05,0.013934997,5.0,0.006234729823841379,0.07889877791275386,0
0.4143553,0.0759999,1.3075904,0.4488994166810981,0.7830232459451805,0
2.1160293e-05,0.0005660273,1.7149352,0.002209185310293121,0.044811638675656816,0
8.578715e-06,0.0004750053,5.0,0.015317948488861864,0.08564435219231376,0
0.014510062,0.02781538,1.6479123,0.089000834914599,0.10009218075573463,0
0.0010022784,0.0025798595,1.361473,0.08055864513766384,0.07758595700637279,0
0.4574472,0.12536508,1.1681597,0.40433937348729077,0.6699783116303953,0
0.0016794675,0.009783748,1.3002001,0.06361614906222354,0.06311258934541318,0
4.935831e-06,0.0006058782,1.1155509,0.00013583637931184874,0.028298810294711197,0
1.7512475e-05,0.005719482,1.2177687,0.00045209748901412893,0.03161009460597271,0
0.0025671145,0.012721577,1.1086735,0.021825161556729002,0.03494165625221632,0
0.16230756,0.019627016,5.0,0.04938743275383601,0.11804129594199242,0
2.9865334e-05,0.0020648104,5.0,0.007983840932789516,0.07996851442765873,0
0.55457824,0.03887001,1.0900342,0.8573505513232534,0.9947337704797884,1
0.8314896,0.11812395,2.877573,0.9596094490533316,0.9992111757088781,0
0.19912378,0.061666295,4.9675117,0.03229173296580571,0.1019180806511941,0
0.026142916,0.03170216,1.7621076,0.01845312386748403,0.054107670791178314,0
2.7403428e-05,0.000270612,1.8210065,0.009253497605929676,0.05031115880509508,0
0.035368133,0.035144664,5.0,0.4168214504194823,0.8530863847748724,0
0.69713974,0.06067373,1.1985646,0.5071362668966226,0.8555723312225875,0
0.6614101,0.051859446,1.183441,0.38829569356088706,0.6322749421583785,0
0.00018504252,0.008007353,5.0,0.011004485141507515,0.08240234863866391,0
0.81442684,0.058806702,2.0276997,0.9655234958873291,0.9990671060470315,1
0.23088104,0.20540425,1.670193,0.052498605785927036,0.07541933049484364,0
0.04985561,0.054082185,4.015387,0.01872792996545128,0.08403522332364328,0
0.0126904175,0.0236782,1.677689,0.011307392384179714,0.04841302641113768,0
0.023739768,0.03125456,5.0,0.035360389604212554,0.10399447318713013,0
0.99578804,0.050012525,0.84616685,0.9996160899325637,0.9982116197124626,1
0.099672705,0.15383267,2.7741675,0.042238781803379304,0.09269073460512181,0
0.17347172,0.02584381,5.0,0.010224852764459277,0.08235386719424923,0
9.815256e-05,0.019620458,1.1211644,0.0009287319879127624,0.028852664369608552,0
3.1362648e-05,0.00091960526,3.1733193,0.007075581052541487,0.06787497824469238,0
2.8903078e-06,0.07610434,1.1011348,8.60364763642839e-05,0.028393872946292642,0
0.0011029247,0.0035448256,5.0,0.00878018122903493,0.0806029715342627,0
0.012992509,0.017107861,1.6159667,0.16517157507702557,0.19222529206490999,0
0.416991,0.10602405,1.0575883,0.09524227960549032,0.0693077713253089,0
0.117153555,0.112523556,1.6115199,0.0003250545583561027,0.04309177019216962,0
0.23688844,0.08864052,1.0113417,0.1139448630716801,0.07757300276204526,0
8.958925e-05,0.0024928304,4.8896303,0.04425231885885758,0.11131950923451014,0
0.64910007,0.09576385,2.217115,0.4050052949463337,0.7855295150528475,0
0.00018337007,0.02283128,1.1430131,0.0031538786281726,0.03024315787143532,0
0.0053647435,0.018830251,3.108209,0.010524242392108094,0.06985137182398996,0
0.024727779,0.026048377,1.7914567,0.40928948552511485,0.7610207829747653,0
1.00426505e-05,0.00020353873,1.3541937,0.000141352558866552,0.03534555281525478,0
0.14494726,0.029894188,5.0,0.007215484370290513,0.08010596361234186,0
0.18311343,0.025838895,5.0,0.8332802674872826,0.9975971538708738,1
0.05102905,0.036848247,2.3484063,0.028424922349022705,0.07235077021008626,0
0.045263473,0.076974005,1.3231565,0.30103079055970117,0.4440961678914833,0
0.047418077,0.06613076,4.0041914,0.06870527268245116,0.13308181989488024,0
0.24532638,0.07653721,5.0,0.16166943751942017,0.3009423645501722,0
0.7377982,0.051441345,1.4384416,0.9463611114323904,0.9984730452018681,1
0.9053445,0.106318906,1.6479651,0.9856343315527154,0.9991173954931295,1
0.5771806,0.08098793,1.256004,0.44021673723701976,0.7599313736118332,0
0.92756546,0.09424031,2.4641206,0.9787726165746176,0.9992907278365405,1
1.876601e-06,0.0011884074,2.3968449,0.003469006605092481,0.05704710712941287,0
0.1805902,0.022409078,5.0,0.10702937867832259,0.19481182623744062,0
0.23841216,0.12364108,1.3055836,0.773133793985318,0.9902153336762459,0
0.9997435,0.0017741722,1.078353,0.9998423183211567,0.9987502657841517,1
0.6215663,0.03459046,1.0701786,0.8732867729308958,0.9954112464593363,1
1.5386531e-05,0.001074866,1.2594371,0.0005828559013314974,0.03284343034083532,0
0.45516208,0.0676991,1.0083135,0.31243465511266616,0.38991201842235823,1
0.36013368,0.062458847,1.0365149,0.3941682989061416,0.605122385222789,0
0.9729522,0.03649716,1.5029145,0.5939582615306035,0.9484345612091464,0
3.1771084e-05,0.0018916965,5.0,0.004369186040767255,0.0772802865159304,0
0.40040132,0.06997871,1.222383,0.4810230085676483,0.8225001349499886,0
0.36749497,0.1045875,1.2210134,0.7905725049021316,0.9911219254471926,0
3.0613824e-06,0.0011060543,1.7220212,0.007645521802194184,0.04742319833468559,0
0.30344522,0.085006006,1.8487378,0.23601129619252967,0.36053273519696966,0
0.03711972,0.041457657,2.2846012,0.21487882434933764,0.34175407478458397,0
0.18884349,0.07610746,1.930245,0.2949825121726644,0.5151887384570752,0
8.478039e-05,0.001453198,1.2083579,0.0023701338805268302,0.03189234651341646,0
0.16332185,0.027215661,5.0,0.01726405950454131,0.08799493545283875,0
0.88623756,0.044984996,1.5257975,0.9639870237930654,0.9987970785903617,1
0.81328744,0.052001648,1.5596632,0.9813983876942509,0.9990150856587674,1
0.3753613,0.06319686,1.3664893,0.8768955861255149,0.9967170853769152,1
0.9887072,0.010681996,2.644566,0.9929181727714196,0.999397269858986,1
0.3204175,0.2311806,1.1111565,0.02011958723074221,0.03669069015686772,0
0.0017247456,0.0058228634,5.0,0.013664229636121211,0.08444267623720911,0
0.7841314,0.056418877,1.6645789,0.9088563000216927,0.9980495310381231,0
0.47239408,0.10024644,1.4668931,0.37992888689941523,0.6691798816751335,0
5.891028e-05,0.0076034525,1.0630498,0.00014988615242677577,0.02663572952406743,0
0.08956848,0.04984157,5.0,0.05548894162316128,0.12552327908153646,0
0.0048615932,0.024102291,5.0,0.018872506513741144,0.08907984708614049,0
0.46598879,0.09479679,3.0900362,0.21439050461335518,0.38370580534430876,0
2.4997442e-05,0.005028661,1.0884339,0.0001267457812835928,0.027449828117524392,0
0.86808866,0.042804554,1.2916989,0.9788825252928619,0.9987717954307136,1
0.637202,0.12343976,1.4354322,0.05025473330408129,0.0636319303793158,0
0.061508313,0.06871646,1.4519813,0.16110153484398723,0.17308414644415832,0
0.062806085,0.021305962,5.0,0.03461888577539672,0.10308152049457146,0
0.19251549,0.057847388,1.2933254,0.2113949518729948,0.23643997969598052,0
0.172317,0.15619947,1.596142,0.04497073229135746,0.06670991792235681,0
0.09514544,0.17907117,1.79316,0.00036011739988200893,0.04786180837407356,0
9.8323435e-06,0.00030039952,5.0,0.0005145557077797057,0.07447799080157542,0
0.7625641,0.09234963,1.2933327,0.22618767390502262,0.2683214870091555,0
4.0962765e-05,0.004653727,1.6293197,0.00011389242747618372,0.042114454447081534,0
0.587859,0.063185416,1.028918,0.5487528087871384,0.8813101429642096,0
0.15590303,0.02150913,5.0,0.029567500140435337,0.09850900869260576,0
0.9084591,0.2294779,1.1725192,0.12481621287776866,0.10733809394286287,1
0.020026352,0.023090148,1.2297194,0.10112682751798074,0.08524280631451765,0
6.958545e-05,0.01780571,1.2888563,0.0008267247758702088,0.033924769446149444,0
0.00014864134,0.059762847,1.0824631,0.00024930119814352107,0.027694706816134854,0
0.0017026097,0.006112882,3.9482534,0.012797209411518658,0.0780074617388778,0
0.3957616,0.15088317,1.1995856,0.1048184406212668,0.08913507424719873,0
0.55949956,0.061071306,1.8001182,0.3873041794464063,0.7218936133249952,0
0.94056946,0.04581713,5.0,0.9443541877546826,0.99924164718841,1
0.10433206,0.16863906,1.1542082,0.050004602131097906,0.050545951763987726,0
0.44782156,0.07900734,1.1189175,0.5355841712139169,0.8793203959992892,0
0.010303568,0.03667124,5.0,0.005951054487131358,0.0791582406763044,0
0.484855,0.055050027,1.3907993,0.11137297650958362,0.10756527435445985,0
1.270143e-06,0.0025145519,5.0,0.0035032860394668026,0.07666178556551391,0
0.00049205805,0.0021416896,5.0,0.0012167818308250413,0.07501187795207166,0
0.6494081,0.16083376,1.2908492,0.12406288882829315,0.11558106073557692,0
8.308786e-05,0.00068231585,2.4732432,0.0007526236649462915,0.056551332741602255,0
2.9928062e-05,0.000315851,1.4111227,0.0007618618426395385,0.03708018067965384,0
0.00558709,0.018634392,5.0,0.0009304807213080879,0.07513183788331396,0
0.0021639173,0.0065344903,5.0,0.002445459392893749,0.07597817504398954,0
0.5499896,0.21070902,2.0324302,0.02160189491066456,0.06524982800386094,0
0.21174072,0.07574128,1.0130302,0.09352292719348752,0.0637608753794878,0
3.196952e-05,0.00037911604,2.1678138,0.00020933849840606807,0.052011501367822205,0
0.21212456,0.08967855,1.520745,0.11600556672723797,0.12205260665083109,0
0.000174867,0.006803418,1.9949092,9.104842548173794e-05,0.04924578424550739,0
2.8390163e-05,0.0007269085,3.2211607,0.00020933849840606807,0.06395688331190055,0
0.009986574,0.021901224,1.807375,0.018721345950474644,0.05516465951796967,0
0.053220514,0.054201867,1.2918212,0.007798437292348446,0.036821618370194084,0
0.15573968,0.035280332,5.0,0.8397260147490454,0.9977555344487005,1
0.25086716,0.06494106,1.241472,0.40503427401578596,0.6833136591895329,0
0.72864604,0.047199145,1.0856518,0.7839937336957282,0.9888853469097848,0
0.6686463,0.14593445,1.4438802,0.16581967709517548,0.1837262741329596,0
1.3533809e-05,0.008619657,1.1481653,0.00033924569705806075,0.029458040106305542,0
8.6049135e-05,0.0018104055,5.0,0.025221580487040474,0.09397018722650131,0
0.52787423,0.1200522,1.6356937,0.42721304913283437,0.7854786469498494,0
1.5055616e-05,0.01548631,1.1676476,0.00406163199211331,0.0312593571125027,0
0.00698018,0.020053163,5.0,0.02935898113534551,0.09810182863345843,0
0.9989453,0.014650301,1.3397121,0.9977094756765763,0.999021313364526,1
3.8678805e-05,0.0010518809,1.8260972,0.009303862271745842,0.050452777337733436,0
0.21439098,0.12341832,5.0,0.2609759720065602,0.5468803408518831,0
0.0286571,0.055662554,1.2538301,0.012424029058505993,0.03729962402705936,0
0.014105395,0.021079166,2.0948155,0.007598907136730339,0.05496522789364874,0
0.0051423814,0.022039203,1.6943024,0.03513302587197163,0.06144932483706604,0
0.17519104,0.03227305,4.523269,0.1549393248278522,0.27772709047227223,0
0.1371955,0.1124237,4.727351,0.07595415773440997,0.15059043386422175,0
0.010227342,0.017716603,5.0,0.008879544653754283,0.08098106826383893,0
4.958542e-05,0.0009268564,3.1200757,0.0032244240961511518,0.06494256398534576,0
0.08469157,0.06890008,1.2050881,0.02161485861289146,0.039204709234315106,0
0.22654897,0.11991942,1.2314525,0.31559914572047415,0.4644226999742514,0
0.047327146,0.04167855,5.0,0.025751865197859332,0.0954440557282358,0
0.009290765,0.017143354,3.6911397,0.0020626696596808213,0.06899204648610903,0
0.00021548787,0.014949695,1.4990361,0.0005707785726744956,0.03937922965007751,0
0.8683673,0.094915986,2.289531,0.634383668787875,0.9752455484439174,0
0.66841894,0.047232416,1.1452935,0.8634220159265533,0.9953751224548304,0
0.00032076184,0.0027180924,1.1719966,0.010437370299777043,0.033335316332881414,0
0.2186487,0.10599102,3.3460715,0.037176689595210706,0.09489967882770951,0
0.012576094,0.027856778,2.0957081,0.05945155259903914,0.0902424541528982,0
0.2927124,0.06716963,1.3235688,0.1988127547593683,0.21897535971970952,0
0.17379618,0.022493621,5.0,0.5429751694730054,0.9548230393284178,0
0.31201598,0.1495874,5.0,0.2866548770201374,0.6130163102335869,0
0.16113994,0.026243042,5.0,0.08222216553235938,0.15807687409737417,0
0.00031913116,0.005498165,1.1908486,0.0002877047956460945,0.03074227005200975,0
0.16095397,0.19610888,1.6133295,0.02188977485005068,0.05445614764559599,0
3.713773e-05,0.00053990504,3.422647,0.00031215628570583845,0.0656276552772229,0
1.5427144e-05,0.0007776986,2.7795138,0.010382942064014062,0.06593704797983875,0
0.0022307138,0.011132535,1.3477991,0.007292602505020129,0.037859065466000895,0
0.5830598,0.06025361,1.7182783,0.43590590003667407,0.8043719734845745,0
0.864606,0.07809717,1.1416581,0.5362716492951044,0.8833379807858966,0
5.0560952e-06,0.04735735,1.3499547,0.0067325868984005315,0.03807962590970582,0
9.2216535e-05,0.0024600157,5.0,0.021584940566239958,0.09085807037086731,0
0.9271027,0.042287342,0.897075,0.9999605110966472,0.9983782104884418,1
2.4760373e-05,0.0008549216,1.1635634,0.00014514052319709674,0.029820585622344322,0
0.6822075,0.14249656,2.6294584,0.010894479646431943,0.06744651943981023,0
0.96250826,0.023617309,2.1851294,0.9885063663073805,0.9992944620540382,1
0.00018714693,0.0022512714,2.644226,0.003596055615833626,0.06026847403747256,0
0.08332058,0.026333062,5.0,0.07922875573409949,0.15389838926678817,0
0.009919686,0.022046449,5.0,0.015377544401031252,0.08617481891690305,0
0.00051237945,0.010654269,1.5640066,0.0006531651420680632,0.04091840562607958,0
0.8907567,0.15131953,1.7545509,0.9860169860829023,0.9991768946702784,1
0.39528954,0.12762706,1.5046006,0.3434481729226118,0.5894812153804594,0
0.00083889335,0.017015716,2.7829,0.0007991427944619267,0.060429666110525575,0
0.04358163,0.04026837,1.5790735,0.17121259702787486,0.19975554507144086,0
6.478866e-06,0.00038947046,2.747569,0.014683029298546897,0.068310140547023,0
0.5087676,0.13268387,1.1654787,0.0960650426118076,0.07922095064025411,0
0.9785765,0.03197317,1.0716916,0.999906811842882,0.9987507640612541,1
0.84688073,0.065670095,1.0386176,0.8355032291696561,0.9930538591621955,0
0.0063215797,0.007028309,5.0,0.05810692470277268,0.12704311053002396,0
0.0006087973,0.0032525328,3.5924187,0.004611272529786835,0.06972269229416486,0
0.58985704,0.16521724,1.1013869,0.245651374258124,0.2725767746330807,0
0.919533,0.097412966,2.4602587,0.7611446212694291,0.9934317609653442,0
0.13191184,0.111144066,5.0,0.01846675599603378,0.0908671291749177,0
0.18115206,0.026028369,5.0,0.8298518630556275,0.9975114604110175,0
0.0011238309,0.012045538,1.8094962,0.09512319867477069,0.11312493172619605,0
0.52397364,0.0723691,1.7007376,0.6537822551310971,0.974461944674744,1
3.43514e-05,0.010361898,1.4054252,0.014512603347206929,0.042400440130401264,0
0.17115001,0.06279182,1.29821,0.026798430654633887,0.04479715886365673,0
0.2606006,0.10265482,5.0,0.0816317646280121,0.1602981189719347,0
0.5636076,0.096266985,1.2653433,0.6311188673287451,0.9578059556127372,0
1.7103788e-05,0.00014578555,1.1657608,0.0003923086517305996,0.0299566352097998,0
0.021717083,0.062358834,1.805487,0.020309973117863596,0.056582386296408535,0
0.0010732894,0.004103316,2.0642352,0.0164801306500715,0.05904223741626057,0
0.008864029,0.030834071,1.2527554,0.11441247456491097,0.09857283702290215,0
0.1413215,0.08503139,1.850008,0.029666690434578525,0.06353448669018728,0
0.98038745,0.022453243,2.178335,0.9930607793506443,0.9993251804815041,1
0.20638275,0.13347821,1.8525772,0.015807296583264394,0.05640379303606251,0
0.2741323,0.16689365,2.2784464,0.023720278392292137,0.07049634058254599,0
0.15541317,0.028770406,5.0,0.009654106454818163,0.0819552914240552,0
0.1956465,0.17652312,1.3470968,0.0958875430445587,0.09290199274800817,0
0.23623823,0.080010176,1.7903391,0.23464584372348093,0.35091406766939137,0
0.49837008,0.07700055,1.7658768,0.7907560328257834,0.9938103928620392,0
0.00031308827,0.0024868893,5.0,0.0014326737601226445,0.07517213145986493,0
0.2948767,0.06505863,4.774213,0.44221375518776807,0.8826254977925401,0
0.8047611,0.059333976,1.2387842,0.5683191235183572,0.9203297261128309,0
0.07880608,0.04297652,3.3431373,0.001227669904060167,0.06637892612329253,0
0.4117838,0.12690611,1.1768724,0.10665797294314822,0.08824703033272256,0
1.3355003e-05,0.0043181316,1.2311323,0.0007283333469010188,0.032084990482599655,0
0.0017554475,0.015752144,5.0,0.002044608073825677,0.07586951537355295,0
0.0009971965,0.0050996956,4.3589087,0.017114379611639766,0.0838566707312269,0
0.15105414,0.031473488,5.0,0.0486580119134142,0.11759073896137866,0
0.5817207,0.07399373,1.0920962,0.9088131826705158,0.9969254456768665,1
0.020401902,0.026319407,3.3739538,0.0012725610011528911,0.06631634713531222,0
0.008686582,0.010802255,1.7230061,0.09549703028754243,0.10949059239048486,0
0.6235236,0.07365172,1.2430158,0.7002869728779458,0.9782357164999442,0
0.14928257,0.08472897,2.124164,0.40295389586763225,0.7753030187171205,0
0.16691926,0.038990807,5.0,0.011926011519066486,0.08395595725071248,0
0.0044139107,0.022331174,1.2005624,0.007155667022459146,0.033380050516532846,0
8.9113724e-05,0.007450171,1.3002986,0.000141352558866552,0.033925289754417214,0
0.5647839,0.25060576,1.5598294,0.5880139173014012,0.9498039369705192,0
0.22047314,0.114975736,1.5804619,0.41332215984264653,0.7537552366810565,0
0.0263628,0.040536907,1.4463906,0.032809618327013186,0.05257076061829499,0
0.002568751,0.006276467,2.8678832,0.09107663665347353,0.14115250648430577,0
0.003161627,0.0049493145,5.0,0.051208581448750005,0.11933784012928551,0
0.30695128,0.09802863,1.9689844,0.39852046379559114,0.7585909894344977,0
0.023969531,0.01528977,2.0860105,0.09744684568580501,0.12701038849614282,0
0.0004205227,0.007278492,5.0,0.005979567367125183,0.0785749326773375,0
0.042999074,0.13786612,1.1946721,0.004641137844554384,0.03341080232248937,0
0.0020019875,0.009554759,5.0,0.00924514715275282,0.08108252862807379,0
0.00026867026,0.0026727288,5.0,0.007071242374585945,0.0792953498796158,0
2.6410882e-05,0.00039083522,1.2815984,0.00046851206154064576,0.033439422765013556,0
0.847211,0.15666272,3.6901457,0.9459806819800995,0.9991972344869976,1
7.159003e-05,0.0009944988,5.0,0.0037077336772413766,0.07678036199369115,0
0.5462104,0.04166795,1.1264297,0.7594171295990515,0.9863563626585669,0
0.8340653,0.07084698,0.9502207,0.7858373188782977,0.9869312221832447,1
0.016403448,0.114859544,1.1230743,0.009990779379609963,0.032470841205364205,0
0.030482566,0.036625646,1.3412979,0.05580762796322346,0.06090662515541429,0
0.17114303,0.034443956,5.0,0.05546863200638855,0.1251534477709972,0
0.5786481,0.11646655,1.5754473,0.3352821767508156,0.5795586215303037,0
0.77553076,0.09817677,1.1692084,0.9299818015485514,0.9977527132208043,1
0.92438406,0.035914857,2.2657747,0.9699369672413828,0.9991689779095624,1
7.6213623e-06,0.0953384,1.0294375,4.58960078320032e-05,0.026089248261554416,0
0.010692143,0.010970471,5.0,0.03523908987248498,0.10333731323196636,0
0.00041859233,0.007225308,1.3756933,0.008864338029669796,0.03922546428732598,0
8.989287e-05,0.052804787,1.1136364,0.02174186747853798,0.03548930538377254,0
0.3755949,0.07617424,1.1271524,0.2192444420374663,0.2227127704220523,0
0.8522834,0.059172597,5.0,0.12080038668701035,0.2212574294525873,0
0.06514096,0.061763156,1.7452205,0.008128485785209394,0.048981363469909,0
0.4899971,0.13486537,1.5485225,0.8631761767614358,0.9967364706645638,0
0.066730745,0.086285494,2.0736175,0.02403337779447577,0.06511805273915965,0
5.630586e-05,0.0020483255,1.406562,0.007585102284600974,0.039552048454144444,0
0.9924178,0.03318629,1.0942047,0.9997599663826817,0.9987839248530636,1
0.00017885445,0.003076694,5.0,0.00308799730656642,0.07637212483965417,0
0.00023083157,0.01781239,1.6777554,0.010686294837284697,0.04803942912679814,0
0.8418836,0.058906026,1.8682027,0.942802578714461,0.9987489242864623,1
0.32953247,0.123157844,5.0,0.14621655664653452,0.2714811814190955,0
0.56067693,0.06877004,2.2639117,0.4822930089457901,0.8904641293264828,0
0.058769014,0.050019022,2.1441095,0.39002335304420827,0.7505167935059743,0
0.12707356,0.061435852,1.2418914,0.03182956396793201,0.04478915481167358,0
4.69003e-05,0.0023016715,1.0866275,0.0022430756075655397,0.027954038631705695,0
7.0793108e-06,0.0002772808,1.3750005,0.00015575808771192573,0.03590954899450513,0
7.802721e-06,0.00038172628,1.4869615,0.005219626180095606,0.040753375910038074,0
3.1797426e-05,0.00079878623,1.112656,0.0003996977498829793,0.028281452611271025,0
6.48042e-05,0.0020911826,5.0,0.0074731431269713195,0.07958466365213317,0
0.57611287,0.07091479,2.0375903,0.16738095000453854,0.2307565698366457,0
0.0059296186,0.024113059,1.8688917,0.008437789421483285,0.05121779135736731,0
0.9998241,0.0046892837,1.0807986,0.9997216737174481,0.9987535402093172,1
0.6737067,0.065276615,1.2027965,0.8495126814188797,0.9950076264494668,1
0.002231721,0.009713244,5.0,0.03434713280698536,0.1024500268415941,0
0.44756562,0.259626,1.1803153,0.02509657143890079,0.04186751647272693,0
0.06351676,0.11358265,1.6213453,0.8935547963322653,0.9976792580111251,1
7.2159983e-06,0.0005126873,1.1260282,0.0001843492300328935,0.028647321218016667,0
0.80643713,0.085985966,1.808161,0.758021264622135,0.9915827623724628,0
0.6064367,0.06677972,1.4070337,0.9468186529026192,0.998449372007866,1
0.47536206,0.08582564,1.2016884,0.49956728497665337,0.846639939755669,0
0.33896783,0.08288061,5.0,0.04148663024369935,0.11184071746494946,0
0.21457818,0.14619225,1.0177609,0.1962137678380963,0.1669442048255361,0
0.025842337,0.038756646,5.0,0.040999508031037704,0.10971370043745576,0
0.00017918422,0.004715701,1.1841952,0.0026549879970797423,0.03125874189755153,0
0.17668717,0.10544506,2.5976565,0.30420916067156506,0.5882940923575326,0
0.0026206905,0.018311292,1.0125108,0.0002884266950462249,0.02502986232166788,0
0.0006201758,0.0124969045,5.0,0.00594908588230933,0.07865776325616632,0
0.0020038502,0.023534594,5.0,0.0938840288100915,0.174224958173563,0
0.012549611,0.05223129,5.0,0.004641945248246752,0.07850043134300759,0
7.833817e-05,0.02936125,1.5173581,0.0008497453905319289,0.0400882877912564,0
0.003590005,0.0067683673,5.0,0.013659843921121004,0.08446154421713546,0
0.017699303,0.030465392,5.0,0.020606287751974057,0.09069357157968075,0
9.308824e-06,0.0013266915,1.0874699,7.552696422882621e-05,0.027376762400376627,0
0.14464389,0.0340806,5.0,0.006127135316126843,0.07937231664076627,0
2.1395874e-06,0.00020905929,1.3262649,0.002803311693727018,0.035505690791961086,0
0.029530196,0.034466665,4.068316,0.24015620650970063,0.47020588169859107,0
0.14480078,0.09258963,1.9638222,0.020731911995938816,0.060971317175422556,0
0.055007316,0.052372385,1.5709394,0.3644603443130339,0.6439245757212585,0
0.007045441,0.026595604,1.4604889,0.018334198676934293,0.04589299621682382,0
0.8622193,0.039713867,1.6172241,0.9724069981413291,0.9989524025337381,1
0.0010667492,0.0021676905,5.0,0.0253678464211429,0.09410758779506014,0
0.010698864,0.043289553,1.3517066,0.1266677892584103,0.1193011988933042,0
0.81595093,0.03748944,1.3039284,0.9411461638433495,0.9982075815226538,1
0.22563069,0.106729954,1.5356312,0.3271896940120623,0.5514383309853816,0
3.0599014e-05,0.0028532986,5.0,0.00349371699323426,0.07666154667069475,0
0.47945872,0.06990256,1.2056211,0.6322637949547868,0.9555823451842641,0
0.28835112,0.10363047,2.1295886,0.2453290836228074,0.40882810334760117,0
0.039640382,0.05474434,1.6015545,0.020992972322895282,0.051601433853924183,0
1.2264186e-05,0.00018414827,1.3639684,0.0004341222857584916,0.035711893632002056,0
0.74616605,0.07084734,1.0390079,0.4268783536123891,0.6842276998034307,0
1.6660334e-06,0.00020414077,2.260574,0.00025304642480511273,0.05340552765393034,0
0.013792732,0.16899769,1.1733116,0.008965303610394893,0.03440825728552977,0
0.11601611,0.06652695,3.725471,0.04232191532262803,0.10242013664867448,0
0.9207395,0.058975674,2.6959858,0.9860403112352406,0.9993679530925338,1
0.899954,0.06957739,0.9138093,0.9996517979400893,0.9984319360660387,1
0.7633892,0.062274564,0.9990815,0.8646218952467207,0.9945337393380408,1
1.9237292e-05,0.000325439,1.7576491,0.006377151458313569,0.04759934139442086,0
0.479731,0.10149146,5.0,0.6945155724236048,0.9903490218708935,0
3.0096955e-05,0.00086248986,1.1591536,0.0001315544089576815,0.02967940799091359,0
0.42939186,0.11366839,1.4794859,0.06613134682326237,0.07575167248458754,0
0.0231512,0.052422944,2.610094,0.014193649456543138,0.06716834982437864,0
0.5742575,0.07133876,1.3869027,0.9540556101406874,0.9985395895719206,1
0.5912298,0.121178456,1.4417796,0.4255396293047731,0.761760643554175,0
7.14511e-06,0.0004964304,1.8359829,0.00019957228893410716,0.04634591140747263,0
7.351509e-06,0.00020076877,4.010223,0.00020933849840606807,0.06947487732152688,0
0.0012782363,0.0060569854,1.2255353,0.033958901202861935,0.04432317176153778,0
0.42485005,0.10464271,1.2341927,0.1614454849365556,0.15160133004402956,0
0.84287864,0.07816574,1.1344777,0.8798844576889732,0.9960864282016975,1
0.014034868,0.103531726,1.1346903,0.01142917584572728,0.03325954881341888,0
0.7260033,0.05892475,1.0041763,0.4408198960049031,0.7035130684858185,0
0.18474655,0.12679593,1.2429414,0.051323208391651956,0.055195374094063575,0
0.74661565,0.13342753,1.2020495,0.7801527898379255,0.9900765007906269,1
1.3724035e-05,0.0011500438,1.2309387,0.0020299099497220682,0.03246848436048008,0
0.005583917,0.015316348,5.0,0.03582339004147547,0.10399995427406986,0
0.93773186,0.07373592,4.5500283,0.9706626701153068,0.9994085491015487,1
0.3601491,0.12304791,5.0,0.07063387624851923,0.14657370589752564,0
0.17220698,0.11159389,4.013098,0.12754968925442636,0.22176272167379896,0
0.13832259,0.039892692,5.0,0.01082664447012733,0.08308221571829018,0
0.0388807,0.03999203,2.7587402,0.0749332564150023,0.12116458176843399,0
0.525114,0.11695251,2.8681924,0.19499390958250418,0.33133682092891614,0
0.0062679807,0.013147501,3.8007007,0.0703264833297006,0.13100289529555698,0
0.28904864,0.080014974,1.0883306,0.5336410288387663,0.8729902628216379,1
0.81734264,0.07606642,0.96619105,0.8295425179774701,0.9918295655343269,1
0.9518143,0.025554636,1.2946812,0.7757473483356357,0.990214600589281,0
0.046890482,0.0640715,5.0,0.01665232750409428,0.08818683988721579,0
0.0053161373,0.034884036,5.0,0.013135797922283672,0.08465354859328982,0
0.023089232,0.100035675,5.0,0.002061028124020869,0.07756477747676387,0
0.8604358,0.09635551,2.115893,0.9461814053051235,0.9989083103616585,1
5.5547323e-05,0.0006944719,5.0,0.006809369616848027,0.07905919813378214,0
0.0029683104,0.026301637,5.0,0.006111311448867439,0.07906021003689641,0
0.00021407503,0.005119797,2.5308344,0.0036914152541985806,0.05898674890241171,0
2.9679945e-06,0.0006562721,2.210149,0.00024021934754427088,0.05266824535544236,0
0.00011032255,0.004467312,2.815552,0.0059546662635089655,0.0636538709634636,0
0.99990153,0.0006747123,0.7904082,0.9995385546229834,0.9979522413420981,1
0.9315195,0.052422095,0.9586526,0.9955190047330692,0.9984747233523581,1
0.62659895,0.034705725,1.1708,0.5772160986598714,0.9213329821424717,0
0.00035685953,0.0093661845,1.6925715,0.0002834399429233502,0.043607740491499486,0
0.08256191,0.054504145,5.0,0.04592691368445395,0.11527274382314354,0
3.3374028e-05,0.0066716676,1.5694817,0.011805869279723897,0.04574220139261235,0
0.5453066,0.078455605,1.9213369,0.4627068397145767,0.8560218564392085,0
0.0179179,0.019306123,1.3475226,0.06311391437665799,0.06533590703784327,0
0.00012041908,0.007340761,5.0,9.294752504875227e-05,0.07431542123409103,0
0.06412055,0.079731375,1.9185508,0.5056634718591261,0.901653265512717,0
0.0060981927,0.08366035,1.8583986,0.012040812716154493,0.05365894566128927,0
0.00049722154,0.0062329555,1.0200154,0.00034537964143546533,0.025219840097962583,0
0.0740021,0.0695873,1.3251973,0.09478745080463766,0.08792183259399727,0
0.38287228,0.0731696,1.3260051,0.29015699250348653,0.4182157795752305,0
0.6671294,0.03877229,1.4268023,0.880192894300363,0.9969566151568812,1
4.0856456e-05,0.0017133486,1.5450048,0.00018288720804367206,0.04018879775880675,0
0.00010286918,0.012893675,2.0418243,0.0011095178312197512,0.05061593660114194,0
1.6159678e-05,0.0055447477,1.0605657,8.367000375549332e-05,0.02652043249834713,0
0.44363585,0.12776615,1.95921,0.15167449156986926,0.20106821334526698,0
0.4268896,0.124279104,2.0519729,0.7638498433722938,0.9928236982234322,0
0.27624762,0.10122121,1.4064387,0.1253035931993925,0.12440040130391852,0
0.39021355,0.06910453,1.1877099,0.2250870210499195,0.24489706751029172,0
9.231689e-06,0.0019713063,1.417665,0.0016781709429242086,0.03760542321369674,0
0.03624006,0.0413034,2.5575588,0.06388883416053297,0.1056634553971317,0
0.9805716,0.030434143,1.1628305,0.910915527529361,0.9972058188452633,1
0.80139226,0.058631193,1.574066,0.214737588028646,0.2831448903058649,0
0.83805126,0.06645949,0.96586347,0.9550139303902954,0.9977231266119145,1
0.6320335,0.041309673,1.2016908,0.7911642998121329,0.9908806220021453,0
1.5192313e-06,3.994121e-05,2.9258873,0.0005258931116614336,0.06145932031105287,0
0.92634594,0.06811785,1.7066797,0.9519774128349363,0.9987787353471389,1
0.06935375,0.059456527,5.0,0.005226854992104876,0.07913876129609004,0
0.01146143,0.016117513,5.0,0.01821365604302856,0.08836122121432632,0
0.004536011,0.02097409,5.0,0.014531687927586344,0.08546512729438673,0
0.029876864,0.11674635,1.314739,0.29629181076693506,0.433074789560138,0
5.0759663e-06,0.14311719,1.1518941,0.06176016539389278,0.05606524085175087,0
0.16629842,0.022512266,5.0,0.010209373010452924,0.08226433732964991,0
2.0130405e-05,0.0015701599,1.0563754,0.00010367030994735455,0.026357244432602882,0
2.3478615e-05,0.00075213047,2.9808486,0.00017708298946877564,0.06179383729714372,0
0.27570397,0.11168627,1.5241468,0.27500867442814203,0.41735798564918736,0
0.005610763,0.015413438,5.0,0.0570011201571559,0.12604688059428115,0
0.016332742,0.12775001,1.1377459,0.011852753233190134,0.03373092469284652,0
0.0015885116,0.0069233393,1.9098269,0.02252849421687596,0.059368801872481745,0
0.27300948,0.08252336,2.2654345,0.35595932468238645,0.690061542620702,0
1.8672428e-06,0.00057258154,1.050726,7.438758470791139e-05,0.026153266495294824,0
0.05787399,0.0582323,1.2346509,0.005413736266478186,0.03423948712372779,0
0.0005585888,0.015141326,1.6156191,0.006896265572090279,0.0448119846584651,0
0.24584235,0.123523705,0.99831164,0.06545106646261033,0.04824775581882538,0
0.055017233,0.08331908,1.0086393,0.027820808220341525,0.033352054304168315,0
0.40772432,0.079997346,1.920335,0.7759294778890619,0.9932568438677285,1
0.11338754,0.059539393,5.0,0.0775575291763004,0.15292761757353976,0
0.99990976,0.0032187132,0.8716017,0.9996517259926104,0.9982773865094557,1
8.095473e-06,0.0014568076,2.9068105,0.005075280362672677,0.0640337381116463,0
0.10421003,0.1308058,1.1932697,0.050063538643548726,0.05206952571573857,0
0.9788871,0.024510374,2.9388463,0.938826778578412,0.9990107480466129,0
0.0006844286,0.022219708,1.2251912,0.005164604611204782,0.03350440192940139,0
0.026066706,0.042061526,1.1799587,0.07117869652442445,0.06152981488694532,0
0.018313246,0.012790265,3.3445866,0.10983721334448998,0.17666702480350477,0
0.65648764,0.05140765,1.094752,0.4572031692284111,0.7592949817775473,0
0.0023015398,0.022921914,5.0,0.024092416581048028,0.09348871225139505,0
0.037531435,0.07055703,1.5833791,0.0636098374599164,0.07725139129489487,0
0.3934826,0.06573376,1.022268,0.21274352205837102,0.18975607075888737,0
0.30421442,0.08769269,1.0555078,0.22550181913837938,0.21906918706485987,0
0.51628625,0.11674528,1.6780871,0.7480269448529009,0.9901343776949642,1
0.15187931,0.022753045,5.0,0.0652649848294169,0.13615725267387208,0
0.32701978,0.08634868,2.5350945,0.7418432193769929,0.992054855171255,0
0.0049103796,0.013196397,1.3216151,0.03306719579083222,0.04779919224376244,0
0.60272056,0.030812047,1.1105988,0.4586928323447917,0.7643300800020422,0
0.00021567535,0.0017875205,1.3428504,0.00015575808771192573,0.03505762530101068,0
0.008151201,0.01816025,1.4548681,0.011366101518801276,0.04261121051103712,0
0.9748599,0.037815906,2.4531205,0.9688931424090499,0.9992011609220555,1
0.06599218,0.046273906,5.0,0.01537266205334041,0.08676481660612347,0
0.08403022,0.12636936,1.1395077,0.6008220861547451,0.9362314008748897,0
0.19854778,0.09991553,1.770683,0.563506670161216,0.9400837322583867,0
0.67123634,0.05615848,1.1722122,0.3263453212324747,0.4741063848791053,0
0.6467643,0.06697926,1.1607406,0.833517448722909,0.9938622106328476,1
0.7343932,0.042673286,1.0969453,0.726841529713446,0.980447392984783,0
0.61783385,0.07841726,1.298181,0.497764960310502,0.8556769564176077,0
0.20118935,0.09081727,1.1266983,0.324769950057889,0.45841017188089284,0
0.029371155,0.052260004,1.5938083,0.01882302545673526,0.0502723053318056,0
0.5322051,0.07350839,1.0072737,0.7423092878442038,0.981317460513268,1
0.31167457,0.1849417,1.2580922,0.523454257922862,0.884219769051119,0
0.76160705,0.054010846,1.0215784,0.921016194250694,0.9970164434565726,0
0.12350574,0.16697669,1.2631099,0.0553474965198845,0.0589775782924089,0
0.02611336,0.029470287,5.0,0.03397915995223543,0.10263941442281282,0
0.84309506,0.0850576,5.0,0.9893325084017194,0.999526262435306,1
0.18116309,0.043950953,5.0,0.06621068840387843,0.13805055129875396,0
0.20495564,0.083448686,5.0,0.03911298006476176,0.10928156927813049,0
0.16810983,0.099264674,1.0183924,0.2170767350819669,0.19681174261956394,0
0.050186254,0.04482767,2.00383,0.17109480555988565,0.23281381212180646,0
0.57667243,0.059686415,1.8886461,0.17048515900101088,0.2259000000731958,0
0.006642859,0.020450363,5.0,0.05135312916075416,0.1199537109004203,0
0.14047858,0.025561625,5.0,0.019649356430622687,0.08991417613353471,0
0.6885761,0.13002339,1.1539357,0.2126228531891469,0.21950087880837807,0
0.38960627,0.061362218,1.1163357,0.4404539628359368,0.7314230275920359,0
0.21468885,0.15936086,2.1569984,0.8982594478088003,0.9982551018294853,1
0.0038330355,0.011589974,5.0,0.00041863498956244704,0.07463069123368092,0
0.00052131945,0.004954584,1.0703802,0.00045649193250437705,0.0269428317258648,0
0.00013362958,0.011303408,1.1531743,0.0199395354659122,0.0359968562085019,0
7.949626e-05,0.0006399557,1.9621985,0.00019957228893410716,0.04865200295429973,0
6.455824e-06,0.0014141487,1.8904965,0.007765575158727423,0.051004163912667176,0
4.1606538e-05,0.0025882747,1.7432817,0.004100747074042859,0.046278439301319266,0
0.8114274,0.09288081,1.1423975,0.23333695645100588,0.2539679527653312,0
0.8444944,0.09213825,2.075396,0.8323787829092408,0.9964499513805718,0
4.5324497e-05,0.0030829355,2.0881023,0.004265079699056744,0.05284288842714594,0
0.0032832809,0.03591964,1.4066824,0.00036199987991405633,0.03717340224928367,0
0.5608378,0.087736,1.0946884,0.3911301722921385,0.617759689402001,0
3.859756e-05,0.001044785,1.3569444,0.0003978442488566613,0.03551784277385023,0
0.7069332,0.044963393,1.5103886,0.81408739864916,0.9943620402931814,1
0.6589582,0.06943137,1.6234906,0.49025380995528767,0.8727293251851681,0
0.46208724,0.10279368,1.7324014,0.8937900353009374,0.9978193007713103,0
0.017316097,0.032481905,2.827611,0.04211922045165855,0.09050667845153669,0
0.5923773,0.0760905,1.3759196,0.148239538207382,0.14908402943736698,0
0.94865036,0.049905982,1.6632068,0.9807894764273198,0.999065947522391,1
0.00056690216,0.007639878,2.8583834,0.01267167511604555,0.06843235799132778,0
0.0010884295,0.0067156604,5.0,0.012379543433229698,0.08344816617181211,0
0.0018792105,0.008582282,3.3123698,0.010722143769257456,0.07168996437608331,0
2.9013907e-05,0.0018521848,1.3735743,0.0005180303666800974,0.03601548071349032,0
0.035913553,0.032595746,2.2808459,0.003925080343909257,0.05614299096568821,0
0.00096272066,0.004592895,4.1441793,0.0018290174431962144,0.07141060820756062,0
0.33324352,0.0774153,2.747405,0.06706972669419019,0.11407479708785741,0
0.3807433,0.093086146,1.0015795,0.08047578888526374,0.05573679352412319,0
0.32781833,0.15201004,1.1856112,0.20013233338961597,0.20394293518841078,0
1.1156611e-05,0.0045222114,1.0574783,7.58375008201688e-05,0.026407903536832377,0
0.49075025,0.08805762,1.3800542,0.8876779358553708,0.9971147799632792,1
9.545068e-05,0.0014068637,1.3567783,0.00013272975831237445,0.03542382680691151,0
0.9995172,0.036647215,1.9212786,0.9965614936549099,0.9992911784831893,1
6.927731e-05,0.0087286895,5.0,0.0014557042696304483,0.07530927982109327,0
0.14591958,0.12746347,1.2926642,0.0722745919360602,0.07039599406126551,0
0.10902411,0.024425685,5.0,0.05086636097934436,0.11969271224209083,0
0.19070154,0.07464801,1.637248,0.93750755791814,0.9985194214834141,1
0.18386686,0.035263855,5.0,0.08093583203596617,0.15670235330331814,0
0.3651633,0.103348136,1.7680656,0.0146965822479212,0.053541462660202925,0
4.832933e-06,0.0017091043,1.5160007,0.00018288720804367206,0.03949994265567907,0
0.007455098,0.037653055,2.154049,0.08279513679966859,0.11406531867848886,0
0.0028049094,0.013086371,1.3616446,0.018195552307135442,0.04261604322187186,0
0.36756998,0.07591649,2.1680748,0.3762664895294301,0.7269635154805831,0
0.99300176,0.027334172,1.2029636,0.9715001112862172,0.9985570995030116,1
0.52582914,0.06669865,1.4658964,0.4328444571850632,0.7751767239148538,0
0.76169896,0.04146031,1.0492702,0.6618855522231489,0.9604058779005394,1
0.81784886,0.067307755,1.4896394,0.23336390563169657,0.3126765671680878,0
1.810335e-05,0.0024572052,1.5933456,0.002267790024486645,0.04216795485224887,0
0.49086443,0.12967391,1.9787738,0.23310901550297927,0.3690932444005595,0
0.2185908,0.14733951,1.6229241,0.2586871900787284,0.3932242539025583,0
6.7963674e-06,5.9819562e-05,1.173853,0.00040969148622636885,0.030212020255064743,0
0.8298247,0.06749716,1.363491,0.410158028131634,0.7181026189346801,0
0.72137034,0.06087298,1.6773505,0.8845921334714387,0.9975174002689016,1
0.61326194,0.13166974,0.985384,0.5232326198991031,0.8455622879694014,0
0.8846725,0.058550198,1.2360235,0.6415817356138054,0.9606950827670133,0
0.61141706,0.08423678,1.2431492,0.5116752265309344,0.866969082875974,0
0.022059644,0.047187667,2.9846969,0.06412736265542615,0.11399421848713298,0
0.9677287,0.025358967,1.0728817,0.9946423812929261,0.9986809279216033,1
0.00019398016,0.0048266943,1.5518926,0.00046217927389076126,0.040495015695858776,0
0.30818903,0.06465444,1.5211428,0.6312827011237507,0.964598512611353,0
2.8285875e-05,0.011990267,5.0,0.004915120138567511,0.0778821368856905,0
0.71121174,0.06832117,1.1006804,0.852779130583207,0.9946086120739558,0
2.5872045e-05,0.0016501237,5.0,0.005126777574815864,0.07783120234720739,0
0.68608487,0.050319582,1.1117318,0.845548771628805,0.9942408000636588,0
4.9023497e-06,0.00048505116,1.9313785,0.029011897315125403,0.06358845647000701,0
0.579863,0.10836884,1.1847764,0.36011883283663376,0.566865070281029,0
0.13748959,0.033942904,5.0,0.026328370047809736,0.0958764367956759,0
0.39323696,0.17086458,1.9883959,0.7977781587423428,0.9948700376981529,0
0.14521626,0.11551938,1.2507013,0.28523103377494957,0.39219173703413557,0
0.04667422,0.15584324,1.1694741,0.008758967756119741,0.034097549322445644,0
0.35875666,0.11626168,1.7534361,0.5713415974382707,0.9443827770399209,0
1.3756807e-05,0.0017320925,5.0,0.00038691674084365444,0.07441528812014148,0
0.5947003,0.05679531,1.1640748,0.854986799211223,0.995069189093713,0
0.40770993,0.043400925,1.034315,0.23709152104002973,0.2330091734117772,0
0.9999895,0.00088021386,0.92633104,0.9999220871087159,0.9984421177824288,1
0.64661425,0.06147424,1.1391453,0.6045216445157506,0.9378361280712871,0
0.46651077,0.18733071,1.3768932,0.004805142791223894,0.03982809042549016,0
0.92469597,0.09172726,3.370992,0.9618350896779221,0.9992795322931384,1
0.6042086,0.08278547,1.5194955,0.18722688379178848,0.22440774394154833,0
2.0131249e-05,0.00019782844,1.8588012,0.008472473670997965,0.05070468617964602,0
0.59482723,0.10372003,2.9393659,0.8411820103033826,0.9973570503925553,1
1.1276435e-05,0.0005644634,1.4331928,0.00018288720804367206,0.03743886487906918,0
0.02820113,0.041465953,1.2683166,0.000500736822932003,0.03344837416925829,0
0.17649883,0.031422995,5.0,0.0811031240271075,0.15677429074704016,0
0.43327653,0.1053036,1.3115433,0.5475093239318175,0.9093941500146558,0
0.6564032,0.04138032,1.2344165,0.8277906410758306,0.9939171434042563,0
0.99983263,0.0033818022,1.0485017,0.9997582293964632,0.9987008862619879,1
0.033605244,0.05814212,1.3288054,0.031359858941566315,0.04786107434169363,0
0.5916116,0.17176506,1.2093092,0.9265275562344552,0.9978054072929886,1
0.91313195,0.08820156,4.860889,0.9534512846031205,0.999311279457321,1
4.2829647e-06,0.0035756293,5.0,0.006132780429963856,0.07861360632224074,0
5.069184e-06,0.0010752659,1.2460567,0.000141352558866552,0.03231007416848075,0
0.081438996,0.07818827,1.4678482,0.019640953474819638,0.047395136646062985,0
0.81792814,0.042618513,1.3376997,0.9556938349591588,0.9985005693077755,1
0.00013894011,0.020726793,1.6911057,0.0003627427141948573,0.04374262505807557,0
0.00011101737,0.014859904,1.2000895,0.00038907975443475563,0.031133373355866946,0
0.52848625,0.09091808,1.7450924,0.2920888024023344,0.4899969055266196,0
0.8338509,0.113567926,2.2202992,0.02682347331476437,0.07101976887242732,0
0.008065717,0.016596785,1.5057046,0.021576150238643278,0.04860993429748405,0
9.501887e-06,0.0008907295,1.4272298,0.008349510484541649,0.0404150708574235,0
0.96988386,0.05105195,1.3105224,0.9832953459705783,0.9988491311120017,1
0.11996827,0.1276591,5.0,0.04684130324002384,0.11839534329271542,0
0.99934655,0.007558458,1.2710768,0.9983861346328071,0.9989674444475015,1
0.62663335,0.041445486,1.0332745,0.8938822892427614,0.9961050890596803,0
0.576713,0.09465286,1.6795332,0.12469976328441028,0.1434175030952587,0
0.00082134164,0.004485943,2.5548015,0.013349834297713213,0.06504684977179147,0
0.0041394546,0.0063435524,5.0,0.011417477583477843,0.08269208595042853,0
0.0019478663,0.030186962,2.4099145,0.0025980435659547748,0.057179692112097794,0
1.4000773e-05,0.0014151061,1.191845,0.00014394565082784366,0.030694792183713442,0
0.03334829,0.061068747,1.0381804,0.060653308187312883,0.04762786763824632,0
0.41260093,0.041614626,1.0646526,0.33464608554348374,0.46220312780068096,0
0.56279016,0.1075455,3.670763,0.6110295729166878,0.9752166384480798,1
7.922799e-06,0.00036784125,2.3395793,0.006840696377137369,0.058104933059317986,0
0.31433997,0.054673254,5.0,0.5429554206335524,0.9552820998708839,0
2.1845184e-05,0.0010115443,3.7610943,0.00020933849840606807,0.06795256813485605,0
0.8392202,0.044677842,1.3279657,0.48342776269165494,0.8391073613500887,0
0.11425845,0.15034935,5.0,0.039320646190878036,0.11119541487070693,0
0.37504482,0.09119918,3.0721166,0.23662002780722538,0.4375989784991642,0
0.012776426,0.03008052,1.783927,0.02012047697654382,0.05548286796371124,0
1.46063585e-05,0.013088807,1.389709,0.0020435028239890398,0.03710953500780875,0
1.2374751e-05,0.00038701034,1.4281499,0.0018750617181341096,0.03793642226686877,0
0.7989828,0.05391717,0.96255714,0.8295266216450724,0.9917295677275658,1
0.1495989,0.116390206,1.4807154,0.09780537106942143,0.10165017739012955,0
0.85306346,0.0459189,1.7785199,0.939379605600135,0.9986478329996027,1
0.026566101,0.0766277,1.561811,0.05344296433435047,0.06941688935228565,0
0.8193359,0.08286067,1.1480207,0.9065605803553565,0.9970676505556468,1
0.8494526,0.03457184,1.5934306,0.9647815238737181,0.9988501644210824,1
0.00024902823,0.0064781755,2.3359923,0.0017984938338212833,0.055378455138390896,0
0.85104996,0.04237046,0.9789613,0.7892916059567553,0.9878357998690431,0
0.89101315,0.05078155,5.0,0.9314097520787186,0.9991347058884876,1
0.0004177859,0.0014774629,5.0,0.003770870515875053,0.07683614263516705,0
0.00013201706,0.0023140672,5.0,0.008176445741887977,0.08011915558218671,0
0.46053702,0.066436216,1.3159759,0.38218407980580604,0.6466513126728061,0
0.15097438,0.023718642,5.0,0.05055831426506039,0.11940030782446162,0
0.20223974,0.08083388,1.0156103,0.11959120739681596,0.08207355739976072,0
0.20214027,0.064139605,2.324423,0.17937007711344263,0.268923504744448,0
3.3415843e-05,0.0014453192,1.0865107,0.00013583637931184874,0.027362688482182953,0
0.12550296,0.043247785,5.0,0.13328732936183627,0.24144822653742729,0
0.92800754,0.08309627,1.3626335,0.9792701187384908,0.9988600041210938,1
0.0008824608,0.00782142,5.0,0.005023651610193632,0.07787952296260184,0
0.876296,0.056312513,0.9743937,0.9550120124174883,0.9977476632154492,1
0.750296,0.04607185,1.48711,0.3577895725585865,0.6176727286011708,0
0.0023013777,0.014367013,1.280234,0.0003116950157767644,0.03347520556711345,0
0.00032861024,0.003880089,4.302404,0.0014670269789600673,0.0720086305141382,0
0.5761199,0.06466636,1.2905816,0.3685434331108804,0.609174380951021,0
0.28208652,0.083691165,2.3456304,0.2973824838510003,0.5553156177828823,0
0.0315418,0.04274297,2.1699395,0.35742873325137337,0.6841319951654486,0
0.0003874449,0.0029753875,5.0,0.0013559981798642756,0.07512701490794987,0
0.49546325,0.13391525,1.9796354,0.413223622337636,0.7878967545129975,0
0.1379572,0.09299543,5.0,0.08411594187035479,0.16315776139090324,0
0.034203812,0.026939671,1.687067,0.03806929045087341,0.06309549317573669,0
0.44063333,0.07831419,1.618668,0.6611904173677343,0.9752734321228763,0
0.4961586,0.06687962,1.6995304,0.5081312890982576,0.8952698134998871,0
6.073265e-06,0.0008571333,4.0128202,0.00020933849840606807,0.06950186892279975,0
0.6524297,0.07124459,1.233732,0.4400047160021695,0.7553871523138226,0
0.0012508145,0.031204157,5.0,0.007225766271739628,0.07999492500315666,0
0.5743942,0.10297952,1.2921301,0.799277676893386,0.9924035787819431,1
0.68583614,0.13840467,5.0,0.9317673118618741,0.9991562582319368,1
2.4072357e-05,0.0035767984,1.5577356,0.002374504374711161,0.04138915304189484,0
0.6454254,0.067134865,1.2265023,0.20107331132594666,0.2090665216036171,0
0.22948533,0.10967274,1.6474607,0.4971865601631427,0.8823340738305646,0
0.29810458,0.09337976,1.1551178,0.5869290253017233,0.9279186975776045,0
0.0004599221,0.00087468344,1.4401712,0.0020148676003682022,0.03830579638966252,0
0.41027898,0.112182885,2.5884638,0.1598207343654457,0.24592012036307154,0
0.68515855,0.05086815,1.3181716,0.5485721839729558,0.9097872338569739,0
0.78289944,0.05443801,1.443355,0.9740697452436503,0.9988558673182933,1
3.781403e-05,0.0022412532,1.116176,0.00040507448517960174,0.028407534691363482,0
0.6665801,0.14175493,1.8604451,0.27703763085687827,0.46838487743502744,0
0.93734723,0.030465713,5.0,0.797077698666759,0.9965610933551411,0
0.18800628,0.17668818,2.839559,0.08082435966676575,0.13401455497326853,0
0.8097299,0.18829031,1.8777775,0.8508413027511538,0.9969180819153828,1
0.39704666,0.15444246,1.2438298,0.6286079103142856,0.9565055705453612,0
0.85856634,0.105700046,1.3586673,0.9648515852654913,0.9986815394806776,1
0.9988953,0.029453926,1.5248557,0.9963446377789245,0.9991335334652922,1
0.001872142,0.091085136,1.1334608,0.037196948876587234,0.042680409417244235,0
0.08793612,0.10870054,1.1514752,0.00868629203059347,0.03303555301419327,0
0.07828195,0.04497126,2.929031,0.18170170699162622,0.29857203414783084,0
0.74404967,0.1520451,2.4814324,0.04468456079597101,0.09033150300556016,0
0.096413516,0.07520831,1.9925603,0.21303005519741453,0.31918790521830814,0
0.11193085,0.04900029,1.7753069,0.02022620992454562,0.05568027605915307,0
1.0440888e-05,0.0007254267,5.0,0.00019854732053636807,0.07426308250906698,0
0.4501951,0.08458506,1.3926387,0.039642206760969224,0.05508429180037338,0
0.034180615,0.03444513,2.9872415,0.013983812880581021,0.07124642329921722,0
0.79263884,0.051644474,1.2001554,0.2611748069992486,0.32243332989245455,0
0.17384341,0.12263039,1.3264109,0.011675739860193508,0.040143302589152344,0
0.058094405,0.11385137,2.5680249,0.014643871516046191,0.06799250813268023,0
1.2237805e-05,0.0006877098,1.2941335,0.0003283347765409003,0.03375221002766947,0
0.42903364,0.14784123,1.5993844,0.0010175738625814086,0.04368880743788297,0
0.52125454,0.093001075,1.3152373,0.2538321732963517,0.3309006128256543,0
0.7304696,0.07688903,1.2223551,0.10004015924771772,0.0857507531688515,0
0.49592647,0.1331454,1.9181385,0.828815103892426,0.9961271427973791,1
0.4184266,0.04155111,1.0248332,0.24485944308511015,0.24506265973700223,0
0.76514167,0.12196378,0.97139585,0.4538079054079188,0.7244196479299917,0
4.271471e-05,0.0014836981,1.851074,0.003967449153968575,0.04839278635504311,0
0.6130452,0.039625794,1.1690048,0.5524962818587448,0.9008232032143338,0
0.38656887,0.12936892,1.3652657,0.062089444464454906,0.06777374928680108,0
0.13097014,0.058734138,5.0,0.026022402925943263,0.09619566606748589,0
5.1330726e-06,0.00047328696,5.0,0.009392108315198416,0.08100434883597984,0
2.2545724e-05,0.0010096314,5.0,0.0008640397551022917,0.07473905194284554,0
0.67187846,0.10561863,1.5757351,0.05611054146373756,0.07288834012655009,0
0.29377404,0.06620175,1.3828392,0.5343612993602389,0.9016586035333221,0
1.2666116e-05,0.0015357918,1.3462534,0.000141352558866552,0.03514284851156716,0
2.2914019e-05,0.031695005,1.1767,0.005788016162686576,0.03223667879525167,0
0.18052883,0.10920803,5.0,0.223979131771403,0.4512296154095576,0
0.81504154,0.07901259,1.2135568,0.9395340168351239,0.9980429902563696,1
0.1428348,0.107098445,1.3597945,0.7332694060094388,0.985892275997044,0
0.41991165,0.120627336,1.3886684,0.830396401408745,0.9948956706044054,0
6.239169e-06,0.00025729256,1.2533062,0.007731007507027424,0.03505377613923372,0
0.006259684,0.019717593,3.777415,0.00254722987287656,0.06993839481432587,0
0.01554861,0.02945822,1.7736953,0.10832297853241518,0.1261942572942539,0
0.2051366,0.099378,1.4375111,0.0350237849924015,0.054359124313996046,0
0.07133783,0.089341484,1.3141967,0.1311787513933761,0.12240478851876162,0
0.4532973,0.08296141,2.4246688,0.12075904649238337,0.17271457096303117,0
3.2953988e-06,0.00030615364,1.4088941,0.00018288720804367206,0.03681085216401057,0
0.552081,0.045117933,1.088885,0.43432900723032974,0.7117561929683308,0
0.0042115026,0.00787691,1.1808189,0.09138984881089961,0.07402708907002431,0
1.2598521e-05,0.000401981,1.2994218,0.0004215195457234831,0.033930347503204596,0
1.1001729e-05,0.00090953393,2.638268,0.001955138193421999,0.059232348110289886,0
0.028381139,0.029580748,5.0,0.027257188728414372,0.09646812463269364,0
0.004995264,0.009698427,5.0,0.01930969452356905,0.08911825399679464,0
0.36832526,0.108045556,1.831081,0.8765304582960821,0.9975134131660024,1
0.4541821,0.04298588,1.0613825,0.5946698759687289,0.9249421573008874,1
0.5004257,0.062074635,1.1830751,0.4209182100158304,0.7061459282525187,0
0.018583056,0.016862903,1.842803,0.0032001667692530766,0.048078100261333974,0
0.97578025,0.054887727,2.8616807,0.9876683324805066,0.9993972794383011,1
0.18018776,0.025476048,5.0,0.018566679603567872,0.08905227698130673,0
0.00055284135,0.0050344053,5.0,0.007656783954532079,0.07978335496534107,0
0.36127964,0.10064956,1.4015006,0.3943419505318899,0.6909575451917677,0
0.33362105,0.08273903,1.7047688,0.41058590564303016,0.7595741755348007,0
0.6785903,0.056167547,1.0261551,0.5431729026154574,0.8747000838805512,0
0.09435456,0.08342889,1.5081118,0.5459913008799051,0.918671560824907,0
0.26419583,0.0836724,1.2272191,0.5488858057930446,0.9034228465993085,0
0.28791073,0.107915506,1.5129852,0.013030310777518971,0.04618600730375468,0
0.0108739855,0.015776588,1.3085665,0.042362708579467244,0.05182710342559569,0
1.9223694e-06,0.0019937388,1.54209,0.005245087509484133,0.04217072021523731,0
0.40696916,0.06353113,1.0348785,0.258513908629182,0.27580287687305693,0
0.0015773546,0.023580914,1.8422506,0.0004634781015060157,0.046872518925507485,0
0.93168616,0.050724722,1.1328003,0.9886964287069849,0.9987035001612685,1
0.08135075,0.05333948,2.736375,0.035340930519634446,0.08413695807039094,0
0.85711265,0.06662317,0.91446805,0.7414321002820214,0.9782972484591733,0
0.5468595,0.09776539,1.4983964,0.36621682890005597,0.6422291854402712,0
0.0010345613,0.0036466313,5.0,0.008027127770458073,0.08003462380129205,0
0.00014064122,0.008140414,1.4929919,0.000513382837865974,0.039137367707422134,0
1.1136648e-05,0.0010028185,2.3249,0.003413466172607574,0.05601281289696067,0
0.00010600498,0.006112383,1.3600181,0.0012641920788138777,0.035956067666742524,0
0.09078853,0.15573478,5.0,0.009604825877707506,0.08454725319855119,0
0.2837519,0.06964902,1.3509094,0.7692465738671008,0.9900501765170763,1
3.8679653e-05,0.0006630519,1.0635875,0.0003706160813011497,0.02666222963171268,0
2.5118907e-05,0.005399547,1.5593745,0.000865456140437788,0.04083783902936083,0
4.1113595e-05,0.00078781776,1.1764674,0.00038907975443475563,0.03029253285187711,0
0.8335255,0.14311706,1.2347132,0.9208146405919624,0.9977194889310012,1
0.0004721113,0.00909378,1.6816525,0.0005029246392401627,0.04346609642780977,0
0.34728023,0.15389025,1.4774445,0.4005916861853649,0.7184212678551528,0
0.042986907,0.029035488,1.8324817,0.031215063773595418,0.06302540292447932,0
0.0068912106,0.017952813,1.2120072,0.28215597950039134,0.3691582214248363,0
1.2303452e-05,0.001305256,5.0,0.0016348695872619215,0.07529319022257902,0
5.4426113e-05,0.056752454,1.0343204,0.00010432607832168555,0.02600100806582576,0
0.00040206837,0.008349882,1.9793602,0.001461976915254567,0.04965781280682205,0
0.8188131,0.16524346,2.4377959,0.9129920048062999,0.9986250654038099,1
0.7594844,0.048620366,1.267298,0.5412986187815843,0.899580937399315,0
0.61802655,0.047015704,1.3977108,0.79232750306859,0.9923941497389693,0
0.18247814,0.13054658,1.5784255,0.02257047434451709,0.05288622290312638,0
9.456148e-05,0.037986107,1.6902165,0.007420229536095123,0.04706643395267899,0
0.01484628,0.018455287,1.3324198,0.03220185001433163,0.047874325997184865,0
0.9946523,0.03041413,0.88464123,0.9997740162769432,0.9983337840487678,1
0.6056532,0.08143446,1.1556084,0.4479943256510561,0.7562074622210307,0
0.83495104,0.026892789,1.4128805,0.9553467616466851,0.9985737816642298,1
0.249424,0.119495004,1.3990877,0.06023003943006432,0.06790285122543327,0
2.2319708e-05,0.0005789903,1.1302559,0.00038477103948270856,0.028840053969087873,0
3.17323e-05,0.0112071335,1.9722791,0.0004941308763188458,0.049105265901166636,0
0.05875858,0.0556529,2.604057,0.0233934795809116,0.07333241490148593,0
1.130429e-05,0.00022674027,1.8179072,0.00019957228893410716,0.045995828009492944,0
2.0371033e-05,0.002343034,5.0,0.0011501773278054042,0.07496794395190778,0
8.542752e-05,0.0015274198,4.6608324,0.0072408087111253275,0.0778658146315389,0
0.00029828728,0.0008743352,3.9042501,0.0004770189460937631,0.06902981516791436,0
0.0012624388,0.0067298645,5.0,0.008307074924662919,0.08030986014165657,0
0.844825,0.043350793,1.5799556,0.5512521747326528,0.9256274604424145,0
0.4135412,0.11354191,1.2512176,0.2621112616393384,0.3381501066462616,0
0.46958026,0.0717958,1.3456429,0.10676357440217414,0.10031338476178366,0
0.00017389431,0.00092689646,1.1030749,0.00027067733734997677,0.027936268779223995,0
0.9999833,0.00018526716,0.81501764,0.9999179624328027,0.9980699146358477,1
0.9568387,0.030671708,1.1556007,0.9969384687503444,0.9988321086830368,1
0.6120981,0.07849199,1.3606972,0.3162774445993189,0.49258124501988493,0
0.49888816,0.044815004,1.1088351,0.6859219393612626,0.9708832116551014,0
0.0003157718,0.0045930236,3.7616804,0.0021366261001816403,0.06928334953963662,0
0.00013025446,0.0028853624,1.0353249,0.0002977695590567915,0.025707516536401923,0
0.5266836,0.09089573,1.226992,0.8140240122723515,0.9930352030933327,0
0.42671624,0.0637642,1.4169835,0.1679093340251477,0.180168729428749,0
0.005200835,0.009849595,4.524954,0.0225750745465611,0.0893619489838677,0
4.413091e-06,0.0009957113,5.0,0.0014006118376411914,0.07512012607420748,0
4.189188e-06,0.0054921648,3.585109,0.001750284017153133,0.06783052210405793,0
0.00023135883,0.00772931,1.0986828,0.0016300838160943085,0.028224598291332448,0
0.36506099,0.15321779,1.0027491,0.48044161365448235,0.7840765528326145,0
0.3356416,0.12771372,1.4723663,0.22357927801313843,0.29126878981950205,0
0.61138135,0.064292945,1.2127936,0.49626403776544903,0.8431124827992917,0
0.5375111,0.08216291,1.3344562,0.3778319938111013,0.6411748987005287,0
0.57857037,0.055686526,1.2513968,0.5023354715276172,0.8554447942808401,0
0.01742445,0.020762775,4.3311543,0.005834702778374416,0.0755592871922424,0
0.053782705,0.064072154,2.9365737,0.13697656622059395,0.21308197524934472,0
0.80585897,0.11701542,0.97884315,0.7626638425808836,0.984387893724768,0
0.75058573,0.043363452,1.5694406,0.36468913851404017,0.6458775506062319,0
0.47826606,0.050166305,2.0158827,0.23182391067942945,0.3639928462473207,0
2.252135e-06,0.00065218756,3.8827612,0.0015025430605430286,0.06957084722886409,0
0.13467577,0.036729574,5.0,0.005667485172841572,0.0790723188768738,0
8.918833e-06,0.001007873,2.4167027,0.0038533502540825113,0.05752641799111605,0
0.0062993453,0.0259543,1.3949792,0.009294669329528741,0.040152399648081726,0
0.19350892,0.06560642,3.257607,0.1530413943897555,0.25150933754619226,0
0.5417748,0.12989706,1.3412204,0.15515144424673583,0.15656896853786637,0
0.5575267,0.04615541,1.6749228,0.17889606339247419,0.22311027007097034,0
2.5496342e-05,0.002973655,1.8977298,0.005908407980209361,0.050250685759994,0
0.12796469,0.062393095,2.4288154,0.22019530879446936,0.3644493672404323,0
3.827391e-05,0.011089065,1.0470225,0.00020864869642737112,0.026138274125400804,0
0.023850305,0.033328697,5.0,0.09245658749974865,0.17256119036799938,0
0.009183483,0.0161364,5.0,0.0034354938187038326,0.07689037093104839,0
3.160878e-06,0.0015677235,5.0,0.0067285141057676695,0.07901649961359153,0
0.37173587,0.11708798,1.5339205,0.2830669670475087,0.4397697100680408,0
0.9988024,0.035052225,0.920998,0.9996412731533107,0.99843827456805,1
0.20062532,0.11103173,1.3382242,0.09074886790367803,0.08653291900189895,0
0.42695314,0.10611086,1.1893114,0.3097413287443055,0.43892223638785777,0
0.0056321477,0.045734502,1.3299599,0.009727386500356068,0.0386009844367208,0
0.13877432,0.075707965,2.3599343,0.0038447268648692714,0.05797004526029473,0
3.99246e-06,0.002387259,1.0980256,7.552696422882621e-05,0.027729057210338307,0
4.8006264e-06,0.0005923895,1.2316656,0.007949221442896793,0.03444824823115648,0
0.05889353,0.06550148,5.0,0.02318043168588579,0.09376756952102082,0
0.45883676,0.10081612,1.4610517,0.3795198716155744,0.6673654526829689,0
0.17316742,0.026607864,5.0,0.015065543920697878,0.08619989322101018,0
0.0010091171,0.009314731,4.9255176,0.03355610104159038,0.1012939075006681,0
0.44058228,0.121969044,3.159285,0.14576731834843287,0.2386750174360165,0
0.9999249,0.00056356203,0.8027213,0.9994907599573355,0.9980080667794881,1
0.7171161,0.06862858,1.0628723,0.6176707963602743,0.9404754800157513,0
0.096231654,0.12813818,1.1542195,0.031093648697092878,0.04155518332864913,0
0.26420158,0.1029597,1.1843218,0.34119365461841805,0.517167357417685,0
0.048707385,0.049942978,5.0,0.009605718901778252,0.0822515746291681,0
0.83968,0.06883666,2.865631,0.962011115257803,0.9992181649254623,1
0.0013165151,0.0047569512,1.8875756,0.0008881414121701747,0.04768598664853683,0
0.36041424,0.11778744,1.2025055,0.3611795119566702,0.5738663488210183,0
0.010647462,0.023280084,1.1999426,0.008892647109125622,0.03395048389206323,0
1.3811479e-05,0.007695421,1.0743505,7.619902754248466e-05,0.02699208023302866,0
0.48832944,0.088882044,1.1907904,0.6622005539173105,0.9666259731872835,0
0.59915596,0.03503574,1.8665404,0.8748583254774696,0.9974652913161403,1
0.8791257,0.06722299,0.9736425,0.8760462641301934,0.994962366554347,0
0.99995446,0.00024293688,0.8518714,0.9998347934806621,0.9982115229678764,1
0.49796686,0.114858426,3.6911917,0.1928987914388236,0.35170397557900274,0
1.4153385e-05,0.0020150396,1.1320219,0.00012253306051074222,0.028832150748436515,0
0.0001161146,0.0016143208,3.2383714,0.004003642829253135,0.06649003585444858,0
0.019125754,0.029075753,2.0833073,0.1291874016415856,0.16807543218816845,0
0.009404537,0.023425175,1.9587694,0.016809559302387936,0.0574487683635044,0
1.1870932e-05,0.0008826631,1.5460961,0.000681158116870747,0.04040310164068448,0
0.83111256,0.08575897,1.8537756,0.9813624257027219,0.9991582230832389,1
0.87756795,0.04595158,2.5065482,0.7295151376633322,0.9909024004146921,0
0.07744956,0.059938487,3.306272,0.14453103361070535,0.2360519852981329,0
4.972008e-05,0.015662344,5.0,0.01658384783753961,0.08700172650344927,0
0.15883459,0.19848906,1.4378976,0.11123904456398144,0.11430253164384822,0
0.73579353,0.17387478,1.482355,0.8246790016900456,0.9950296157178041,0
3.5553135e-06,7.796015e-05,1.4232292,0.001691108935654584,0.037736475581810563,0
6.758232e-05,0.0028501162,1.5005935,0.00018288720804367206,0.0391400081165599,0
0.35209733,0.08605608,1.0320654,0.48896204639512225,0.8020654130243337,0
0.48953938,0.109279595,2.3874,0.7064127727537429,0.9883077334149211,0
3.7366048e-05,0.0015710093,1.0266144,0.00019530347726099147,0.025375657265434715,0
0.00042071613,0.007979591,5.0,0.14467420064965797,0.26123828982042685,0
0.575493,0.050047424,1.2282038,0.8787496314978612,0.9963669343374962,0
0.003205046,0.0100451745,1.2078534,0.012414228156010815,0.03529588523895167,0
0.5078367,0.08366647,1.2969615,0.8431692357807107,0.9951330058426815,0
0.39902833,0.075544424,1.4295874,0.6270695684173316,0.9610154757802023,1
0.0038925163,0.006148529,5.0,0.026127702759509257,0.09487240832578768,0
0.7118354,0.08387469,1.1568758,0.8125361119053188,0.9924108252924639,1
0.70514804,0.055654433,1.4937818,0.8850838764385468,0.9972483670898088,1
0.34067488,0.07415183,2.6039631,0.20700063468653432,0.34413298781443835,0
8.042383e-05,0.0019139317,2.9802759,0.0006659228615859249,0.06209850270795988,0
8.7586064e-05,0.0031149536,2.8902957,0.008287826571359522,0.06588898227819193,0
0.00024304322,0.0011136079,1.4280515,0.0005388848971467442,0.037444413805346285,0
2.2940258e-05,0.0011377835,5.0,0.008105879002449863,0.08004160875194041,0
0.9999074,0.0052429577,0.9468736,0.9999398312186147,0.998496293874126,1
0.46875682,0.15842265,1.2668936,0.2120437662510337,0.23916054310067977,0
0.00072355237,0.00096528465,5.0,0.005093727199726797,0.07779388770367633,0
1.6851523e-05,0.0014385747,1.1769583,0.0005128917322748137,0.03035033442880861,0
6.712232e-05,0.00210757,1.0850695,0.00020648843142501825,0.027339598101486184,0
0.09184046,0.15618943,1.8033955,0.14785721032490867,0.1854546875916068,0
0.63310546,0.07902791,1.5601807,0.42001025360495753,0.7633309944974689,0
0.001114856,0.0030090464,5.0,0.010755333668718284,0.08210538412040326,0
0.741738,0.10720979,2.0876935,0.5615828760965845,0.946215821660301,0
0.99923444,0.0076151853,0.86035407,0.9993871861896868,0.9982368397004114,1
0.40261447,0.131947,2.1914062,0.8058450211484361,0.9955361079492534,1
1.814068e-05,0.0012024697,1.3170257,0.0003621151905474455,0.034411197868601036,0
0.07999373,0.0813237,1.5553062,0.0356930753935561,0.05844023440150558,0
5.764219e-06,0.0005661852,1.1463042,0.0002904893541958609,0.02932114756390564,0
0.22476386,0.1297468,1.2964735,0.09455339988911884,0.08729206233305695,0
0.053204644,0.0590267,2.9842737,0.3319137708742889,0.6679390455973894,1
0.5414945,0.06769699,1.3353416,0.38014615633485666,0.6458723524475983,0
0.0010409208,0.004390444,5.0,0.0067636505849828455,0.07910100676412861,0
0.5262752,0.066136435,1.1740941,0.8523777593435796,0.9949978609631415,0
0.049369738,0.042832606,5.0,0.0290051815824694,0.09839416899743199,0
0.6880636,0.052561853,1.555274,0.8752113051757789,0.997067499294418,0
0.00046334788,0.0021920293,5.0,0.002652203686647182,0.07604047968998036,0
0.0005445147,0.0037667002,5.0,0.08714409999837434,0.16374688047733685,0
0.10724622,0.039346743,5.0,0.01622593271744766,0.08735199692627507,0
0.002511909,0.004401615,1.4515791,0.024840969493145498,0.048333078352919744,0
0.5159978,0.093025886,1.459949,0.30893619513555226,0.4926046096013804,0
0.020841464,0.046759203,5.0,0.021118285412356202,0.09150757446765034,0
0.76790226,0.055289913,1.0229529,0.6158293779889846,0.9361187841029145,0
0.0018715468,0.011825578,5.0,0.02356855573855234,0.09277355290200844,0
0.00055291306,0.002751165,1.110047,0.00038363600270261236,0.028207753599630864,0
0.00020488535,0.031944018,1.3469039,0.0006803274235992209,0.035638502986153286,0
0.5848319,0.065109186,1.2316344,0.8539642185536283,0.9953559682443787,1
0.013002792,0.027382609,1.5762516,0.039558998908134566,0.060459604133043264,0
0.11693419,0.078756265,1.7035613,0.20483465804943943,0.27606634765534543,0
0.17673199,0.023283416,5.0,0.10233808786125964,0.18740595099438137,0
0.011769598,0.018688124,2.257313,0.06454003516634184,0.09873164595707082,0
0.3274657,0.15521,3.90329,0.005546504604970964,0.07569611404855238,0
1.1413883e-05,0.00025726264,1.0808887,7.552696422882621e-05,0.027152962592303216,0
0.93923897,0.049251076,1.2514493,0.9970741591002175,0.9989459659326906,1
1.4687949e-05,0.0035068945,1.1839418,0.002727313076481765,0.03126298189087766,0
0.578701,0.039177712,1.1307888,0.4720438477828935,0.7922989559854198,0
0.18300419,0.10828927,1.2173902,0.6147356189042579,0.9482023995807441,0
0.68433976,0.04517312,1.306377,0.5869622924481516,0.9366196825628601,0
6.3826825e-05,0.022631627,5.0,0.00015723589129730293,0.07465437273759438,0
0.0009966808,0.0035083871,5.0,0.0033497485773813867,0.07657095835087796,0
0.9998443,0.0019476371,0.88342744,0.9996986189981479,0.9983155744070616,1
0.80936676,0.052017953,1.2819991,0.9752316644318146,0.9987163701994264,1
0.23279953,0.08119299,5.0,0.21223547149897393,0.41989557427939794,0
0.13001779,0.021402095,5.0,0.0908764454896024,0.16999741472392635,0
1.7244807e-05,0.00017944799,1.8270367,0.0008210872392782924,0.046452408069351046,0
0.051870447,0.061623607,1.2460006,0.020371183602399475,0.040133670559568055,0
0.99994254,0.0027526966,0.7559687,0.9992999760412674,0.9977694843981374,1
0.84281707,0.099305965,1.8376898,0.9345950295068465,0.9986369733848942,1
2.0019212e-05,0.0008230977,1.1982367,0.0008899401681007294,0.031113830116991655,0
0.22924662,0.046390474,5.0,0.32471289898795797,0.6943137610742348,0
6.538515e-05,0.012582968,1.4694246,0.005899111280527912,0.04070243774744921,0
0.90254587,0.06603064,2.5321758,0.952545167474929,0.9990791494939399,1
5.973649e-05,0.002959669,5.0,0.0006081024725695428,0.07459529144307649,0
1.2341928e-05,0.00034242278,1.8642558,0.0025585852084991745,0.04797040422633174,0
0.802418,0.12318023,1.1286664,0.9659188240745191,0.9983852083761223,1
0.00022884988,0.1760351,1.0145499,0.02477645104153692,0.03342463062044755,0
3.4858018e-05,0.0019598494,1.5409408,0.0026937692565883425,0.041098528988893455,0
3.3717217e-05,0.0026788935,1.9526132,0.008322416912179964,0.05250226709993228,0
0.99552417,0.028779252,0.93274415,0.999806709341414,0.9984688226253438,1
0.7050429,0.08119486,1.3529842,0.8097664192937973,0.9934800274649871,0
0.9999604,0.00035922532,0.8614691,0.9997636466703522,0.9982439303097904,1
4.9100614e-05,0.0015225218,5.0,0.00032284232283341283,0.07436606406547297,0
0.75124013,0.0579009,1.155239,0.8569004893134257,0.995130296999927,1
0.13684388,0.030089334,5.0,0.11442155698182332,0.2072292993528002,0
0.0007846929,0.0017584623,5.0,0.008651531782360241,0.0804681269212748,0
0.056592833,0.05459528,2.2008038,0.030681171324638237,0.07145855070038357,0
2.6637827e-05,0.0006195289,1.7090456,0.002885029249204599,0.04498416033631861,0
0.7594321,0.044604708,1.0183411,0.644730126198139,0.9512711019295537,0
0.00037733832,0.001935904,1.5147477,0.0005318105562678173,0.039608316280963785,0
0.29480574,0.07926363,1.023676,0.30002512425103817,0.3653374511753506,0
0.0006471025,0.004659627,3.50354,0.00021836071963619505,0.06624368070731715,0
0.11431169,0.18801814,1.7428945,0.04933484775264812,0.07524006076053429,0
0.004201767,0.010403323,3.754599,0.09718938535353358,0.16490628770674404,0
0.16319108,0.09276266,2.312836,0.4048522388085542,0.788554338922843,0
0.47200337,0.13392408,1.6123978,0.05192713376087762,0.07176232701040905,0
0.0001294801,0.008961972,1.9762671,0.00047107337159403996,0.04913456647870792,0
9.74635e-05,0.003805631,5.0,0.009634849553610115,0.08125918121146572,0
2.7653903e-05,0.0010313513,5.0,0.00042412143550998665,0.07442813644127995,0
0.097321354,0.06510607,2.3733327,0.19106965312375337,0.2955851862869918,0
0.21472323,0.06466246,5.0,0.1301149827017979,0.23683832190064288,0
0.026699282,0.08103609,1.2753716,0.013242832344521734,0.03857777883470651,0
0.0016624279,0.006091414,5.0,0.012081251817525512,0.08320186993044866,0
0.9962368,0.023370832,0.92392814,0.9998487053659746,0.9984442587932165,1
0.64655197,0.09972687,0.9917252,0.5263083437224535,0.8497632904964075,1
0.4627431,0.16290247,1.4148282,0.6920746094948109,0.9798848735236867,0
0.8468703,0.06529397,1.7542295,0.8890214621163092,0.9977223430576266,1
0.9999548,0.00047928412,0.8626026,0.9996766167756884,0.9982463104943294,1
0.17184423,0.02333254,5.0,0.024468289621935268,0.09402419192781797,0
2.045396e-05,0.015426921,3.5335507,0.008098535010390696,0.07185352189833268,0
7.360882e-05,0.003989341,2.8452587,0.0016370761100598795,0.0613678145530677,0
0.11249367,0.11949086,1.6853888,0.001025596963591394,0.04514103936301313,0
0.000479943,0.009105142,2.1923041,0.0008980524674065408,0.05285565709703737,0
0.06408336,0.07659565,1.2057452,0.17356645977873827,0.16268511575468805,0
0.7648278,0.077374585,1.1020291,0.6426855276123703,0.9555613335430603,0
3.0578067e-05,0.005139823,3.5851758,0.005698620393010289,0.07042968919868568,0
0.47376552,0.06922194,1.4919773,0.8334364709923255,0.9953333919444991,1
0.6069736,0.101793155,2.3062742,0.627266898940145,0.9734970373838312,0
0.7586886,0.066608675,2.2135227,0.9208936342541686,0.9986144435785035,1
0.24586469,0.18346341,1.1455854,0.09731170541994784,0.0793408127081826,0
0.03429068,0.07407278,2.5450027,0.01884701433880852,0.06969569539175645,0
0.040877372,0.08180345,5.0,0.009522467494364988,0.08285076646960507,0
3.7123302e-06,0.021532334,5.0,5.0789090364498156e-05,0.07455782393290337,0
0.427173,0.09036654,1.1689458,0.0973952888984499,0.07954482884499517,0
2.2386643e-05,0.0014341052,1.915418,0.045462097555965586,0.07398991697327764,0
0.7883122,0.24011528,1.4926913,0.059317355726473425,0.07429313899539869,0
1.6834016e-05,0.0009212136,5.0,0.0004954454171317773,0.07447640810409532,0
1.3942295e-05,0.0013044688,5.0,0.010220405616162841,0.08165621747044881,0
0.62714165,0.08235607,1.6011816,0.48370886727690043,0.8639959045634046,0
0.32996514,0.07487384,2.4835193,0.06042467569075294,0.10202729231308456,0
0.1724501,0.026450204,5.0,0.05514404587046516,0.12454852040593095,0
0.0016400089,0.0065953326,1.3161055,0.0079461370552074,0.037117616419320695,0
0.37094015,0.109788224,1.2158089,0.2322644402902313,0.2663807145976151,0
0.0010880672,0.008976452,5.0,0.005378711867374704,0.07816475642452124,0
0.0011094825,0.007270929,4.132867,0.00026371116442853955,0.07033970058799668,0
8.2583065e-06,0.0006663259,1.1285963,0.00011224083377055666,0.028709765470156294,0
3.9737788e-05,0.0010866276,2.1432366,0.011162928472280828,0.057429266030479945,0
0.22149085,0.07226704,1.8384421,0.3625026027048233,0.6714761336075374,0
0.13537018,0.027977202,5.0,0.05321952764222342,0.12240360986676509,0
0.016795503,0.013864855,1.8585957,0.004059787333764968,0.0487534526412893,0
5.748295e-05,0.0008973291,1.8846201,0.010183844041287284,0.052092187251805006,0
0.8107324,0.04155464,1.2380542,0.938834362622276,0.9980547556345136,1
0.31082723,0.09698197,1.4053305,0.769527872715449,0.9905547143313905,0
0.99948704,0.07244997,1.3872112,0.998331108757542,0.9990779230620116,1
0.00028563966,0.0066248765,5.0,0.0014172921619318244,0.0752412866061097,0
0.99967384,0.0021991457,0.8955315,0.9997563043782055,0.9983536538807363,1
0.051460367,0.08838365,2.8769546,0.13192240915213946,0.20394908677399534,1
0.99943703,0.0010457663,0.99602944,0.9999454772632425,0.9986043280032033,1
0.5722369,0.14847232,1.1672487,0.9539708141226276,0.9982578270391725,1
0.39172825,0.14526233,1.9258289,0.16987694892453178,0.23117389061230115,0
0.1792544,0.08698865,5.0,0.10342234185839443,0.19184585271181986,0
0.02280167,0.021573605,5.0,0.02468670488747648,0.09399847458328976,0
0.040789884,0.053172417,1.2034768,0.010661596138676241,0.034963015777880704,0
0.9994992,0.013358689,0.8126263,0.9996160899325637,0.9980608724522322,1
9.4871275e-06,0.00081362634,1.7143357,0.006234458814103308,0.046601756908639394,0
0.16151765,0.045271397,5.0,0.2770030574750932,0.5817396920593008,0
1.2647576e-05,0.0009790852,1.0987178,0.0003056508665035821,0.027804696372037797,0
0.3773287,0.08141359,5.0,0.013306995051341471,0.08620319431411902,0
0.00051387376,0.007742494,5.0,0.013943747506906246,0.08470467073074464,0
0.025544489,0.03630356,2.0063868,0.118143773894047,0.1496661143007011,0
0.066988036,0.028481321,5.0,0.08517909180195422,0.16206262094918836,0
0.09490322,0.053827975,1.5281427,0.017345821288473492,0.04780089426291862,0
0.0066939862,0.014996699,3.432953,0.10446021963316614,0.1704299277571376,0
0.22386613,0.09396461,2.2534244,0.07484765369491558,0.1107666239766744,0
0.008242094,0.017228298,1.1583583,0.0012415788068823495,0.03012004087612941,0
0.0017335345,0.036974184,3.7016647,0.00045861671340864516,0.06835830161261187,0
0.93905413,0.14055236,1.1503607,0.9957234097382065,0.9988462153513027,1
0.610065,0.055916276,1.1909122,0.8798284137634739,0.9962793934943092,1
0.95433927,0.041409034,2.8798962,0.9696002214536517,0.9992740868444078,1
0.23774536,0.10608202,2.237939,0.8472352267721803,0.9970879607918367,1
0.9898465,0.038721185,0.8335342,0.9992302123485356,0.9981513143689639,1
0.2657029,0.0952801,4.1855626,0.08802273314877058,0.16123766816007065,0
0.9992173,0.011041675,1.5213872,0.9990108677381728,0.999150711310717,1
0.16906388,0.029203167,5.0,0.00827979041274202,0.08092420699722648,0
0.00020614888,0.0013559316,1.2239754,0.00043926193431293635,0.031754601207111925,0
0.29198876,0.09540643,1.4284701,0.41861643831338047,0.744725379641535,0
0.032433175,0.030807052,5.0,0.03306008890084637,0.10181667131761575,0
0.021949636,0.05014924,1.100998,0.12057797006275342,0.09076077293636114,0
0.6900635,0.19055812,1.2045126,0.08712508661293862,0.0768734809093946,0
0.015183536,0.016295003,5.0,0.029146393136623372,0.09782669588572339,0
0.64478475,0.08030626,2.3578115,0.31915767358354696,0.6112810470928454,0
8.7698145e-06,0.0010419267,5.0,0.0020419097334794904,0.07557916600663,0
0.9990276,0.011254844,0.902994,0.9998588657869972,0.9983813317518473,1
0.034307525,0.050097827,1.3290066,0.029666838985113297,0.04698361296219815,0
4.4638086e-06,7.6892145e-05,1.9475929,0.0008914503350104283,0.04871589224428557,0
0.019471545,0.028305134,1.4647628,0.010217043905043166,0.04252766136443246,0
0.23745154,0.090993695,5.0,0.08290234324914736,0.16157581107653254,0
0.4779482,0.035395376,1.0634878,0.8525105632052777,0.9942695499961666,0
0.22188744,0.18070571,1.1668568,0.5151019059521154,0.8646652049928988,0
3.186535e-06,0.0057313065,1.0355371,4.58960078320032e-05,0.025669871354153346,0
7.721148e-06,0.0017577907,1.546534,0.006433062942167417,0.04277360876088835,0
0.13998318,0.047179256,5.0,0.2756314997172494,0.5783711762712507,0
0.07387425,0.1040262,1.1654217,0.055357622148294997,0.05292968870011667,0
0.6540578,0.056660842,1.2038386,0.4748659779929783,0.8102608995331175,0
0.9999802,0.00011154281,0.8220295,0.9997162898173165,0.998095040835558,1
7.2806847e-06,0.0019573495,1.1163719,0.00013583637931184874,0.028335540812338203,0
0.9997905,0.011986951,0.96404064,0.9999336358285021,0.9985394416017263,1
2.3828106e-05,0.0038919623,1.1497136,0.0011988602213498067,0.029722301333352855,0
0.5900389,0.11358654,2.858881,0.3526562604950953,0.7135687515453818,0
0.9968809,0.010826772,0.8497569,0.9996517979400893,0.9982057683857876,1
0.036265776,0.030034492,1.5094494,0.03142352541941758,0.05382965127579318,0
0.31474817,0.1536436,1.3853484,0.5948132827509751,0.9459454794525061,1
3.857702e-05,0.0005326729,5.0,0.0035761388957450606,0.07667563080483919,0
0.99949884,0.011438359,1.0422271,0.9998408023924812,0.9986940402302259,1
0.25613162,0.0923498,1.0399268,0.2233635503096193,0.21198059514150167,0
0.024667718,0.025745407,1.2922026,0.006016355739013517,0.03590157404925699,0
1.0500181e-05,0.001667548,1.0927461,7.552696422882621e-05,0.02755173084733402,0
0.999948,0.0006960757,0.8483706,0.9998557068746465,0.9981995171911451,1
0.04462661,0.06423136,1.122871,0.41366211094680777,0.6749742078275001,0
0.095941074,0.050345033,3.51587,0.011450399611888542,0.07479839215301895,0
0.59995973,0.21469726,3.877871,0.13395133627765918,0.2372501326558323,0
7.2348244e-05,0.14585242,4.1262,0.009415590211531514,0.07946555136034925,0
0.15797639,0.026205476,5.0,0.026169059846681785,0.09557292300659607,0
0.5846282,0.0957323,1.9303586,0.43465883212716794,0.8181596648119828,0
0.19705234,0.10477016,1.3227503,0.13818638537932101,0.1318366537915832,0
0.0156657,0.02487117,1.9498554,0.054720635771691076,0.08227178986645656,0
0.18240847,0.104710266,1.611653,0.16100744028830904,0.18938793659311676,0
0.0694515,0.13495916,5.0,0.008009063887900944,0.08282637662581242,0
1.5002557e-05,0.0009463064,2.7590735,0.00020933849840606807,0.05958100582445094,0
0.16001338,0.022480976,5.0,0.028871163178181124,0.0979056521904917,0
0.7187062,0.05865912,1.2111841,0.28561428677161593,0.3822404356751877,0
0.02347729,0.01999356,5.0,0.009628977848280271,0.0816159945904969,0
0.81210965,0.08439592,0.9813437,0.19321669580675727,0.15444286897870463,0
5.193334e-05,0.0013718632,1.6199242,0.007829818623751822,0.04516093948846796,0
9.274408e-06,0.00027824938,1.4516343,0.00018288720804367206,0.037903190864219935,0
0.0460274,0.04094486,2.284775,0.22026982039716017,0.3543021873073572,0
0.0152605185,0.056631804,5.0,0.04253485317591834,0.11173963547749234,0
0.59172237,0.038628805,1.520151,0.6420613535503495,0.9680623300028308,0
9.273364e-05,0.0024315943,5.0,0.023489241375437314,0.09248325593076884,0
1.5660728e-05,0.0006133141,1.3144593,0.000141352558866552,0.03425923753792291,0
0.848088,0.043005086,2.0309854,0.46695388958870365,0.8654522322976973,0
0.16805974,0.0804079,1.8718743,0.5653922159151346,0.9432615788559509,1
0.00015432246,0.0017474457,2.152602,0.0006980941814164088,0.052043785474252514,0
0.63052255,0.057606403,1.334479,0.8068978834933695,0.9931350203449366,0
4.030996e-05,0.0013534081,5.0,0.00021883081445005502,0.0742894366728537,0
0.0021196976,0.012058481,1.6657878,0.008041433213764113,0.046467359880532653,0
0.16975246,0.066294774,2.4161499,0.04059448673141847,0.08323749427137973,0
0.79891336,0.10354689,2.1010761,0.9190094537158493,0.9985527383688878,1
0.113473445,0.02920397,5.0,0.058922988697086294,0.1288302487654589,0
1.0774296e-05,0.0019118766,5.0,0.00013256580743953284,0.07423929034429677,0
6.0809616e-06,0.00089833274,3.3210661,0.015827904384515434,0.07518246438914164,0
0.46801513,0.11468167,0.9942895,0.5001392090892886,0.8130427922764193,0
8.028171e-06,0.0010795606,2.7799232,0.028001408894874975,0.0779862106088313,0
0.0007921458,0.0054679564,5.0,0.01341828412853306,0.08423929553335953,0
0.0040206714,0.027481182,1.0850474,0.0028683069234588694,0.028269034675023036,0
0.0035859682,0.033932433,1.0319618,0.0039552304264973285,0.026770784914046917,0
0.5592224,0.06526951,1.5945997,0.9605988412953373,0.9988060826475723,1
0.24160153,0.06460577,1.3800136,0.15052533286344463,0.15145204810311805,0
8.009442e-05,0.0017627198,1.1117846,0.00014191300600811167,0.028188208470063765,0
0.026542803,0.03320012,5.0,0.07507985510193754,0.14858309590338875,0
0.37455016,0.101545155,1.3358529,0.21658349199922078,0.2556636357250172,0
0.0020217213,0.027036203,5.0,0.010115693331844273,0.08211633210187085,0
1.4442032e-05,0.000585427,1.9993937,0.011607418553915888,0.05507312283596061,0
0.00018111838,0.0030723317,1.1832868,0.0027248272126552875,0.03123803317929471,0
2.3675282e-05,0.00038045397,3.4267323,0.00031215628570583845,0.06565598323219475,0
0.99938977,0.010249889,1.480848,0.9985049081096116,0.9991234964370501,1
0.5221651,0.23909716,1.4131838,0.02022204968311075,0.04823839714045428,0
0.063559,0.25831074,1.1105368,0.004121006492837497,0.031413312175793275,0
0.39161113,0.10312496,3.6018233,0.30329316057804057,0.6238416018312765,0
6.797644e-06,0.0014510185,1.3895181,0.007292481120916624,0.03895443425497662,0
0.5431449,0.074035875,1.4623182,0.5105527793431337,0.8843646461528399,0
0.5140687,0.06648029,1.4690988,0.9278222648659873,0.998194412820437,1
0.7338809,0.18398367,2.060401,0.19147697809461348,0.285894029452839,0
0.46377182,0.080260225,1.5470227,0.8731556345240097,0.9970041436514605,1
0.0004989376,0.010724292,1.8188225,0.0011023128040791442,0.04655141288168071,0
0.42962968,0.09972613,1.36962,0.7433179056272666,0.9873756653310778,1
0.19912218,0.22400025,1.1753752,0.10054494020127341,0.08507016841260988,0
0.24286523,0.109303795,1.6279583,0.27811689615592133,0.4397833734557887,0
0.2807542,0.074610054,1.5651176,0.1362801222953501,0.14913632110806085,0
4.670231e-05,0.0026048354,4.29746,0.0029215800228034315,0.07296105626357803,0
0.00028190744,0.0011261264,2.3278642,0.00081301794564028,0.054662614125418674,0
4.5440893e-06,0.00063108373,4.2847095,0.001256998069389642,0.07171126800306285,0
0.031790625,0.021910366,5.0,0.14365656421504247,0.26005831423881093,0
0.89298344,0.062287815,3.1619058,0.9695645204734091,0.9993092125502196,1
0.00086259755,0.004150823,1.798417,0.002391084077705485,0.046654429648142794,0
5.6463196e-05,0.013547284,1.2766234,0.0004016448350011495,0.0333928322001809,0
0.006862075,0.015566335,1.7945304,0.02174772812279559,0.05640060323619312,0
0.31343988,0.10804271,5.0,0.055689461961881244,0.12788521664242483,0
0.58110166,0.14365722,1.1335349,0.31179549755167674,0.432403427062116,0
2.9737586e-05,0.0075213634,5.0,0.0012939752704294078,0.07517046334524992,0
0.57771957,0.040406752,1.2326573,0.2589065038211493,0.3230010129480164,0
3.5819772e-05,0.0012301857,1.5286696,0.0004252583894948542,0.039892607390474205,0
0.4319006,0.119047485,1.3112149,0.2986307898500338,0.4397612199429285,0
0.28480172,0.0832006,1.7390404,0.34262996661874223,0.615339287398065,0
0.9999758,8.830084e-05,1.029726,0.9998325619409141,0.9986674599647007,1
0.00015002397,0.0019444064,5.0,0.010769359432639314,0.0820928773599652,0
0.99764025,0.0074939243,0.9118069,0.9996874321240654,0.9984017877800131,1
0.007892126,0.054258596,2.9179206,0.009497605478780174,0.06785558173244895,0
0.91940075,0.046188094,2.5138044,0.983319740082745,0.9993217756118646,1
0.00036581347,0.0276031,1.644426,0.0015952990655601236,0.04333245928607316,0
1.8974375e-05,0.00405122,1.2849967,0.008224264529882007,0.036247510339923586,0
0.0028627696,0.013844357,2.9227116,0.007371910731122582,0.06584063145236091,0
0.00020786782,0.029438384,1.6432635,0.033736600307639586,0.059239297031910894,0
0.9750841,0.05365446,0.9525509,0.9994709842724323,0.9985223195730333,1
0.0552459,0.14743356,1.1937686,0.0005589328105246329,0.0321445462376808,0
0.0042090616,0.0099676,1.207009,0.012508953210104234,0.03530001570383008,0
0.098876946,0.18290131,2.3083315,0.07641044498289264,0.1162414678832708,0
7.833817e-05,0.00035941094,1.5173581,0.0008497453905319289,0.039778631924902136,0
0.27128738,0.08819324,1.331982,0.35880008905241445,0.594189212698127,0
0.00032606313,0.003176633,3.0909884,0.0010480987673232081,0.06337728819188189,0
0.123852454,0.07401825,1.2476656,0.005950893578664733,0.03501150008130539,0
0.004108979,0.01280967,3.683284,0.017180245829590456,0.07948360113870803,0
2.753175e-05,0.013428891,1.0402234,7.873927350665353e-05,0.025891046447954282,0
0.89922166,0.04492547,0.9666041,0.9073094845933461,0.9962771081756193,1
0.95883775,0.047578633,0.94967526,0.9998134645137277,0.9985178479820288,1
0.7798425,0.063332506,1.0224583,0.8513530824131132,0.9939487422640515,1
0.8312558,0.07789316,2.4036915,0.13103501653099153,0.1880722936459629,0
0.18646213,0.033904266,3.8518808,0.1063503447804037,0.18102789602953304,0
7.423326e-06,0.000953783,2.7476168,0.00020933849840606807,0.05945811496638105,0
0.0064847944,0.02555484,2.685447,0.01409431601213674,0.06760199691132752,0
0.07176906,0.062847644,2.6345422,0.17282022424569204,0.26977315663947826,0
6.865157e-06,0.00018254235,1.3366535,0.000141352558866552,0.03486809244700538,0
0.06433624,0.04790777,1.7433556,0.047979408634758074,0.07160875112461469,0
0.1961132,0.101169616,5.0,0.031057367185579724,0.10193685326774257,0
0.71643144,0.0621871,1.2201433,0.608862443122564,0.9450181516931587,0
0.13922732,0.021775888,5.0,0.15870314225414145,0.2911219718354917,0
1.1166127e-05,0.00031930956,5.0,0.0029477026139455575,0.07621646561601683,0
0.14360872,0.09480978,2.8147526,0.1434086177574108,0.22233216184593743,0
0.016037934,0.056802742,1.144271,0.008533973399921617,0.032247618527864105,0
0.088524766,0.056602485,5.0,0.001053490902278502,0.07603855189218993,0
0.5746532,0.077032804,1.4130887,0.2696918956255084,0.38493464170671143,0
0.9999739,0.0005026158,1.001759,0.9998969904406175,0.9986150298498628,1
0.23480785,0.11870918,5.0,0.03179405511726589,0.1031304482581682,0
0.0013336901,0.0028791248,5.0,0.009047478935846686,0.08079278072964519,0
0.007578765,0.024028575,3.5374756,0.023802811609678735,0.08358715353469857,0
1.0696846e-05,0.00019980044,1.560626,0.003669165862295892,0.041950733405324375,0
0.12776452,0.07280834,1.2999183,0.0448720051659974,0.0536163425951402,0
0.8034055,0.06755544,1.4678016,0.8248011032632842,0.9948424530015799,1
0.41272104,0.07419134,1.2424923,0.0973933647704151,0.08473810708244457,0
5.210469e-05,0.003202993,5.0,0.005396956222003031,0.07806141507296942,0
0.9999918,7.570299e-05,0.8046586,0.999890102823426,0.9980245397125846,1
0.07041657,0.18237182,1.1354562,0.03920265708904947,0.04473594275628738,0
9.637966e-05,0.0102202585,1.075824,0.00035956290208048936,0.02713594146568177,0
0.00030186682,0.00118197,2.373717,0.0009007173402559836,0.05533725957790942,0
3.3854605e-05,0.00039784884,1.3206601,0.0003602235395516099,0.03450418546257404,0
0.5656575,0.1585021,1.5257586,0.8534915022932207,0.9963739872057517,1
1.0433086e-05,0.009212359,1.3091546,0.003386418543373954,0.03530618248100098,0
4.3660098e-06,0.0008736094,1.0502367,0.0002977695590567915,0.02619735373262843,0
4.8147067e-05,0.0025185277,5.0,0.002208462917992975,0.0757273859367912,0
0.30907026,0.059057917,1.0499829,0.3417652288833042,0.4764856797041146,0
0.20574078,0.120395325,2.2154644,0.751337503366417,0.9922296180034801,0
0.0023221215,0.012562347,2.4805255,0.0037558477940749196,0.05849524909214602,0
2.0132555e-05,0.0020948949,1.4866679,0.0033120002421834042,0.040006459825514935,0
0.18756713,0.1486029,2.2308867,0.018920552310304015,0.06610036188375978,0
0.008002192,0.017971804,5.0,0.021474406131949446,0.09113065190438364,0
0.088833794,0.08005638,1.7231343,0.2631026467689854,0.4117036682801728,0
7.0125156e-05,0.037613828,5.0,0.01594224214344738,0.08696478477357132,0
0.0025402072,0.008121792,5.0,0.010441355552136688,0.08197164152678935,0
0.525544,0.10550082,0.9932371,0.3727077008325314,0.5399017261562458,0
0.00010950493,0.0032860362,3.9740493,0.00058814004492512,0.06956831858897974,0
0.015513367,0.05394832,1.0786146,0.11994020870798432,0.08807603637053527,0
0.7820353,0.10539705,1.3060439,0.18518807923732372,0.1964377368440745,0
0.013674846,0.045785487,4.112685,0.1417167672791421,0.24565992240158144,0
0.22167231,0.09206225,1.3889734,0.17606374000606487,0.19042881516124294,0
0.0074122557,0.013560034,5.0,0.008736043332136836,0.08078274755902502,0
0.7185293,0.0689045,1.2939174,0.9141836432309008,0.997635239197316,1
0.6557174,0.062873214,1.1779604,0.24088459660761413,0.27443316392742684,0
0.56279016,0.15017791,3.670763,0.6110295729166878,0.9755019834097316,1
0.013822248,0.04799616,1.6396339,0.0035331382221521802,0.04430236630322463,0
0.56517607,0.11645972,1.1347483,0.3245237181023689,0.4630766628882921,0
0.059647772,0.07274873,1.198345,0.0369137115432389,0.045297106258821454,0
0.3735091,0.044449933,1.0570973,0.21183468126828722,0.19462158778650077,0
0.061549805,0.04065309,5.0,0.03264379334336936,0.10171377360843299,0
0.9540879,0.09663159,1.2589406,0.9749046185031252,0.9987038623728437,1
0.33281678,0.081586204,5.0,0.6671664074998873,0.9871693222922044,0
0.089499824,0.08235269,1.3425202,0.4704770674537358,0.822130775827659,0
0.1341561,0.13710922,1.3685985,0.12115514207500079,0.11769043889247077,0
0.07486748,0.040310178,1.5351459,0.020891084370789396,0.04949706977236072,0
0.06928867,0.03749432,5.0,0.05017790145791341,0.11927538824863018,0
0.0025115125,0.009242377,1.7925879,0.040096880036513335,0.06712125271986101,0
0.08563971,0.0775811,1.2863612,0.04900027536533005,0.05522646801793107,0
0.5577337,0.059564874,1.0245401,0.8063117462399821,0.9904191563035404,1
1.2660309e-05,0.002841063,1.1461211,0.0003740334236588031,0.02935781818262087,0
0.0020246743,0.011733655,1.8846579,0.002441037214964555,0.048449340392698485,0
0.08115327,0.109150216,1.60905,0.024451576258161405,0.05438178612974629,0
7.5262456e-06,0.00034348885,1.3294538,0.000141352558866552,0.03467189622787001,0
0.5653311,0.060180552,1.0777916,0.27452965842669486,0.32213665288857557,0
0.9191166,0.14030592,2.6459951,0.9871300439587378,0.999382693264403,1
0.9422044,0.038273834,1.7769201,0.9709628148360041,0.9990199240144121,1
0.9978023,0.01866635,0.8972468,0.9998174567566996,0.9983672255376125,1
0.003411331,0.009475826,5.0,0.011025275579785589,0.08245276218897075,0
0.36858588,0.114761144,1.3002226,0.24358766956798092,0.3061956201667033,0
0.036025647,0.055970907,3.373894,0.32005097747663935,0.6530373875633703,0
0.00010813016,0.02201942,1.0120944,0.0013706007632713283,0.025312127895600833,0
0.29867762,0.070618704,1.3884528,0.38718951569697074,0.6709061890477641,0
0.002358588,0.13806604,1.175436,0.01642253341368576,0.0368088906570219,0
0.2618306,0.15190867,5.0,0.008549355651865594,0.08381228399359841,0
0.89528257,0.09150338,2.0828755,0.960005587795272,0.9990412496832991,1
0.39862314,0.17198208,3.7675304,0.4868250638364551,0.9186984058345351,0
0.0025269578,0.011023784,3.2207968,0.03360714901312994,0.08801223444557109,0
1.22438405e-05,0.009564785,4.211105,0.003268062979462343,0.07286321255997251,0
0.00030184843,0.0010128524,2.9738493,0.0008527351439261079,0.062134232738230655,0
0.10741155,0.06361714,1.1944143,0.018241450635333695,0.037489106693626574,0
0.5166038,0.10848155,1.2363541,0.7917418925406786,0.9913812218766113,0
0.89799637,0.052286606,0.9747947,0.9200209290011825,0.9967780324384424,1
8.245274e-06,8.039608e-05,1.5344986,0.012630711101727046,0.04511350509192714,0
0.99919015,0.013067694,0.9148376,0.9997999907520458,0.9984145187780785,1
9.718315e-06,0.0027282722,1.090625,7.552696422882621e-05,0.027490378285467864,0
0.28412354,0.07833257,5.0,0.30449173684796144,0.6508265677947374,0
0.9748473,0.090943485,2.5187192,0.9737285720044279,0.9992623956655968,1
0.006587231,0.012878081,5.0,0.025593960183963378,0.09456701005279333,0
0.92339516,0.029332185,1.4384199,0.20388433028047673,0.24346257581204475,0
0.6317729,0.055236418,1.160958,0.8875033620347417,0.9964506897944985,0
0.0003205775,0.0062053776,1.8467942,0.0004126075349300945,0.046719247206448294,0
0.06363087,0.08022652,4.230622,0.07301418289879713,0.14109619930632647,0
0.0074679353,0.033770755,1.2408092,0.15053040870067996,0.13549561078190656,0
0.12855624,0.0403167,3.6554837,0.08758621242610402,0.15173056380673722,0
0.12160657,0.08510974,2.1469417,0.2592230161967765,0.44317585583791264,0
0.5662701,0.06556545,1.2482497,0.4188750721621021,0.7154160662986946,0
0.15886961,0.07905552,1.0646118,0.30043553763419334,0.37862732421981427,0
0.0049727997,0.017487207,1.2307767,0.079492577576275,0.06941323806892268,0
0.1884793,0.08460504,1.2831005,0.08197296865201921,0.07579426892648806,0
0.08153532,0.05820216,1.953986,0.3783324625871742,0.7146560738882125,0
0.00055489386,0.013643686,5.0,0.008363196529700094,0.08049405156803405,0
0.2710699,0.05910968,5.0,0.19725537383279781,0.38167929123552546,0
0.018352415,0.038261805,1.8974392,0.008345552805895003,0.05194526610857727,0
0.00017064564,0.0028259603,5.0,0.010242464339785757,0.08170512841729068,0
0.03280484,0.08579795,1.1979724,0.12516073337266814,0.10523054249048425,0
1.6841546e-05,0.00033783086,1.9311638,0.016446239026124194,0.056327735581230706,0
0.00046567695,0.0053740456,5.0,0.005686862308180561,0.078319660630856,0
0.0076265247,0.017559024,1.4044038,0.32567893239061463,0.5186630568378034,0
0.05525864,0.06275655,1.3252347,0.012067492827215042,0.03955930121029373,0
0.0900187,0.071443945,3.1863804,0.21251032107442694,0.3797571916312722,0
0.16857386,0.08516693,1.2410351,0.17422600296404359,0.16889128130809383,0
0.00018514611,0.004484902,5.0,0.0004443088958102947,0.07450884249289508,0
0.0035905407,0.014483934,2.8955724,0.003548885930582454,0.06320479634626043,0
0.44859442,0.12703636,1.4017876,0.224567493054225,0.2834421369131225,0
0.0008822187,0.005245075,3.5703135,0.012443002943679688,0.07497958330568513,0
0.29563034,0.07660894,1.3781686,0.10532241681073005,0.10118943277959497,0
0.41415352,0.12613395,2.8853023,0.2544268356463011,0.4778388106689376,0
0.029897245,0.031061325,1.4773772,0.04841787855653566,0.06220731911697308,0
0.6050629,0.050889518,1.4187855,0.7466446448999138,0.9880987285370788,0
0.15289943,0.022441931,5.0,0.0756394268101649,0.1491508546933035,0
3.2994112e-06,0.0001367542,4.071054,0.008309143468845497,0.07541552182801599,0
0.014269493,0.03352679,1.3604609,0.3170476767887249,0.4893223641028497,0
0.3697894,0.14471695,1.4376737,0.6174088419260416,0.9581274346137175,0
0.9993461,0.0045561423,0.9717145,0.9998191500206801,0.998552019017408,1
0.00080524536,0.0026561867,1.1640056,0.00040969148622636885,0.02992781077703963,0
0.092664465,0.11389571,1.8463167,0.106073743781022,0.12996383868537448,0
2.0738145e-05,0.00047944186,5.0,0.006454592893009344,0.0787903601869129,0
0.657804,0.15499884,1.1453301,0.34516143207527406,0.5218600651645857,0
0.011198847,0.026111357,4.2937,0.11443916575419893,0.19905678973617957,0
0.043296773,0.060163904,2.3991084,0.0029117529997293346,0.05768947447795216,0
0.9995672,0.03415249,1.6432062,0.9985868499772484,0.9992104087390848,1
0.00013472504,0.0060342797,1.0639402,0.0003462321241509427,0.026706388582034814,0
0.5458258,0.12184824,2.6325493,0.2213049597003314,0.3831764564082167,0
0.28862992,0.10796465,1.2422503,0.4067144643214558,0.6898687518090447,0
0.017707089,0.017853737,1.6606642,0.3082386450267571,0.5139562610924375,0
0.05134495,0.043980457,5.0,0.04465019112877621,0.1136055161044647,0
0.118659586,0.11569433,1.3450605,0.028226289891601045,0.0477832789756422,0
0.13721731,0.05899077,1.2375269,0.09275262123483732,0.08017655126267635,0
0.97625524,0.07131871,0.9476583,0.999222608238844,0.9985141942831326,1
0.6393652,0.044342536,1.0565499,0.6194298517727547,0.9405882973566386,0
0.17132482,0.026554886,5.0,0.009251265930958666,0.0816152117907466,0
0.7012042,0.051185455,1.7844012,0.8701952524773363,0.997260864203331,1
0.00018902587,0.0018268485,1.9201264,0.00042159047334144867,0.04802512104681386,0
0.0031458864,0.015297616,4.0031857,0.0029045468055126393,0.07152225073472279,0
0.00052276044,0.0025538728,1.7282009,0.000980844295428741,0.04457567928020929,0
0.94122684,0.025932917,1.2585295,0.9854194534201,0.9988124111171551,1
0.6336505,0.15761659,4.032563,0.8850975081187716,0.9985476964458001,0
0.00067372964,0.12213632,1.2333888,0.21842635744912192,0.24239976622378753,0
0.33599108,0.09157135,1.3985004,0.35680560874028994,0.6021932412750653,0
0.7597851,0.101967484,0.98164135,0.6638512857039945,0.9581210083948527,0
0.6877632,0.11456242,0.9894271,0.7573823627922216,0.983751926308913,0
0.022659762,0.025082748,2.388576,0.11192158038236734,0.1560082136806627,0
0.33792204,0.07764627,5.0,0.5295473283417611,0.9493516661202942,0
0.02823629,0.056954984,1.4656786,0.020429184403154534,0.04739379079205683,0
0.0030785322,0.013661886,2.0338302,0.007737941572527359,0.05385374539996339,0
8.985543e-06,0.0011058942,3.1521306,0.0015687957762255246,0.0642063578460063,0
0.44499084,0.17001475,3.062244,0.057398529055138085,0.11232529961779368,0
0.81442684,0.07104994,2.0276997,0.9655234958873291,0.9990702785505835,1
0.8168181,0.0655742,1.2133929,0.979297629813156,0.9986923593179604,1
0.7498902,0.04438864,1.0555772,0.6229067825323373,0.9425639590584084,0
0.08434935,0.08445566,1.8866974,0.029485664931174795,0.06428124179385922,0
0.9346053,0.12201818,1.6337025,0.9489744704182348,0.9987114187688756,1
0.82596225,0.06409275,1.824652,0.47820887097048836,0.8700444388332151,0
0.8138653,0.1965009,5.0,0.9813830185743684,0.9995015485004091,1
0.17632857,0.03387103,5.0,0.8027666806393106,0.9967243647089871,0
1.5356743e-05,0.0042736474,1.1314224,0.00024083759691615015,0.028864691954675083,0
0.71765924,0.059768658,1.1033945,0.8750736163564266,0.9957097183032132,1
0.38767838,0.0960766,1.6477016,0.47684178954711176,0.858711924363901,0
0.016328713,0.03357959,1.538797,0.020738913578050973,0.04940337567070833,0
0.72597456,0.044999857,1.1083326,0.9370177378069009,0.9977264381113967,1
1.729443e-05,0.00080760405,1.4242371,0.001798491139100798,0.03781016459302254,0
0.88154763,0.04488121,1.3896943,0.9645938052619111,0.9986876194656715,1
0.12870751,0.10107755,3.295491,0.03325071469316456,0.09072975157138664,0
0.49481988,0.09964218,1.1413366,0.39464141776221323,0.6393966095415002,0
0.041849483,0.055517763,1.2129962,0.011838451096782096,0.03572040103669806,0
0.001341871,0.009094169,4.8850207,0.0002921736704883258,0.07402038970606027,0
0.4289335,0.14490229,1.0847237,0.021819855105079083,0.03540558345616642,0
0.5313832,0.092433386,2.1265016,0.12230557652595966,0.16369063839073092,0
0.48326826,0.059984103,1.5434893,0.9043796216842074,0.9978067076134035,1
0.1196831,0.0648791,2.1597693,0.2475083003611136,0.41337268601234534,0
0.095821455,0.0876216,1.3790541,0.04354548167593267,0.056437688826870495,0
0.9745976,0.020926857,1.1954088,0.9815591402540751,0.9986856815184083,1
2.1302572e-05,0.0029999206,5.0,0.005152883000105376,0.07787740299647387,0
0.11467863,0.07936895,1.3832271,0.06050295775285548,0.06651443309047653,0
0.24144214,0.07903326,5.0,0.2116129080445641,0.4182240394991163,0
0.00017819024,0.002889891,1.5032744,0.0004058453629041606,0.03929172706444556,0
0.47462186,0.09087116,2.225349,0.37219196610612487,0.7231999835538127,0
0.000109083885,0.0011981811,5.0,0.009670123965993718,0.08123198742824335,0
6.137584e-05,0.0027825583,5.0,0.0002063972161618878,0.0743080626429082,0
0.41978937,0.09018764,1.9075507,0.7269333450608063,0.9888818944445148,0
0.004036672,0.008425588,4.17247,0.004928983339914413,0.07378536500867432,0
0.56765854,0.09729072,1.2943724,0.2060631007538075,0.2297169403742002,0
0.00019174277,0.011799834,1.9073223,0.007963827423332785,0.051574069821568196,0
0.081661284,0.06792193,5.0,0.004627323772127563,0.07887532254150215,0
0.8506849,0.07162862,1.1554819,0.9617332018022859,0.9983415613981999,1
0.0022113812,0.011443125,1.3656834,0.0076618098708931374,0.03852017840371848,0
0.11389721,0.20679961,4.079592,0.0034785914995160276,0.07613960822328261,0
0.018504225,0.067093946,1.3600934,0.009644135489544216,0.03971053686426866,0
6.737557e-06,0.013963641,5.0,0.0011906674780158685,0.07522154444924475,0
0.10931567,0.07528735,2.5918067,0.07284145978777405,0.11649555323106967,0
0.9965294,0.018548649,0.92674387,0.9997976643618425,0.9984487862789401,1
0.48134857,0.144125,1.1952701,0.265397722499851,0.33563834330660874,0
2.1619591e-05,0.0014834363,1.8446013,0.0002140870278667097,0.04652852207820488,0
0.10593975,0.07871409,4.3144827,0.04608550075324872,0.11150179784526984,0
0.31778055,0.15429726,1.2150811,0.5712962276922976,0.9223138718389492,0
0.71658146,0.08907303,1.9650654,0.933135971980287,0.9986794967143008,1
7.1768645e-06,0.0015561165,1.2097015,0.0002877047956460945,0.03128093719426551,0
0.99972373,0.0024400929,1.0716819,0.9998325619409141,0.9987398526823867,1
0.00048065424,0.04068868,2.9946299,0.0033595156573523618,0.06451536765984638,0
0.9062398,0.08762242,1.3620553,0.9776852094947813,0.998841935869915,1
0.9268901,0.027330728,1.3081145,0.9630297730734471,0.9985705705283804,1
0.3062452,0.06710031,5.0,0.3269020422656165,0.700491419318811,0
6.031327e-06,0.00039396324,2.399149,0.01664258756511839,0.06478515424074834,0
0.026703035,0.04623628,1.2683192,0.4228563442980908,0.7247765333298434,0
0.6145597,0.053491514,1.195173,0.9333133387533212,0.9978546343663398,1
1.4851321e-05,0.00041750446,2.4706898,0.00587165754623133,0.059379734554809854,0
0.007216791,0.022717942,1.6273756,0.00401696605320321,0.043929193721910384,0
0.061508313,0.0777957,1.4519813,0.16110153484398723,0.173446343253832,0
4.9004397e-05,0.004324035,5.0,0.0024339860875264097,0.07592467065208941,0
0.0131032895,0.02402234,5.0,0.006365452932960601,0.07921402073159375,0
0.8426832,0.0694589,1.1907603,0.828429734175543,0.9937563867454601,1
0.19954301,0.06587202,1.4876983,0.7233468991637371,0.985604092672496,0
0.28925708,0.09834531,1.6014471,0.6670038620773394,0.976530044675515,0
0.5473435,0.05210305,1.0265052,0.8063117462399821,0.9904238590263486,1
0.52812177,0.06596818,1.8085679,0.5438797084866038,0.92851212461489,0
0.014424487,0.029515468,1.1821793,0.020886010690077457,0.03762432026431947,0
1.1977418e-05,0.00038411867,2.0241408,0.005269485187191571,0.05222290639799387,0
2.3298904e-05,0.0026946159,1.2723534,0.0005208306977215865,0.03321180992139286,0
0.3321902,0.12080905,1.3264194,0.10118940035208321,0.09493587704575067,0
7.371924e-05,0.0032985858,1.032519,9.975076761064882e-05,0.025564323389883778,0
0.025492681,0.033319116,5.0,0.023710688471925128,0.09342946342881651,0
0.5300904,0.07389649,1.0235647,0.8689885049124422,0.9949499218051896,0
0.3977678,0.109040454,5.0,0.8773694577859222,0.9985091223740392,1
0.005343033,0.06634503,5.0,0.000416641603911187,0.07569068187484525,0
0.92580706,0.055089004,1.2562027,0.905378255499295,0.9973211687508029,1
0.4979367,0.05276124,1.4275637,0.13702491992383842,0.13867213208129758,0
0.24552906,0.0815881,1.2036078,0.4228960639723001,0.7150237984219188,0
0.00041768313,0.0037706003,5.0,0.028796750962049616,0.09718638499236526,0
4.898298e-06,0.006148237,1.1295029,0.0070771894320788625,0.030846165640561647,0
0.0334617,0.037531666,3.0044348,0.013149422126909211,0.07092151704341153,0
0.65076965,0.063788556,1.0526285,0.7515521835124879,0.9839710649325542,1
0.08675765,0.09370791,1.2743168,0.05199656047502385,0.05652127845628203,0
0.030895121,0.05127644,1.3278437,0.024596623601758644,0.04468093808783592,0
0.99920493,0.0029153884,0.9080473,0.9997492224593337,0.9983902220314929,1
0.3991051,0.12516794,1.2083523,0.16069975242159604,0.14810092141716252,0
0.5840603,0.072572626,1.2906916,0.8882504183727786,0.9969059077576723,0
0.8155823,0.18735881,1.116458,0.9331577245180396,0.9977509130284833,0
0.0077433153,0.03188402,1.2983114,0.007292602505020129,0.036595248581975964,0
9.83664e-06,0.00080703764,1.1750801,0.001845845186543542,0.030691112079472664,0
0.00035260615,0.006789621,1.3777846,0.00042771056374629475,0.036143748638592155,0
0.012779866,0.024790378,5.0,0.06016544558033141,0.12997082815367453,0
0.5721113,0.05463019,1.6580808,0.8835164696388562,0.9974549749340541,1
0.1764178,0.1115212,1.3576553,0.15605256708103826,0.1581889273287389,0
0.0027291141,0.0064050388,3.0199974,0.020213920434124857,0.07538423923331064,0
0.02684868,0.030965917,5.0,0.08355482464353642,0.1598323668941503,0
5.3094616e-05,0.00029461624,1.3545822,0.0004804481637706506,0.035475721893788593,0
0.51312184,0.06315302,1.0611407,0.8153509403092143,0.9916770582048354,1
5.7785624e-06,0.00022132405,1.6055475,0.005444063988207857,0.04376659739022018,0
0.49922693,0.06298661,1.7411896,0.7560658891144645,0.9910526288113684,1
0.57904893,0.054849118,1.2333035,0.4283212548409067,0.7314063500996913,1
0.7581501,0.16805801,1.4842566,0.2783241485895189,0.42484122886888526,0
0.10769226,0.071270175,5.0,0.5471727996739272,0.957166384798394,1
0.0021643518,0.009245499,3.7153823,0.042445242154969205,0.10083928230202507,0
0.17530474,0.027713474,5.0,0.02068598120029044,0.09087684034725563,0
8.861393e-06,0.00092629716,5.0,0.0065451378925056045,0.07886680185565312,0
0.51247066,0.12895063,0.9890935,0.13545126611103459,0.09341884618412048,0
0.9476261,0.041072253,2.0474052,0.9866591306511777,0.9992515817338737,1
0.14814477,0.08413597,1.1882174,0.024697528385934246,0.03994949234343007,0
0.23068203,0.13063565,1.8218275,0.023988042334390523,0.06025725473666437,0
0.0017098474,0.025983874,3.7137868,0.00024515262723736963,0.06810604521377144,0
0.8704489,0.08120707,1.6309112,0.9522851625245479,0.9987371225832986,1
0.30026087,0.08649525,1.287798,0.07001997170586319,0.06803483293859243,0
0.9988607,0.005455462,1.0006032,0.9998884292263902,0.9986144760180959,1
0.39863473,0.10610881,1.0910946,0.05604526797918306,0.04939281934734332,0
0.5509571,0.0866578,1.3379823,0.8679838851888821,0.9963546048268528,1
7.038449e-05,0.0036186008,2.6338053,0.0003062123807908728,0.05828738452556493,0
0.39124885,0.115689434,5.0,0.7977433163837208,0.9966391637575466,0
0.14438203,0.07564125,1.1818873,0.13551967035840382,0.11384984008368987,0
0.7669724,0.07033587,1.7424212,0.26273625790870464,0.41466437347154333,0
0.9999571,0.00080429815,1.014674,0.9998810216622903,0.9986402377958143,1
0.8034909,0.04047466,1.4264853,0.30300146995765703,0.4689208191880388,0
0.24177715,0.08825143,1.177067,0.07673324790043858,0.0656834226125713,0
0.013572315,0.018135322,5.0,0.04408573496917598,0.11225260640347455,0
0.4466142,0.1300754,3.27483,0.0063472384370428575,0.0710316949854561,0
0.26695806,0.24350855,3.7229264,0.0032960225716812943,0.07449011339266742,0
4.8540962e-05,0.00064680504,1.3971261,0.0004252378780562067,0.036594756122115296,0
0.0013244975,0.0067839986,1.3395755,0.013515821162406363,0.039951190064834385,0
2.4330047e-06,0.0026261497,1.9034878,0.007405059309106624,0.05109572298550226,0
0.3646727,0.22269808,1.265247,0.034498602444053,0.04913477107635926,0
0.15324564,0.084801,1.5348053,0.08140283891871204,0.08937012395196302,0
0.7168837,0.14100741,1.1341504,0.006208952552554814,0.03218274841660088,0
0.95370317,0.042315368,1.4532411,0.9784204181883849,0.9989120831090152,1
0.18446964,0.108954236,5.0,0.17426625361688658,0.3306027036347677,0
5.1172035e-05,0.0010425992,5.0,0.02071746293712783,0.09009358844526419,0
0.00057315483,0.00819321,2.165688,0.01959999796802983,0.06282443800536423,0
5.156329e-06,0.0006650214,1.1914945,0.00013047136996077475,0.03067378965350201,0
0.09208443,0.092319585,2.788693,0.13192240915213946,0.20163080485799836,0
0.6938091,0.1369912,5.0,0.9317673118618741,0.9991560188693374,1
0.0007401782,0.0055909837,1.8711351,0.01683424214371742,0.05534179735768936,0
0.19249663,0.11066436,1.28664,0.4513057870630511,0.7852521486385801,0
0.501249,0.06007269,1.4113368,0.25030483801446574,0.33750006426955365,0
0.11261625,0.0729708,1.3669157,0.030027130625010372,0.04887638539667152,0
0.18290846,0.20919791,1.1643817,0.009346013855858022,0.0346724861367049,0
0.7814997,0.09362028,0.9652891,0.02038177843714761,0.02945881535680802,0
0.51311105,0.0900517,1.1910121,0.21603186968509794,0.23006483839286684,0
0.64041674,0.06764283,1.5639689,0.7972328622187433,0.9935559814136228,1
0.7012886,0.04665131,1.1322017,0.9114450319881463,0.9971274934913817,1
1.0808187e-05,0.0005588415,3.9774692,0.00020933849840606807,0.06928854050471485,0
6.877339e-06,0.032487758,1.0260546,3.7141979686010866e-05,0.025529826982014288,0
0.4915661,0.14167938,1.574224,0.8666296753987147,0.9969033629824883,1
0.00068783475,0.020489145,5.0,0.0026582198226148997,0.0764038373792677,0
0.104503065,0.07409226,1.2443042,0.047093935864542434,0.05225421687424676,0
1.6290069e-05,0.015244632,5.0,0.02450210719103903,0.09366100381673907,0
0.27485672,0.10352176,1.0647674,0.03868896502860563,0.04028583806764033,0
0.00026272133,0.0041006813,2.1311338,0.0008380686734700428,0.05181180400860448,0
0.03645487,0.03207393,5.0,0.03724582330555301,0.10584787862855732,0
0.017838243,0.04415276,1.6474009,0.03144338974929189,0.05830163810653177,0
0.58141,0.07168857,1.6215358,0.8558841891976595,0.9965737248950532,0
0.0013697898,0.017867321,3.2077394,0.0032092919284192685,0.06600205006764646,0
0.16822758,0.15139955,1.5007617,0.5322495165673609,0.9087737596668948,0
0.043861892,0.03794637,1.9855001,0.04083389011338815,0.07331510506482009,0
0.3766641,0.078759015,1.1966467,0.24048733908404307,0.27758723178182865,0
1.3218272e-05,0.0018101113,2.6369658,0.007059770968158598,0.06221594331890895,0
0.44888163,0.09827636,1.2197918,0.5414217174881786,0.8964798348061216,0
0.00014581099,0.015360036,5.0,0.0016737135391425954,0.0755941218522097,0
0.65792704,0.10410786,1.9404265,0.8725589439383276,0.9975305016970826,1
0.6433716,0.12486732,1.695364,0.962173848215921,0.998906655899711,1
0.2865569,0.096908666,1.4422485,0.1335917367726679,0.13683733728509456,1
0.7579914,0.09279768,1.3870872,0.9374537562693781,0.9982839130394568,1
0.9998621,0.00093795644,0.8432655,0.9997651615602978,0.9981792066450308,1
0.045308966,0.054257106,1.2748032,0.5093780510262669,0.8657353996591931,0
1.17209365e-05,0.0013420696,1.0847915,0.00010324581636707904,0.02729665986437366,0
0.12120344,0.081505746,1.18192,0.01776833616022641,0.03703895486106022,0
0.0042282576,0.011938041,1.1855044,0.010316161375965529,0.03383888338372835,0
0.0015554205,0.011583715,5.0,0.004493436291521066,0.07756558475346231,0
0.08074304,0.0648957,2.6968074,0.048927809961688884,0.09511756596158959,0
0.48119903,0.08269322,1.6863152,0.25896771993495665,0.398525360900177,0
0.49372658,0.15266508,1.1441035,0.8107224264067785,0.9922857522638956,0
0.3784188,0.114118434,1.5935482,0.7717827088742576,0.9918679214362562,0
0.04249189,0.028434005,5.0,0.06224058064295451,0.13255951368689872,0
2.4439729e-05,0.0013157205,2.37133,0.00020933849840606807,0.05493755426562437,0
6.907305e-06,0.0003979066,1.4977992,0.00018288720804367206,0.03904641899069658,0
0.97623205,0.025931329,0.9338645,0.9998386233863704,0.9984705625846989,1
0.93298084,0.06680537,1.1260073,0.9972867397643446,0.9988088271157296,1
5.3980704e-05,0.008796519,2.695256,0.004652160357567736,0.06158786744748406,0
0.58939916,0.10943536,1.9704951,0.9584087394973935,0.9989866896215364,1
2.336176e-05,0.014783663,5.0,0.018525320342852192,0.0885762761251083,0
8.263589e-05,0.00087175885,5.0,0.0040668950760472606,0.07703940012420003,0
0.07839047,0.16522396,2.2118175,0.23740344751799772,0.39880827678768316,0
